-- Seed: Supply Yard demo (canonical in repo)
INSERT INTO vendors (id, name, contact_name, email, phone, address, organization_id, created_at) VALUES ('019d44b8-a75b-70ec-908b-56d412a7f883', 'Emery Jensen Distribution', 'Pat Emery', 'orders@emeryjensen.com', '555-0101', '2400 Industrial Pkwy, Elkhart IN', '0195f2c0-89aa-7d6d-bb34-7f3b3f69c001', '2025-09-18T12:00:00+00:00') ON CONFLICT DO NOTHING;
INSERT INTO vendors (id, name, contact_name, email, phone, address, organization_id, created_at) VALUES ('019d44b8-a75c-723f-88a7-9a3384248fec', 'Sherwin-Williams', 'Alex Rivera', 'pro@sherwin.com', '555-0102', '101 W Prospect Ave, Cleveland OH', '0195f2c0-89aa-7d6d-bb34-7f3b3f69c001', '2025-09-18T12:00:00+00:00') ON CONFLICT DO NOTHING;
INSERT INTO vendors (id, name, contact_name, email, phone, address, organization_id, created_at) VALUES ('019d44b8-a75d-797f-b080-92952df9dd7d', 'The Home Depot Pro', 'Jordan Lee', 'pro-desk@homedepot.com', '555-0103', '2455 Paces Ferry Rd, Atlanta GA', '0195f2c0-89aa-7d6d-bb34-7f3b3f69c001', '2025-09-18T12:00:00+00:00') ON CONFLICT DO NOTHING;
INSERT INTO vendors (id, name, contact_name, email, phone, address, organization_id, created_at) VALUES ('019d44b8-a75e-7e51-a4a8-ada7a8577352', 'Amazon Business', '', 'business@amazon.com', '', '', '0195f2c0-89aa-7d6d-bb34-7f3b3f69c001', '2025-09-18T12:00:00+00:00') ON CONFLICT DO NOTHING;
INSERT INTO vendors (id, name, contact_name, email, phone, address, organization_id, created_at) VALUES ('019d44b8-a75f-7d6d-8699-790992bf8baf', 'Deck Expressions', 'Tom Nguyen', 'tom@deckexpressions.com', '555-0105', '834 Lumber Ln, Portland OR', '0195f2c0-89aa-7d6d-bb34-7f3b3f69c001', '2025-09-18T12:00:00+00:00') ON CONFLICT DO NOTHING;
INSERT INTO billing_entities (id, name, contact_name, contact_email, billing_address, payment_terms, is_active, organization_id, created_at, updated_at) VALUES ('019d44b8-a760-70e2-9605-0382b069f081', 'Riva Ridge Property Mgmt', 'Mike Torres', 'mike@rivridge.com', '1200 Mountain View Dr, Ste 400, Vail CO 81657', 'net_30', TRUE, '0195f2c0-89aa-7d6d-bb34-7f3b3f69c001', '2025-11-17T12:00:00+00:00', '2025-11-17T12:00:00+00:00') ON CONFLICT (organization_id, name) DO NOTHING;
INSERT INTO billing_entities (id, name, contact_name, contact_email, billing_address, payment_terms, is_active, organization_id, created_at, updated_at) VALUES ('019d44b8-a761-7c4f-9c24-903f9ce5bb58', 'Summit Property Group', 'Sarah Okafor', 'sarah@summitpm.com', '890 Summit Blvd, Ste 12, Aspen CO 81611', 'net_30', TRUE, '0195f2c0-89aa-7d6d-bb34-7f3b3f69c001', '2025-11-17T12:00:00+00:00', '2025-11-17T12:00:00+00:00') ON CONFLICT (organization_id, name) DO NOTHING;
INSERT INTO billing_entities (id, name, contact_name, contact_email, billing_address, payment_terms, is_active, organization_id, created_at, updated_at) VALUES ('019d44b8-a762-7a2d-9b45-2efbbe71b591', 'Coastal Living Rentals', 'Jenna Park', 'jenna@coastalrentals.com', '45 Ocean Ave, Ste 3, Monterey CA 93940', 'net_15', TRUE, '0195f2c0-89aa-7d6d-bb34-7f3b3f69c001', '2025-11-17T12:00:00+00:00', '2025-11-17T12:00:00+00:00') ON CONFLICT (organization_id, name) DO NOTHING;
INSERT INTO jobs (id, code, name, billing_entity_id, status, service_address, organization_id, created_at, updated_at) VALUES ('019d44b8-a763-757a-9d68-a576ca2044c3', 'RR-2026-001', 'Riva Ridge Unit 4A Kitchen Remodel', '019d44b8-a760-70e2-9605-0382b069f081', 'active', '1200 Mountain View Dr, Unit 4A, Vail CO', '0195f2c0-89aa-7d6d-bb34-7f3b3f69c001', '2026-02-15T12:00:00+00:00', '2026-02-15T12:00:00+00:00') ON CONFLICT (organization_id, code) DO NOTHING;
INSERT INTO jobs (id, code, name, billing_entity_id, status, service_address, organization_id, created_at, updated_at) VALUES ('019d44b8-a764-790e-9e4f-1522500c711c', 'RR-2026-002', 'Riva Ridge Unit 7B Bathroom Renovation', '019d44b8-a760-70e2-9605-0382b069f081', 'active', '1200 Mountain View Dr, Unit 7B, Vail CO', '0195f2c0-89aa-7d6d-bb34-7f3b3f69c001', '2026-02-15T12:00:00+00:00', '2026-02-15T12:00:00+00:00') ON CONFLICT (organization_id, code) DO NOTHING;
INSERT INTO jobs (id, code, name, billing_entity_id, status, service_address, organization_id, created_at, updated_at) VALUES ('019d44b8-a765-7004-bd89-45d62b4b5145', 'SP-2026-001', 'Summit Pines Deck Replacement', '019d44b8-a761-7c4f-9c24-903f9ce5bb58', 'active', '345 Pine Ridge Rd, Aspen CO', '0195f2c0-89aa-7d6d-bb34-7f3b3f69c001', '2026-02-15T12:00:00+00:00', '2026-02-15T12:00:00+00:00') ON CONFLICT (organization_id, code) DO NOTHING;
INSERT INTO jobs (id, code, name, billing_entity_id, status, service_address, organization_id, created_at, updated_at) VALUES ('019d44b8-a766-7da5-aa54-bbf9123fca37', 'SP-2026-002', 'Summit Pines Electrical Upgrade', '019d44b8-a761-7c4f-9c24-903f9ce5bb58', 'active', '345 Pine Ridge Rd, Aspen CO', '0195f2c0-89aa-7d6d-bb34-7f3b3f69c001', '2026-02-15T12:00:00+00:00', '2026-02-15T12:00:00+00:00') ON CONFLICT (organization_id, code) DO NOTHING;
INSERT INTO jobs (id, code, name, billing_entity_id, status, service_address, organization_id, created_at, updated_at) VALUES ('019d44b8-a767-7e29-81b0-f2a67a8712ed', 'CL-2026-001', 'Coastal Exterior Repaint', '019d44b8-a762-7a2d-9b45-2efbbe71b591', 'active', '45 Ocean Ave, Monterey CA', '0195f2c0-89aa-7d6d-bb34-7f3b3f69c001', '2026-02-15T12:00:00+00:00', '2026-02-15T12:00:00+00:00') ON CONFLICT (organization_id, code) DO NOTHING;
INSERT INTO addresses (id, label, line1, line2, city, state, postal_code, country, billing_entity_id, job_id, organization_id, created_at) VALUES ('019d44b8-a768-7a8d-9ec1-2012bd55128e', 'Riva Ridge Office', '1200 Mountain View Dr', 'Ste 400', 'Vail', 'CO', '81657', 'US', '019d44b8-a760-70e2-9605-0382b069f081', NULL, '0195f2c0-89aa-7d6d-bb34-7f3b3f69c001', '2025-11-17T12:00:00+00:00') ON CONFLICT DO NOTHING;
INSERT INTO addresses (id, label, line1, line2, city, state, postal_code, country, billing_entity_id, job_id, organization_id, created_at) VALUES ('019d44b8-a769-714d-969c-199618340c87', 'Summit Property Office', '890 Summit Blvd', 'Ste 12', 'Aspen', 'CO', '81611', 'US', '019d44b8-a761-7c4f-9c24-903f9ce5bb58', NULL, '0195f2c0-89aa-7d6d-bb34-7f3b3f69c001', '2025-11-17T12:00:00+00:00') ON CONFLICT DO NOTHING;
INSERT INTO addresses (id, label, line1, line2, city, state, postal_code, country, billing_entity_id, job_id, organization_id, created_at) VALUES ('019d44b8-a76a-75eb-80e6-c25408abd45c', 'Coastal Rentals', '45 Ocean Ave', 'Ste 3', 'Monterey', 'CA', '93940', 'US', '019d44b8-a762-7a2d-9b45-2efbbe71b591', NULL, '0195f2c0-89aa-7d6d-bb34-7f3b3f69c001', '2025-11-17T12:00:00+00:00') ON CONFLICT DO NOTHING;
INSERT INTO addresses (id, label, line1, line2, city, state, postal_code, country, billing_entity_id, job_id, organization_id, created_at) VALUES ('019d44b8-a76b-7aec-8769-e8a9f07a1f89', 'Kitchen Remodel Site', '1200 Mountain View Dr', 'Unit 4A', 'Vail', 'CO', '81657', 'US', NULL, '019d44b8-a763-757a-9d68-a576ca2044c3', '0195f2c0-89aa-7d6d-bb34-7f3b3f69c001', '2025-11-17T12:00:00+00:00') ON CONFLICT DO NOTHING;
INSERT INTO addresses (id, label, line1, line2, city, state, postal_code, country, billing_entity_id, job_id, organization_id, created_at) VALUES ('019d44b8-a76c-7035-b20a-b290ac6927a9', 'Deck Replacement Site', '345 Pine Ridge Rd', '', 'Aspen', 'CO', '81611', 'US', NULL, '019d44b8-a765-7004-bd89-45d62b4b5145', '0195f2c0-89aa-7d6d-bb34-7f3b3f69c001', '2025-11-17T12:00:00+00:00') ON CONFLICT DO NOTHING;
INSERT INTO products (id, name, description, category_id, category_name, sku_count, organization_id, created_at, updated_at) VALUES ('019d44b8-a76d-769b-ac55-363d8ad0d5f9', 'PEX Tubing', '', '019d44b8-a74f-776a-b4a6-21c6217a4a1b', 'PLP', 3, '0195f2c0-89aa-7d6d-bb34-7f3b3f69c001', '2025-09-18T12:00:00+00:00', '2025-09-18T12:00:00+00:00') ON CONFLICT DO NOTHING;
INSERT INTO products (id, name, description, category_id, category_name, sku_count, organization_id, created_at, updated_at) VALUES ('019d44b8-a76e-7e8c-a80e-8ba1411b632c', 'SharkBite Push Fittings', '', '019d44b8-a74b-7bb6-9585-97be7bd339db', 'PLF', 3, '0195f2c0-89aa-7d6d-bb34-7f3b3f69c001', '2025-09-18T12:00:00+00:00', '2025-09-18T12:00:00+00:00') ON CONFLICT DO NOTHING;
INSERT INTO products (id, name, description, category_id, category_name, sku_count, organization_id, created_at, updated_at) VALUES ('019d44b8-a76f-7ef7-81af-d46564114d83', 'Romex NM-B Wire', '', '019d44b8-a730-7cdc-ae0f-a1bd8ad14c75', 'ELW', 2, '0195f2c0-89aa-7d6d-bb34-7f3b3f69c001', '2025-09-18T12:00:00+00:00', '2025-09-18T12:00:00+00:00') ON CONFLICT DO NOTHING;
INSERT INTO products (id, name, description, category_id, category_name, sku_count, organization_id, created_at, updated_at) VALUES ('019d44b8-a770-7b98-ab93-d72359f3eeb4', 'Leviton Decora Switch', '', '019d44b8-a72e-7116-9d56-8c3cf43640a4', 'ELE', 2, '0195f2c0-89aa-7d6d-bb34-7f3b3f69c001', '2025-09-18T12:00:00+00:00', '2025-09-18T12:00:00+00:00') ON CONFLICT DO NOTHING;
INSERT INTO products (id, name, description, category_id, category_name, sku_count, organization_id, created_at, updated_at) VALUES ('019d44b8-a771-7052-abf1-70a471d88bd9', 'Leviton GFCI Outlet', '', '019d44b8-a72e-7116-9d56-8c3cf43640a4', 'ELE', 1, '0195f2c0-89aa-7d6d-bb34-7f3b3f69c001', '2025-09-18T12:00:00+00:00', '2025-09-18T12:00:00+00:00') ON CONFLICT DO NOTHING;
INSERT INTO products (id, name, description, category_id, category_name, sku_count, organization_id, created_at, updated_at) VALUES ('019d44b8-a772-708b-82a0-a1d1411d3b1d', 'Sherwin-Williams SuperPaint', '', '019d44b8-a748-7a11-b8de-afdf8526f3f8', 'PNT', 3, '0195f2c0-89aa-7d6d-bb34-7f3b3f69c001', '2025-09-18T12:00:00+00:00', '2025-09-18T12:00:00+00:00') ON CONFLICT DO NOTHING;
INSERT INTO products (id, name, description, category_id, category_name, sku_count, organization_id, created_at, updated_at) VALUES ('019d44b8-a773-775d-92ed-b398a6afb307', 'Paint Rollers', '', '019d44b8-a749-7e32-b4ee-f334023bb50e', 'PNS', 2, '0195f2c0-89aa-7d6d-bb34-7f3b3f69c001', '2025-09-18T12:00:00+00:00', '2025-09-18T12:00:00+00:00') ON CONFLICT DO NOTHING;
INSERT INTO products (id, name, description, category_id, category_name, sku_count, organization_id, created_at, updated_at) VALUES ('019d44b8-a774-73f6-8a2f-e975272e664b', 'Drywall Sheet', '', '019d44b8-a726-7a5a-9b9b-6eaa79b5dc32', 'BLD', 2, '0195f2c0-89aa-7d6d-bb34-7f3b3f69c001', '2025-09-18T12:00:00+00:00', '2025-09-18T12:00:00+00:00') ON CONFLICT DO NOTHING;
INSERT INTO products (id, name, description, category_id, category_name, sku_count, organization_id, created_at, updated_at) VALUES ('019d44b8-a775-749c-bb11-766cb477a6ed', 'Concrete Mix', '', '019d44b8-a729-7d38-bff7-d8b9feeda671', 'CON', 2, '0195f2c0-89aa-7d6d-bb34-7f3b3f69c001', '2025-09-18T12:00:00+00:00', '2025-09-18T12:00:00+00:00') ON CONFLICT DO NOTHING;
INSERT INTO products (id, name, description, category_id, category_name, sku_count, organization_id, created_at, updated_at) VALUES ('019d44b8-a776-73de-b0c1-c7c533006196', 'Dimensional Lumber', '', '019d44b8-a743-7310-8e3c-4891222c0547', 'LUM', 3, '0195f2c0-89aa-7d6d-bb34-7f3b3f69c001', '2025-09-18T12:00:00+00:00', '2025-09-18T12:00:00+00:00') ON CONFLICT DO NOTHING;
INSERT INTO products (id, name, description, category_id, category_name, sku_count, organization_id, created_at, updated_at) VALUES ('019d44b8-a777-7834-b623-0bb273135aa0', 'Pressure Treated Deck Boards', '', '019d44b8-a743-7310-8e3c-4891222c0547', 'LUM', 2, '0195f2c0-89aa-7d6d-bb34-7f3b3f69c001', '2025-09-18T12:00:00+00:00', '2025-09-18T12:00:00+00:00') ON CONFLICT DO NOTHING;
INSERT INTO products (id, name, description, category_id, category_name, sku_count, organization_id, created_at, updated_at) VALUES ('019d44b8-a778-70ae-b219-5c82f27c3eb4', 'Deck Screws', '', '019d44b8-a732-7d55-99ca-e88e7d9cfff9', 'FAS', 2, '0195f2c0-89aa-7d6d-bb34-7f3b3f69c001', '2025-09-18T12:00:00+00:00', '2025-09-18T12:00:00+00:00') ON CONFLICT DO NOTHING;
INSERT INTO products (id, name, description, category_id, category_name, sku_count, organization_id, created_at, updated_at) VALUES ('019d44b8-a779-70bb-a8d7-e2713025f300', 'Drywall Screws', '', '019d44b8-a732-7d55-99ca-e88e7d9cfff9', 'FAS', 1, '0195f2c0-89aa-7d6d-bb34-7f3b3f69c001', '2025-09-18T12:00:00+00:00', '2025-09-18T12:00:00+00:00') ON CONFLICT DO NOTHING;
INSERT INTO products (id, name, description, category_id, category_name, sku_count, organization_id, created_at, updated_at) VALUES ('019d44b8-a77a-7397-b697-17b3561fd730', 'Furnace Filters', '', '019d44b8-a736-7ca3-86f8-c0284fbe7abc', 'HVF', 2, '0195f2c0-89aa-7d6d-bb34-7f3b3f69c001', '2025-09-18T12:00:00+00:00', '2025-09-18T12:00:00+00:00') ON CONFLICT DO NOTHING;
INSERT INTO products (id, name, description, category_id, category_name, sku_count, organization_id, created_at, updated_at) VALUES ('019d44b8-a77b-7510-bc70-c70880f983c5', 'Construction Adhesive', '', '019d44b8-a721-7faf-90dc-a4ed72cae0db', 'ADH', 2, '0195f2c0-89aa-7d6d-bb34-7f3b3f69c001', '2025-09-18T12:00:00+00:00', '2025-09-18T12:00:00+00:00') ON CONFLICT DO NOTHING;
INSERT INTO products (id, name, description, category_id, category_name, sku_count, organization_id, created_at, updated_at) VALUES ('019d44b8-a77c-79b3-82dd-f7a2e91d559c', 'Joint Compound', '', '019d44b8-a72c-7566-9ec2-a10e1d2c6ad2', 'DRM', 1, '0195f2c0-89aa-7d6d-bb34-7f3b3f69c001', '2025-09-18T12:00:00+00:00', '2025-09-18T12:00:00+00:00') ON CONFLICT DO NOTHING;
INSERT INTO products (id, name, description, category_id, category_name, sku_count, organization_id, created_at, updated_at) VALUES ('019d44b8-a77d-706a-be06-8476bcea14b5', 'Drywall Tape', '', '019d44b8-a72d-7da6-8804-c4ae1793f177', 'DRS', 1, '0195f2c0-89aa-7d6d-bb34-7f3b3f69c001', '2025-09-18T12:00:00+00:00', '2025-09-18T12:00:00+00:00') ON CONFLICT DO NOTHING;
INSERT INTO products (id, name, description, category_id, category_name, sku_count, organization_id, created_at, updated_at) VALUES ('019d44b8-a77e-73a9-a66a-c10a85f41fee', 'Smoke Detectors', '', '019d44b8-a756-7b9d-bba8-5c651594541c', 'SAF', 1, '0195f2c0-89aa-7d6d-bb34-7f3b3f69c001', '2025-09-18T12:00:00+00:00', '2025-09-18T12:00:00+00:00') ON CONFLICT DO NOTHING;
INSERT INTO products (id, name, description, category_id, category_name, sku_count, organization_id, created_at, updated_at) VALUES ('019d44b8-a77f-7819-86e1-32ce3d29b6bf', 'Roofing Shingles', '', '019d44b8-a755-7a3a-863a-543671330854', 'ROF', 1, '0195f2c0-89aa-7d6d-bb34-7f3b3f69c001', '2025-09-18T12:00:00+00:00', '2025-09-18T12:00:00+00:00') ON CONFLICT DO NOTHING;
INSERT INTO products (id, name, description, category_id, category_name, sku_count, organization_id, created_at, updated_at) VALUES ('019d44b8-a780-7590-a69d-c355e07c3337', 'Hammers', '', '019d44b8-a738-7c4f-af2e-2423aae0e417', 'HTL', 1, '0195f2c0-89aa-7d6d-bb34-7f3b3f69c001', '2025-09-18T12:00:00+00:00', '2025-09-18T12:00:00+00:00') ON CONFLICT DO NOTHING;
INSERT INTO products (id, name, description, category_id, category_name, sku_count, organization_id, created_at, updated_at) VALUES ('019d44b8-a781-7cdb-b6c7-98787ea4421a', 'Cleanup Supplies', '', '019d44b8-a728-7782-afba-cf7126d05aac', 'CLN', 1, '0195f2c0-89aa-7d6d-bb34-7f3b3f69c001', '2025-09-18T12:00:00+00:00', '2025-09-18T12:00:00+00:00') ON CONFLICT DO NOTHING;
INSERT INTO products (id, name, description, category_id, category_name, sku_count, organization_id, created_at, updated_at) VALUES ('019d44b8-a782-7624-b51f-543b5a955413', 'Deadbolts', '', '019d44b8-a741-71e4-bd09-92e7b3df8b7a', 'LOK', 2, '0195f2c0-89aa-7d6d-bb34-7f3b3f69c001', '2025-09-18T12:00:00+00:00', '2025-09-18T12:00:00+00:00') ON CONFLICT DO NOTHING;
INSERT INTO products (id, name, description, category_id, category_name, sku_count, organization_id, created_at, updated_at) VALUES ('019d44b8-a783-7d65-87e1-263027a3a262', 'Fiberglass Insulation', '', '019d44b8-a73c-7b42-8bb9-ab95e45af743', 'INS', 1, '0195f2c0-89aa-7d6d-bb34-7f3b3f69c001', '2025-09-18T12:00:00+00:00', '2025-09-18T12:00:00+00:00') ON CONFLICT DO NOTHING;
INSERT INTO products (id, name, description, category_id, category_name, sku_count, organization_id, created_at, updated_at) VALUES ('019d44b8-a784-78ee-85a7-538408084fa8', 'LVP Flooring', '', '019d44b8-a733-7413-980f-e5744c8c7d7e', 'FLO', 1, '0195f2c0-89aa-7d6d-bb34-7f3b3f69c001', '2025-09-18T12:00:00+00:00', '2025-09-18T12:00:00+00:00') ON CONFLICT DO NOTHING;
INSERT INTO sku_counters (organization_id, product_family_id, counter) VALUES ('0195f2c0-89aa-7d6d-bb34-7f3b3f69c001', '019d44b8-a76d-769b-ac55-363d8ad0d5f9', 3) ON CONFLICT (organization_id, product_family_id) DO UPDATE SET counter = EXCLUDED.counter;
INSERT INTO sku_counters (organization_id, product_family_id, counter) VALUES ('0195f2c0-89aa-7d6d-bb34-7f3b3f69c001', '019d44b8-a76e-7e8c-a80e-8ba1411b632c', 3) ON CONFLICT (organization_id, product_family_id) DO UPDATE SET counter = EXCLUDED.counter;
INSERT INTO sku_counters (organization_id, product_family_id, counter) VALUES ('0195f2c0-89aa-7d6d-bb34-7f3b3f69c001', '019d44b8-a76f-7ef7-81af-d46564114d83', 2) ON CONFLICT (organization_id, product_family_id) DO UPDATE SET counter = EXCLUDED.counter;
INSERT INTO sku_counters (organization_id, product_family_id, counter) VALUES ('0195f2c0-89aa-7d6d-bb34-7f3b3f69c001', '019d44b8-a770-7b98-ab93-d72359f3eeb4', 2) ON CONFLICT (organization_id, product_family_id) DO UPDATE SET counter = EXCLUDED.counter;
INSERT INTO sku_counters (organization_id, product_family_id, counter) VALUES ('0195f2c0-89aa-7d6d-bb34-7f3b3f69c001', '019d44b8-a771-7052-abf1-70a471d88bd9', 1) ON CONFLICT (organization_id, product_family_id) DO UPDATE SET counter = EXCLUDED.counter;
INSERT INTO sku_counters (organization_id, product_family_id, counter) VALUES ('0195f2c0-89aa-7d6d-bb34-7f3b3f69c001', '019d44b8-a772-708b-82a0-a1d1411d3b1d', 3) ON CONFLICT (organization_id, product_family_id) DO UPDATE SET counter = EXCLUDED.counter;
INSERT INTO sku_counters (organization_id, product_family_id, counter) VALUES ('0195f2c0-89aa-7d6d-bb34-7f3b3f69c001', '019d44b8-a773-775d-92ed-b398a6afb307', 2) ON CONFLICT (organization_id, product_family_id) DO UPDATE SET counter = EXCLUDED.counter;
INSERT INTO sku_counters (organization_id, product_family_id, counter) VALUES ('0195f2c0-89aa-7d6d-bb34-7f3b3f69c001', '019d44b8-a774-73f6-8a2f-e975272e664b', 2) ON CONFLICT (organization_id, product_family_id) DO UPDATE SET counter = EXCLUDED.counter;
INSERT INTO sku_counters (organization_id, product_family_id, counter) VALUES ('0195f2c0-89aa-7d6d-bb34-7f3b3f69c001', '019d44b8-a775-749c-bb11-766cb477a6ed', 2) ON CONFLICT (organization_id, product_family_id) DO UPDATE SET counter = EXCLUDED.counter;
INSERT INTO sku_counters (organization_id, product_family_id, counter) VALUES ('0195f2c0-89aa-7d6d-bb34-7f3b3f69c001', '019d44b8-a776-73de-b0c1-c7c533006196', 3) ON CONFLICT (organization_id, product_family_id) DO UPDATE SET counter = EXCLUDED.counter;
INSERT INTO sku_counters (organization_id, product_family_id, counter) VALUES ('0195f2c0-89aa-7d6d-bb34-7f3b3f69c001', '019d44b8-a777-7834-b623-0bb273135aa0', 2) ON CONFLICT (organization_id, product_family_id) DO UPDATE SET counter = EXCLUDED.counter;
INSERT INTO sku_counters (organization_id, product_family_id, counter) VALUES ('0195f2c0-89aa-7d6d-bb34-7f3b3f69c001', '019d44b8-a778-70ae-b219-5c82f27c3eb4', 2) ON CONFLICT (organization_id, product_family_id) DO UPDATE SET counter = EXCLUDED.counter;
INSERT INTO sku_counters (organization_id, product_family_id, counter) VALUES ('0195f2c0-89aa-7d6d-bb34-7f3b3f69c001', '019d44b8-a779-70bb-a8d7-e2713025f300', 1) ON CONFLICT (organization_id, product_family_id) DO UPDATE SET counter = EXCLUDED.counter;
INSERT INTO sku_counters (organization_id, product_family_id, counter) VALUES ('0195f2c0-89aa-7d6d-bb34-7f3b3f69c001', '019d44b8-a77a-7397-b697-17b3561fd730', 2) ON CONFLICT (organization_id, product_family_id) DO UPDATE SET counter = EXCLUDED.counter;
INSERT INTO sku_counters (organization_id, product_family_id, counter) VALUES ('0195f2c0-89aa-7d6d-bb34-7f3b3f69c001', '019d44b8-a77b-7510-bc70-c70880f983c5', 2) ON CONFLICT (organization_id, product_family_id) DO UPDATE SET counter = EXCLUDED.counter;
INSERT INTO sku_counters (organization_id, product_family_id, counter) VALUES ('0195f2c0-89aa-7d6d-bb34-7f3b3f69c001', '019d44b8-a77c-79b3-82dd-f7a2e91d559c', 1) ON CONFLICT (organization_id, product_family_id) DO UPDATE SET counter = EXCLUDED.counter;
INSERT INTO sku_counters (organization_id, product_family_id, counter) VALUES ('0195f2c0-89aa-7d6d-bb34-7f3b3f69c001', '019d44b8-a77d-706a-be06-8476bcea14b5', 1) ON CONFLICT (organization_id, product_family_id) DO UPDATE SET counter = EXCLUDED.counter;
INSERT INTO sku_counters (organization_id, product_family_id, counter) VALUES ('0195f2c0-89aa-7d6d-bb34-7f3b3f69c001', '019d44b8-a77e-73a9-a66a-c10a85f41fee', 1) ON CONFLICT (organization_id, product_family_id) DO UPDATE SET counter = EXCLUDED.counter;
INSERT INTO sku_counters (organization_id, product_family_id, counter) VALUES ('0195f2c0-89aa-7d6d-bb34-7f3b3f69c001', '019d44b8-a77f-7819-86e1-32ce3d29b6bf', 1) ON CONFLICT (organization_id, product_family_id) DO UPDATE SET counter = EXCLUDED.counter;
INSERT INTO sku_counters (organization_id, product_family_id, counter) VALUES ('0195f2c0-89aa-7d6d-bb34-7f3b3f69c001', '019d44b8-a780-7590-a69d-c355e07c3337', 1) ON CONFLICT (organization_id, product_family_id) DO UPDATE SET counter = EXCLUDED.counter;
INSERT INTO sku_counters (organization_id, product_family_id, counter) VALUES ('0195f2c0-89aa-7d6d-bb34-7f3b3f69c001', '019d44b8-a781-7cdb-b6c7-98787ea4421a', 1) ON CONFLICT (organization_id, product_family_id) DO UPDATE SET counter = EXCLUDED.counter;
INSERT INTO sku_counters (organization_id, product_family_id, counter) VALUES ('0195f2c0-89aa-7d6d-bb34-7f3b3f69c001', '019d44b8-a782-7624-b51f-543b5a955413', 2) ON CONFLICT (organization_id, product_family_id) DO UPDATE SET counter = EXCLUDED.counter;
INSERT INTO sku_counters (organization_id, product_family_id, counter) VALUES ('0195f2c0-89aa-7d6d-bb34-7f3b3f69c001', '019d44b8-a783-7d65-87e1-263027a3a262', 1) ON CONFLICT (organization_id, product_family_id) DO UPDATE SET counter = EXCLUDED.counter;
INSERT INTO sku_counters (organization_id, product_family_id, counter) VALUES ('0195f2c0-89aa-7d6d-bb34-7f3b3f69c001', '019d44b8-a784-78ee-85a7-538408084fa8', 1) ON CONFLICT (organization_id, product_family_id) DO UPDATE SET counter = EXCLUDED.counter;
INSERT INTO skus (id, sku, product_family_id, name, description, price, cost, quantity, min_stock, category_id, category_name, barcode, base_unit, sell_uom, pack_qty, purchase_uom, purchase_pack_qty, variant_label, spec, grade, variant_attrs, organization_id, created_at, updated_at) VALUES ('019d44b8-a785-7a3d-b9cb-a92eca93dc25', 'PLP-PEXTUBE-01', '019d44b8-a76d-769b-ac55-363d8ad0d5f9', 'PEX-A Tubing 1/2" x 100ft Red', '', 42.99, 24.5, 15, 5, '019d44b8-a74f-776a-b4a6-21c6217a4a1b', 'PLP', '0012345000011', 'foot', '100ft_coil', 1, 'each', 1, '', '', '', '{"diameter": "1/2\"", "color": "red", "length": "100ft"}', '0195f2c0-89aa-7d6d-bb34-7f3b3f69c001', '2025-09-18T12:00:00+00:00', '2026-03-16T12:00:00+00:00') ON CONFLICT DO NOTHING;
INSERT INTO skus (id, sku, product_family_id, name, description, price, cost, quantity, min_stock, category_id, category_name, barcode, base_unit, sell_uom, pack_qty, purchase_uom, purchase_pack_qty, variant_label, spec, grade, variant_attrs, organization_id, created_at, updated_at) VALUES ('019d44b8-a786-7c90-a7ff-0b31fb5d31ce', 'PLP-PEXTUBE-02', '019d44b8-a76d-769b-ac55-363d8ad0d5f9', 'PEX-A Tubing 1/2" x 100ft Blue', '', 42.99, 24.5, 12, 5, '019d44b8-a74f-776a-b4a6-21c6217a4a1b', 'PLP', '0012345000012', 'foot', '100ft_coil', 1, 'each', 1, '', '', '', '{"diameter": "1/2\"", "color": "blue", "length": "100ft"}', '0195f2c0-89aa-7d6d-bb34-7f3b3f69c001', '2025-09-18T12:00:00+00:00', '2026-03-16T12:00:00+00:00') ON CONFLICT DO NOTHING;
INSERT INTO skus (id, sku, product_family_id, name, description, price, cost, quantity, min_stock, category_id, category_name, barcode, base_unit, sell_uom, pack_qty, purchase_uom, purchase_pack_qty, variant_label, spec, grade, variant_attrs, organization_id, created_at, updated_at) VALUES ('019d44b8-a787-7008-9a0b-24d0cee4a5b5', 'PLP-PEXTUBE-03', '019d44b8-a76d-769b-ac55-363d8ad0d5f9', 'PEX-A Tubing 3/4" x 100ft Red', '', 64.99, 38.0, 8, 5, '019d44b8-a74f-776a-b4a6-21c6217a4a1b', 'PLP', '0012345000013', 'foot', '100ft_coil', 1, 'each', 1, '', '', '', '{"diameter": "3/4\"", "color": "red", "length": "100ft"}', '0195f2c0-89aa-7d6d-bb34-7f3b3f69c001', '2025-09-18T12:00:00+00:00', '2026-03-16T12:00:00+00:00') ON CONFLICT DO NOTHING;
INSERT INTO skus (id, sku, product_family_id, name, description, price, cost, quantity, min_stock, category_id, category_name, barcode, base_unit, sell_uom, pack_qty, purchase_uom, purchase_pack_qty, variant_label, spec, grade, variant_attrs, organization_id, created_at, updated_at) VALUES ('019d44b8-a788-7ac5-95d5-3ea294f8ba15', 'PLF-SHRKBT90-01', '019d44b8-a76e-7e8c-a80e-8ba1411b632c', 'SharkBite 1/2" 90-Degree Elbow', '', 8.49, 4.8, 45, 5, '019d44b8-a74b-7bb6-9585-97be7bd339db', 'PLF', '0012345000021', 'each', 'each', 1, 'each', 1, '', '', '', '{"size": "1/2\"", "type": "90-elbow"}', '0195f2c0-89aa-7d6d-bb34-7f3b3f69c001', '2025-09-18T12:00:00+00:00', '2026-03-16T12:00:00+00:00') ON CONFLICT DO NOTHING;
INSERT INTO skus (id, sku, product_family_id, name, description, price, cost, quantity, min_stock, category_id, category_name, barcode, base_unit, sell_uom, pack_qty, purchase_uom, purchase_pack_qty, variant_label, spec, grade, variant_attrs, organization_id, created_at, updated_at) VALUES ('019d44b8-a789-7386-b894-74c1b583b830', 'PLF-SHRKBTT-01', '019d44b8-a76e-7e8c-a80e-8ba1411b632c', 'SharkBite 1/2" Tee', '', 9.99, 5.6, 38, 5, '019d44b8-a74b-7bb6-9585-97be7bd339db', 'PLF', '0012345000022', 'each', 'each', 1, 'each', 1, '', '', '', '{"size": "1/2\"", "type": "tee"}', '0195f2c0-89aa-7d6d-bb34-7f3b3f69c001', '2025-09-18T12:00:00+00:00', '2026-03-16T12:00:00+00:00') ON CONFLICT DO NOTHING;
INSERT INTO skus (id, sku, product_family_id, name, description, price, cost, quantity, min_stock, category_id, category_name, barcode, base_unit, sell_uom, pack_qty, purchase_uom, purchase_pack_qty, variant_label, spec, grade, variant_attrs, organization_id, created_at, updated_at) VALUES ('019d44b8-a78a-7a63-bb94-942bc04aa3c7', 'PLF-SHRKBTCP-01', '019d44b8-a76e-7e8c-a80e-8ba1411b632c', 'SharkBite 1/2" Coupling', '', 5.99, 3.4, 60, 5, '019d44b8-a74b-7bb6-9585-97be7bd339db', 'PLF', '0012345000023', 'each', 'each', 1, 'each', 1, '', '', '', '{"size": "1/2\"", "type": "coupling"}', '0195f2c0-89aa-7d6d-bb34-7f3b3f69c001', '2025-09-18T12:00:00+00:00', '2026-03-16T12:00:00+00:00') ON CONFLICT DO NOTHING;
INSERT INTO skus (id, sku, product_family_id, name, description, price, cost, quantity, min_stock, category_id, category_name, barcode, base_unit, sell_uom, pack_qty, purchase_uom, purchase_pack_qty, variant_label, spec, grade, variant_attrs, organization_id, created_at, updated_at) VALUES ('019d44b8-a78b-76d2-b04c-a87e30c645db', 'ELW-ROMEX14-01', '019d44b8-a76f-7ef7-81af-d46564114d83', 'Romex 14/2 NM-B 250ft', '', 89.99, 52.0, 6, 5, '019d44b8-a730-7cdc-ae0f-a1bd8ad14c75', 'ELW', '0012345000031', 'foot', '250ft_spool', 1, 'each', 1, '', '', '', '{"gauge": "14/2", "length": "250ft"}', '0195f2c0-89aa-7d6d-bb34-7f3b3f69c001', '2025-09-18T12:00:00+00:00', '2026-03-16T12:00:00+00:00') ON CONFLICT DO NOTHING;
INSERT INTO skus (id, sku, product_family_id, name, description, price, cost, quantity, min_stock, category_id, category_name, barcode, base_unit, sell_uom, pack_qty, purchase_uom, purchase_pack_qty, variant_label, spec, grade, variant_attrs, organization_id, created_at, updated_at) VALUES ('019d44b8-a78c-7d92-8415-6a822ca395cd', 'ELW-ROMEX12-01', '019d44b8-a76f-7ef7-81af-d46564114d83', 'Romex 12/2 NM-B 250ft', '', 119.99, 72.0, 4, 5, '019d44b8-a730-7cdc-ae0f-a1bd8ad14c75', 'ELW', '0012345000032', 'foot', '250ft_spool', 1, 'each', 1, '', '', '', '{"gauge": "12/2", "length": "250ft"}', '0195f2c0-89aa-7d6d-bb34-7f3b3f69c001', '2025-09-18T12:00:00+00:00', '2026-03-16T12:00:00+00:00') ON CONFLICT DO NOTHING;
INSERT INTO skus (id, sku, product_family_id, name, description, price, cost, quantity, min_stock, category_id, category_name, barcode, base_unit, sell_uom, pack_qty, purchase_uom, purchase_pack_qty, variant_label, spec, grade, variant_attrs, organization_id, created_at, updated_at) VALUES ('019d44b8-a78d-7890-92ba-f497c895db91', 'ELE-DECORASW-01', '019d44b8-a770-7b98-ab93-d72359f3eeb4', 'Leviton Decora 15A Switch White', '', 3.29, 1.6, 80, 5, '019d44b8-a72e-7116-9d56-8c3cf43640a4', 'ELE', '0012345000041', 'each', 'each', 1, 'each', 1, '', '', '', '{"amperage": "15A", "color": "white"}', '0195f2c0-89aa-7d6d-bb34-7f3b3f69c001', '2025-09-18T12:00:00+00:00', '2026-03-16T12:00:00+00:00') ON CONFLICT DO NOTHING;
INSERT INTO skus (id, sku, product_family_id, name, description, price, cost, quantity, min_stock, category_id, category_name, barcode, base_unit, sell_uom, pack_qty, purchase_uom, purchase_pack_qty, variant_label, spec, grade, variant_attrs, organization_id, created_at, updated_at) VALUES ('019d44b8-a78e-7cab-9eb6-a6687b270bf1', 'ELE-DECORASW-02', '019d44b8-a770-7b98-ab93-d72359f3eeb4', 'Leviton Decora 15A Switch Ivory', '', 3.29, 1.6, 40, 5, '019d44b8-a72e-7116-9d56-8c3cf43640a4', 'ELE', '0012345000042', 'each', 'each', 1, 'each', 1, '', '', '', '{"amperage": "15A", "color": "ivory"}', '0195f2c0-89aa-7d6d-bb34-7f3b3f69c001', '2025-09-18T12:00:00+00:00', '2026-03-16T12:00:00+00:00') ON CONFLICT DO NOTHING;
INSERT INTO skus (id, sku, product_family_id, name, description, price, cost, quantity, min_stock, category_id, category_name, barcode, base_unit, sell_uom, pack_qty, purchase_uom, purchase_pack_qty, variant_label, spec, grade, variant_attrs, organization_id, created_at, updated_at) VALUES ('019d44b8-a78f-74b3-b0f1-fa544af79335', 'ELE-GFCI15-01', '019d44b8-a771-7052-abf1-70a471d88bd9', 'Leviton GFCI 15A Outlet White', '', 18.99, 10.5, 25, 5, '019d44b8-a72e-7116-9d56-8c3cf43640a4', 'ELE', '0012345000051', 'each', 'each', 1, 'each', 1, '', '', '', '{"amperage": "15A", "color": "white"}', '0195f2c0-89aa-7d6d-bb34-7f3b3f69c001', '2025-09-18T12:00:00+00:00', '2026-03-16T12:00:00+00:00') ON CONFLICT DO NOTHING;
INSERT INTO skus (id, sku, product_family_id, name, description, price, cost, quantity, min_stock, category_id, category_name, barcode, base_unit, sell_uom, pack_qty, purchase_uom, purchase_pack_qty, variant_label, spec, grade, variant_attrs, organization_id, created_at, updated_at) VALUES ('019d44b8-a790-793a-803f-ff07eac683d7', 'PNT-SWSUPER-01', '019d44b8-a772-708b-82a0-a1d1411d3b1d', 'SW SuperPaint Interior Flat - Gallon', '', 52.99, 32.0, 20, 5, '019d44b8-a748-7a11-b8de-afdf8526f3f8', 'PNT', '0012345000061', 'gallon', 'gallon', 1, 'each', 1, '', '', '', '{"finish": "flat", "type": "interior"}', '0195f2c0-89aa-7d6d-bb34-7f3b3f69c001', '2025-09-18T12:00:00+00:00', '2026-03-16T12:00:00+00:00') ON CONFLICT DO NOTHING;
INSERT INTO skus (id, sku, product_family_id, name, description, price, cost, quantity, min_stock, category_id, category_name, barcode, base_unit, sell_uom, pack_qty, purchase_uom, purchase_pack_qty, variant_label, spec, grade, variant_attrs, organization_id, created_at, updated_at) VALUES ('019d44b8-a791-7408-85c0-0ebe8605f2f7', 'PNT-SWSUPER-02', '019d44b8-a772-708b-82a0-a1d1411d3b1d', 'SW SuperPaint Interior Satin - Gallon', '', 56.99, 34.0, 18, 5, '019d44b8-a748-7a11-b8de-afdf8526f3f8', 'PNT', '0012345000062', 'gallon', 'gallon', 1, 'each', 1, '', '', '', '{"finish": "satin", "type": "interior"}', '0195f2c0-89aa-7d6d-bb34-7f3b3f69c001', '2025-09-18T12:00:00+00:00', '2026-03-16T12:00:00+00:00') ON CONFLICT DO NOTHING;
INSERT INTO skus (id, sku, product_family_id, name, description, price, cost, quantity, min_stock, category_id, category_name, barcode, base_unit, sell_uom, pack_qty, purchase_uom, purchase_pack_qty, variant_label, spec, grade, variant_attrs, organization_id, created_at, updated_at) VALUES ('019d44b8-a792-7c4c-a156-b3576821f36e', 'PNT-SWSUPER-03', '019d44b8-a772-708b-82a0-a1d1411d3b1d', 'SW SuperPaint Exterior Flat - Gallon', '', 58.99, 36.0, 12, 5, '019d44b8-a748-7a11-b8de-afdf8526f3f8', 'PNT', '0012345000063', 'gallon', 'gallon', 1, 'each', 1, '', '', '', '{"finish": "flat", "type": "exterior"}', '0195f2c0-89aa-7d6d-bb34-7f3b3f69c001', '2025-09-18T12:00:00+00:00', '2026-03-16T12:00:00+00:00') ON CONFLICT DO NOTHING;
INSERT INTO skus (id, sku, product_family_id, name, description, price, cost, quantity, min_stock, category_id, category_name, barcode, base_unit, sell_uom, pack_qty, purchase_uom, purchase_pack_qty, variant_label, spec, grade, variant_attrs, organization_id, created_at, updated_at) VALUES ('019d44b8-a793-7705-9cb3-74987a65a553', 'PNS-ROLLER9-01', '019d44b8-a773-775d-92ed-b398a6afb307', 'Purdy White Dove 9" Roller Cover 3/8" Nap', '', 8.99, 4.2, 30, 5, '019d44b8-a749-7e32-b4ee-f334023bb50e', 'PNS', '0012345000071', 'each', 'each', 1, 'each', 1, '', '', '', '{"size": "9\"", "nap": "3/8\""}', '0195f2c0-89aa-7d6d-bb34-7f3b3f69c001', '2025-09-18T12:00:00+00:00', '2026-03-16T12:00:00+00:00') ON CONFLICT DO NOTHING;
INSERT INTO skus (id, sku, product_family_id, name, description, price, cost, quantity, min_stock, category_id, category_name, barcode, base_unit, sell_uom, pack_qty, purchase_uom, purchase_pack_qty, variant_label, spec, grade, variant_attrs, organization_id, created_at, updated_at) VALUES ('019d44b8-a794-739c-a07f-1073c4e845b2', 'PNS-ROLLER9-02', '019d44b8-a773-775d-92ed-b398a6afb307', 'Purdy White Dove 9" Roller Cover 1/2" Nap', '', 9.49, 4.5, 25, 5, '019d44b8-a749-7e32-b4ee-f334023bb50e', 'PNS', '0012345000072', 'each', 'each', 1, 'each', 1, '', '', '', '{"size": "9\"", "nap": "1/2\""}', '0195f2c0-89aa-7d6d-bb34-7f3b3f69c001', '2025-09-18T12:00:00+00:00', '2026-03-16T12:00:00+00:00') ON CONFLICT DO NOTHING;
INSERT INTO skus (id, sku, product_family_id, name, description, price, cost, quantity, min_stock, category_id, category_name, barcode, base_unit, sell_uom, pack_qty, purchase_uom, purchase_pack_qty, variant_label, spec, grade, variant_attrs, organization_id, created_at, updated_at) VALUES ('019d44b8-a795-719e-8df9-611ddaaf202b', 'BLD-DRYWALL-01', '019d44b8-a774-73f6-8a2f-e975272e664b', '1/2" x 4x8 Drywall Sheet', '', 14.99, 8.2, 40, 5, '019d44b8-a726-7a5a-9b9b-6eaa79b5dc32', 'BLD', '0012345000081', 'sheet', 'sheet', 1, 'each', 1, '', '', '', '{"thickness": "1/2\"", "size": "4x8"}', '0195f2c0-89aa-7d6d-bb34-7f3b3f69c001', '2025-09-18T12:00:00+00:00', '2026-03-16T12:00:00+00:00') ON CONFLICT DO NOTHING;
INSERT INTO skus (id, sku, product_family_id, name, description, price, cost, quantity, min_stock, category_id, category_name, barcode, base_unit, sell_uom, pack_qty, purchase_uom, purchase_pack_qty, variant_label, spec, grade, variant_attrs, organization_id, created_at, updated_at) VALUES ('019d44b8-a796-71ed-a728-5a23f8bee68a', 'BLD-DRYWALL-02', '019d44b8-a774-73f6-8a2f-e975272e664b', '5/8" x 4x8 Drywall Sheet', '', 17.49, 9.8, 25, 5, '019d44b8-a726-7a5a-9b9b-6eaa79b5dc32', 'BLD', '0012345000082', 'sheet', 'sheet', 1, 'each', 1, '', '', '', '{"thickness": "5/8\"", "size": "4x8"}', '0195f2c0-89aa-7d6d-bb34-7f3b3f69c001', '2025-09-18T12:00:00+00:00', '2026-03-16T12:00:00+00:00') ON CONFLICT DO NOTHING;
INSERT INTO skus (id, sku, product_family_id, name, description, price, cost, quantity, min_stock, category_id, category_name, barcode, base_unit, sell_uom, pack_qty, purchase_uom, purchase_pack_qty, variant_label, spec, grade, variant_attrs, organization_id, created_at, updated_at) VALUES ('019d44b8-a797-760c-9eb4-16ca477099c2', 'CON-QUIKSET-01', '019d44b8-a775-749c-bb11-766cb477a6ed', 'Quikrete Fast-Setting Concrete 50lb', '', 7.49, 4.1, 35, 5, '019d44b8-a729-7d38-bff7-d8b9feeda671', 'CON', '0012345000091', 'bag', 'bag', 1, 'each', 1, '', '', '', '{"weight": "50lb"}', '0195f2c0-89aa-7d6d-bb34-7f3b3f69c001', '2025-09-18T12:00:00+00:00', '2026-03-16T12:00:00+00:00') ON CONFLICT DO NOTHING;
INSERT INTO skus (id, sku, product_family_id, name, description, price, cost, quantity, min_stock, category_id, category_name, barcode, base_unit, sell_uom, pack_qty, purchase_uom, purchase_pack_qty, variant_label, spec, grade, variant_attrs, organization_id, created_at, updated_at) VALUES ('019d44b8-a798-7fa2-a6f6-d62229ac5582', 'CON-QUIKSET-02', '019d44b8-a775-749c-bb11-766cb477a6ed', 'Quikrete Fast-Setting Concrete 80lb', '', 9.99, 5.6, 20, 5, '019d44b8-a729-7d38-bff7-d8b9feeda671', 'CON', '0012345000092', 'bag', 'bag', 1, 'each', 1, '', '', '', '{"weight": "80lb"}', '0195f2c0-89aa-7d6d-bb34-7f3b3f69c001', '2025-09-18T12:00:00+00:00', '2026-03-16T12:00:00+00:00') ON CONFLICT DO NOTHING;
INSERT INTO skus (id, sku, product_family_id, name, description, price, cost, quantity, min_stock, category_id, category_name, barcode, base_unit, sell_uom, pack_qty, purchase_uom, purchase_pack_qty, variant_label, spec, grade, variant_attrs, organization_id, created_at, updated_at) VALUES ('019d44b8-a799-7a4d-b6db-c9cbad3f4dbe', 'LUM-STUDS2X4-01', '019d44b8-a776-73de-b0c1-c7c533006196', '2x4x8 SPF Stud', '', 4.29, 2.4, 120, 5, '019d44b8-a743-7310-8e3c-4891222c0547', 'LUM', '0012345000101', 'each', 'each', 1, 'each', 1, '', '', '', '{"size": "2x4", "length": "8ft"}', '0195f2c0-89aa-7d6d-bb34-7f3b3f69c001', '2025-09-18T12:00:00+00:00', '2026-03-16T12:00:00+00:00') ON CONFLICT DO NOTHING;
INSERT INTO skus (id, sku, product_family_id, name, description, price, cost, quantity, min_stock, category_id, category_name, barcode, base_unit, sell_uom, pack_qty, purchase_uom, purchase_pack_qty, variant_label, spec, grade, variant_attrs, organization_id, created_at, updated_at) VALUES ('019d44b8-a79a-775c-af88-6f9b6e71b2c3', 'LUM-STUDS2X4-02', '019d44b8-a776-73de-b0c1-c7c533006196', '2x4x10 SPF Stud', '', 5.99, 3.4, 60, 5, '019d44b8-a743-7310-8e3c-4891222c0547', 'LUM', '0012345000102', 'each', 'each', 1, 'each', 1, '', '', '', '{"size": "2x4", "length": "10ft"}', '0195f2c0-89aa-7d6d-bb34-7f3b3f69c001', '2025-09-18T12:00:00+00:00', '2026-03-16T12:00:00+00:00') ON CONFLICT DO NOTHING;
INSERT INTO skus (id, sku, product_family_id, name, description, price, cost, quantity, min_stock, category_id, category_name, barcode, base_unit, sell_uom, pack_qty, purchase_uom, purchase_pack_qty, variant_label, spec, grade, variant_attrs, organization_id, created_at, updated_at) VALUES ('019d44b8-a79b-7aaa-8f7d-0d1203f3ec9f', 'LUM-STUDS2X6-01', '019d44b8-a776-73de-b0c1-c7c533006196', '2x6x8 SPF', '', 6.99, 4.0, 50, 5, '019d44b8-a743-7310-8e3c-4891222c0547', 'LUM', '0012345000103', 'each', 'each', 1, 'each', 1, '', '', '', '{"size": "2x6", "length": "8ft"}', '0195f2c0-89aa-7d6d-bb34-7f3b3f69c001', '2025-09-18T12:00:00+00:00', '2026-03-16T12:00:00+00:00') ON CONFLICT DO NOTHING;
INSERT INTO skus (id, sku, product_family_id, name, description, price, cost, quantity, min_stock, category_id, category_name, barcode, base_unit, sell_uom, pack_qty, purchase_uom, purchase_pack_qty, variant_label, spec, grade, variant_attrs, organization_id, created_at, updated_at) VALUES ('019d44b8-a79c-7560-b1d1-5f8593cd4ead', 'LUM-PTDECK-01', '019d44b8-a777-7834-b623-0bb273135aa0', '5/4x6x12 PT Deck Board', '', 14.99, 8.8, 80, 5, '019d44b8-a743-7310-8e3c-4891222c0547', 'LUM', '0012345000111', 'each', 'each', 1, 'each', 1, '', '', '', '{"size": "5/4x6", "length": "12ft"}', '0195f2c0-89aa-7d6d-bb34-7f3b3f69c001', '2025-09-18T12:00:00+00:00', '2026-03-16T12:00:00+00:00') ON CONFLICT DO NOTHING;
INSERT INTO skus (id, sku, product_family_id, name, description, price, cost, quantity, min_stock, category_id, category_name, barcode, base_unit, sell_uom, pack_qty, purchase_uom, purchase_pack_qty, variant_label, spec, grade, variant_attrs, organization_id, created_at, updated_at) VALUES ('019d44b8-a79d-7428-a9d2-09ff452c773a', 'LUM-PTDECK-02', '019d44b8-a777-7834-b623-0bb273135aa0', '5/4x6x16 PT Deck Board', '', 19.99, 11.6, 40, 5, '019d44b8-a743-7310-8e3c-4891222c0547', 'LUM', '0012345000112', 'each', 'each', 1, 'each', 1, '', '', '', '{"size": "5/4x6", "length": "16ft"}', '0195f2c0-89aa-7d6d-bb34-7f3b3f69c001', '2025-09-18T12:00:00+00:00', '2026-03-16T12:00:00+00:00') ON CONFLICT DO NOTHING;
INSERT INTO skus (id, sku, product_family_id, name, description, price, cost, quantity, min_stock, category_id, category_name, barcode, base_unit, sell_uom, pack_qty, purchase_uom, purchase_pack_qty, variant_label, spec, grade, variant_attrs, organization_id, created_at, updated_at) VALUES ('019d44b8-a79e-74af-8ad6-84e89f820a2a', 'FAS-DECKSCR-01', '019d44b8-a778-70ae-b219-5c82f27c3eb4', 'GRK #8 x 2-1/2" Deck Screw 100pk', '', 14.99, 7.8, 50, 5, '019d44b8-a732-7d55-99ca-e88e7d9cfff9', 'FAS', '0012345000121', 'box', 'box', 1, 'each', 1, '', '', '', '{"size": "#8 x 2-1/2\"", "count": "100"}', '0195f2c0-89aa-7d6d-bb34-7f3b3f69c001', '2025-09-18T12:00:00+00:00', '2026-03-16T12:00:00+00:00') ON CONFLICT DO NOTHING;
INSERT INTO skus (id, sku, product_family_id, name, description, price, cost, quantity, min_stock, category_id, category_name, barcode, base_unit, sell_uom, pack_qty, purchase_uom, purchase_pack_qty, variant_label, spec, grade, variant_attrs, organization_id, created_at, updated_at) VALUES ('019d44b8-a79f-7f18-b48f-d52efc1d6004', 'FAS-DECKSCR-02', '019d44b8-a778-70ae-b219-5c82f27c3eb4', 'GRK #8 x 3" Deck Screw 100pk', '', 16.49, 8.6, 35, 5, '019d44b8-a732-7d55-99ca-e88e7d9cfff9', 'FAS', '0012345000122', 'box', 'box', 1, 'each', 1, '', '', '', '{"size": "#8 x 3\"", "count": "100"}', '0195f2c0-89aa-7d6d-bb34-7f3b3f69c001', '2025-09-18T12:00:00+00:00', '2026-03-16T12:00:00+00:00') ON CONFLICT DO NOTHING;
INSERT INTO skus (id, sku, product_family_id, name, description, price, cost, quantity, min_stock, category_id, category_name, barcode, base_unit, sell_uom, pack_qty, purchase_uom, purchase_pack_qty, variant_label, spec, grade, variant_attrs, organization_id, created_at, updated_at) VALUES ('019d44b8-a7a0-7e52-a540-00d541462ba5', 'FAS-DRYSCR-01', '019d44b8-a779-70bb-a8d7-e2713025f300', '#6 x 1-5/8" Drywall Screw 1lb', '', 5.99, 2.8, 40, 5, '019d44b8-a732-7d55-99ca-e88e7d9cfff9', 'FAS', '0012345000131', 'box', 'box', 1, 'each', 1, '', '', '', '{"size": "#6 x 1-5/8\"", "weight": "1lb"}', '0195f2c0-89aa-7d6d-bb34-7f3b3f69c001', '2025-09-18T12:00:00+00:00', '2026-03-16T12:00:00+00:00') ON CONFLICT DO NOTHING;
INSERT INTO skus (id, sku, product_family_id, name, description, price, cost, quantity, min_stock, category_id, category_name, barcode, base_unit, sell_uom, pack_qty, purchase_uom, purchase_pack_qty, variant_label, spec, grade, variant_attrs, organization_id, created_at, updated_at) VALUES ('019d44b8-a7a1-748a-b006-330b38add68e', 'HVF-FILTER16-01', '019d44b8-a77a-7397-b697-17b3561fd730', '16x20x1 MERV 8 Pleated Filter', '', 4.99, 2.2, 60, 5, '019d44b8-a736-7ca3-86f8-c0284fbe7abc', 'HVF', '0012345000141', 'each', 'each', 1, 'each', 1, '', '', '', '{"size": "16x20x1", "merv": "8"}', '0195f2c0-89aa-7d6d-bb34-7f3b3f69c001', '2025-09-18T12:00:00+00:00', '2026-03-16T12:00:00+00:00') ON CONFLICT DO NOTHING;
INSERT INTO skus (id, sku, product_family_id, name, description, price, cost, quantity, min_stock, category_id, category_name, barcode, base_unit, sell_uom, pack_qty, purchase_uom, purchase_pack_qty, variant_label, spec, grade, variant_attrs, organization_id, created_at, updated_at) VALUES ('019d44b8-a7a2-761d-abfb-c0b35880d7a0', 'HVF-FILTER20-01', '019d44b8-a77a-7397-b697-17b3561fd730', '20x25x1 MERV 11 Pleated Filter', '', 7.99, 3.8, 40, 5, '019d44b8-a736-7ca3-86f8-c0284fbe7abc', 'HVF', '0012345000142', 'each', 'each', 1, 'each', 1, '', '', '', '{"size": "20x25x1", "merv": "11"}', '0195f2c0-89aa-7d6d-bb34-7f3b3f69c001', '2025-09-18T12:00:00+00:00', '2026-03-16T12:00:00+00:00') ON CONFLICT DO NOTHING;
INSERT INTO skus (id, sku, product_family_id, name, description, price, cost, quantity, min_stock, category_id, category_name, barcode, base_unit, sell_uom, pack_qty, purchase_uom, purchase_pack_qty, variant_label, spec, grade, variant_attrs, organization_id, created_at, updated_at) VALUES ('019d44b8-a7a3-702d-a44d-44fb915418b4', 'ADH-LIQNAIL-01', '019d44b8-a77b-7510-bc70-c70880f983c5', 'Liquid Nails Heavy Duty 10oz', '', 5.49, 2.8, 35, 5, '019d44b8-a721-7faf-90dc-a4ed72cae0db', 'ADH', '0012345000151', 'tube', 'tube', 1, 'each', 1, '', '', '', '{"volume": "10oz"}', '0195f2c0-89aa-7d6d-bb34-7f3b3f69c001', '2025-09-18T12:00:00+00:00', '2026-03-16T12:00:00+00:00') ON CONFLICT DO NOTHING;
INSERT INTO skus (id, sku, product_family_id, name, description, price, cost, quantity, min_stock, category_id, category_name, barcode, base_unit, sell_uom, pack_qty, purchase_uom, purchase_pack_qty, variant_label, spec, grade, variant_attrs, organization_id, created_at, updated_at) VALUES ('019d44b8-a7a4-793d-a83e-ef30bda2c9b5', 'ADH-GORILL-01', '019d44b8-a77b-7510-bc70-c70880f983c5', 'Gorilla Construction Adhesive 9oz', '', 6.99, 3.6, 20, 5, '019d44b8-a721-7faf-90dc-a4ed72cae0db', 'ADH', '0012345000152', 'tube', 'tube', 1, 'each', 1, '', '', '', '{"volume": "9oz"}', '0195f2c0-89aa-7d6d-bb34-7f3b3f69c001', '2025-09-18T12:00:00+00:00', '2026-03-16T12:00:00+00:00') ON CONFLICT DO NOTHING;
INSERT INTO skus (id, sku, product_family_id, name, description, price, cost, quantity, min_stock, category_id, category_name, barcode, base_unit, sell_uom, pack_qty, purchase_uom, purchase_pack_qty, variant_label, spec, grade, variant_attrs, organization_id, created_at, updated_at) VALUES ('019d44b8-a7a5-7445-bf76-70a9334e7d3f', 'DRM-JNTCMPD-01', '019d44b8-a77c-79b3-82dd-f7a2e91d559c', 'USG Plus 3 Joint Compound 4.5gal', '', 18.99, 10.4, 15, 5, '019d44b8-a72c-7566-9ec2-a10e1d2c6ad2', 'DRM', '0012345000161', 'bucket', 'bucket', 1, 'each', 1, '', '', '', '{"weight": "4.5gal"}', '0195f2c0-89aa-7d6d-bb34-7f3b3f69c001', '2025-09-18T12:00:00+00:00', '2026-03-16T12:00:00+00:00') ON CONFLICT DO NOTHING;
INSERT INTO skus (id, sku, product_family_id, name, description, price, cost, quantity, min_stock, category_id, category_name, barcode, base_unit, sell_uom, pack_qty, purchase_uom, purchase_pack_qty, variant_label, spec, grade, variant_attrs, organization_id, created_at, updated_at) VALUES ('019d44b8-a7a6-7216-bb02-75a5c10a2c3a', 'DRS-DRYTAPE-01', '019d44b8-a77d-706a-be06-8476bcea14b5', 'FibaTape Mesh Drywall Tape 300ft', '', 6.99, 3.2, 25, 5, '019d44b8-a72d-7da6-8804-c4ae1793f177', 'DRS', '0012345000171', 'roll', 'roll', 1, 'each', 1, '', '', '', '{"length": "300ft"}', '0195f2c0-89aa-7d6d-bb34-7f3b3f69c001', '2025-09-18T12:00:00+00:00', '2026-03-16T12:00:00+00:00') ON CONFLICT DO NOTHING;
INSERT INTO skus (id, sku, product_family_id, name, description, price, cost, quantity, min_stock, category_id, category_name, barcode, base_unit, sell_uom, pack_qty, purchase_uom, purchase_pack_qty, variant_label, spec, grade, variant_attrs, organization_id, created_at, updated_at) VALUES ('019d44b8-a7a7-7ba3-886b-c436e1de3516', 'SAF-KIDDESM-01', '019d44b8-a77e-73a9-a66a-c10a85f41fee', 'Kidde Hardwired Smoke + CO Detector', '', 42.99, 28.0, 18, 5, '019d44b8-a756-7b9d-bba8-5c651594541c', 'SAF', '0012345000181', 'each', 'each', 1, 'each', 1, '', '', '', '{}', '0195f2c0-89aa-7d6d-bb34-7f3b3f69c001', '2025-09-18T12:00:00+00:00', '2026-03-16T12:00:00+00:00') ON CONFLICT DO NOTHING;
INSERT INTO skus (id, sku, product_family_id, name, description, price, cost, quantity, min_stock, category_id, category_name, barcode, base_unit, sell_uom, pack_qty, purchase_uom, purchase_pack_qty, variant_label, spec, grade, variant_attrs, organization_id, created_at, updated_at) VALUES ('019d44b8-a7a8-7e62-8786-7f484f0df26d', 'ROF-ARCHTAB-01', '019d44b8-a77f-7819-86e1-32ce3d29b6bf', 'GAF Timberline Architectural Shingle Bundle', '', 34.99, 22.0, 25, 5, '019d44b8-a755-7a3a-863a-543671330854', 'ROF', '0012345000191', 'bundle', 'bundle', 1, 'each', 1, '', '', '', '{"style": "architectural"}', '0195f2c0-89aa-7d6d-bb34-7f3b3f69c001', '2025-09-18T12:00:00+00:00', '2026-03-16T12:00:00+00:00') ON CONFLICT DO NOTHING;
INSERT INTO skus (id, sku, product_family_id, name, description, price, cost, quantity, min_stock, category_id, category_name, barcode, base_unit, sell_uom, pack_qty, purchase_uom, purchase_pack_qty, variant_label, spec, grade, variant_attrs, organization_id, created_at, updated_at) VALUES ('019d44b8-a7a9-7c13-88c7-9d3a0eecca0d', 'HTL-FRAMHAM-01', '019d44b8-a780-7590-a69d-c355e07c3337', 'Estwing 22oz Framing Hammer', '', 34.99, 19.0, 10, 5, '019d44b8-a738-7c4f-af2e-2423aae0e417', 'HTL', '0012345000201', 'each', 'each', 1, 'each', 1, '', '', '', '{"weight": "22oz"}', '0195f2c0-89aa-7d6d-bb34-7f3b3f69c001', '2025-09-18T12:00:00+00:00', '2026-03-16T12:00:00+00:00') ON CONFLICT DO NOTHING;
INSERT INTO skus (id, sku, product_family_id, name, description, price, cost, quantity, min_stock, category_id, category_name, barcode, base_unit, sell_uom, pack_qty, purchase_uom, purchase_pack_qty, variant_label, spec, grade, variant_attrs, organization_id, created_at, updated_at) VALUES ('019d44b8-a7aa-7de8-978a-af019d925c10', 'CLN-PREPWIPE-01', '019d44b8-a781-7cdb-b6c7-98787ea4421a', 'Sherwin-Williams Prep & Cleanup Wipes', '', 9.99, 5.2, 30, 5, '019d44b8-a728-7782-afba-cf7126d05aac', 'CLN', '0012345000211', 'pack', 'pack', 1, 'each', 1, '', '', '', '{}', '0195f2c0-89aa-7d6d-bb34-7f3b3f69c001', '2025-09-18T12:00:00+00:00', '2026-03-16T12:00:00+00:00') ON CONFLICT DO NOTHING;
INSERT INTO skus (id, sku, product_family_id, name, description, price, cost, quantity, min_stock, category_id, category_name, barcode, base_unit, sell_uom, pack_qty, purchase_uom, purchase_pack_qty, variant_label, spec, grade, variant_attrs, organization_id, created_at, updated_at) VALUES ('019d44b8-a7ab-7396-9073-7902de075deb', 'LOK-KWIKDBL-01', '019d44b8-a782-7624-b51f-543b5a955413', 'Kwikset Deadbolt Satin Nickel', '', 29.99, 16.0, 12, 5, '019d44b8-a741-71e4-bd09-92e7b3df8b7a', 'LOK', '0012345000221', 'each', 'each', 1, 'each', 1, '', '', '', '{"finish": "satin nickel"}', '0195f2c0-89aa-7d6d-bb34-7f3b3f69c001', '2025-09-18T12:00:00+00:00', '2026-03-16T12:00:00+00:00') ON CONFLICT DO NOTHING;
INSERT INTO skus (id, sku, product_family_id, name, description, price, cost, quantity, min_stock, category_id, category_name, barcode, base_unit, sell_uom, pack_qty, purchase_uom, purchase_pack_qty, variant_label, spec, grade, variant_attrs, organization_id, created_at, updated_at) VALUES ('019d44b8-a7ac-7d46-8785-8ef21687355a', 'LOK-KWIKDBL-02', '019d44b8-a782-7624-b51f-543b5a955413', 'Kwikset Deadbolt Oil-Rubbed Bronze', '', 32.99, 18.0, 8, 5, '019d44b8-a741-71e4-bd09-92e7b3df8b7a', 'LOK', '0012345000222', 'each', 'each', 1, 'each', 1, '', '', '', '{"finish": "oil-rubbed bronze"}', '0195f2c0-89aa-7d6d-bb34-7f3b3f69c001', '2025-09-18T12:00:00+00:00', '2026-03-16T12:00:00+00:00') ON CONFLICT DO NOTHING;
INSERT INTO skus (id, sku, product_family_id, name, description, price, cost, quantity, min_stock, category_id, category_name, barcode, base_unit, sell_uom, pack_qty, purchase_uom, purchase_pack_qty, variant_label, spec, grade, variant_attrs, organization_id, created_at, updated_at) VALUES ('019d44b8-a7ad-74d3-a6f6-2ebba4aa74f8', 'INS-OWENR15-01', '019d44b8-a783-7d65-87e1-263027a3a262', 'Owens Corning R-15 3.5" x 15" x 93" 8-pack', '', 49.99, 28.0, 20, 5, '019d44b8-a73c-7b42-8bb9-ab95e45af743', 'INS', '0012345000231', 'pack', 'pack', 1, 'each', 1, '', '', '', '{"r_value": "R-15"}', '0195f2c0-89aa-7d6d-bb34-7f3b3f69c001', '2025-09-18T12:00:00+00:00', '2026-03-16T12:00:00+00:00') ON CONFLICT DO NOTHING;
INSERT INTO skus (id, sku, product_family_id, name, description, price, cost, quantity, min_stock, category_id, category_name, barcode, base_unit, sell_uom, pack_qty, purchase_uom, purchase_pack_qty, variant_label, spec, grade, variant_attrs, organization_id, created_at, updated_at) VALUES ('019d44b8-a7ae-7dd7-ac0d-98afd0317b7e', 'FLO-LVPOAK-01', '019d44b8-a784-78ee-85a7-538408084fa8', 'LifeProof Sterling Oak LVP 20.06sqft', '', 42.99, 24.0, 30, 5, '019d44b8-a733-7413-980f-e5744c8c7d7e', 'FLO', '0012345000241', 'box', 'box', 1, 'each', 1, '', '', '', '{"style": "sterling oak", "sqft": "20.06"}', '0195f2c0-89aa-7d6d-bb34-7f3b3f69c001', '2025-09-18T12:00:00+00:00', '2026-03-16T12:00:00+00:00') ON CONFLICT DO NOTHING;
INSERT INTO vendor_items (id, vendor_id, sku_id, vendor_sku, vendor_name, purchase_uom, purchase_pack_qty, cost, lead_time_days, moq, is_preferred, organization_id, created_at, updated_at) VALUES ('019d44b8-a7af-773f-a6b1-881431d7a2da', '019d44b8-a75d-797f-b080-92952df9dd7d', '019d44b8-a785-7a3d-b9cb-a92eca93dc25', 'PLP-PEXTUBE-01', 'The Home Depot Pro', 'each', 1, 24.5, 5, 1, TRUE, '0195f2c0-89aa-7d6d-bb34-7f3b3f69c001', '2025-12-17T12:00:00+00:00', '2025-12-17T12:00:00+00:00') ON CONFLICT (vendor_id, sku_id) DO NOTHING;
INSERT INTO vendor_items (id, vendor_id, sku_id, vendor_sku, vendor_name, purchase_uom, purchase_pack_qty, cost, lead_time_days, moq, is_preferred, organization_id, created_at, updated_at) VALUES ('019d44b8-a7b0-7db3-ab76-f60eb11ba4fc', '019d44b8-a75d-797f-b080-92952df9dd7d', '019d44b8-a786-7c90-a7ff-0b31fb5d31ce', 'PLP-PEXTUBE-02', 'The Home Depot Pro', 'each', 1, 24.5, 5, 1, TRUE, '0195f2c0-89aa-7d6d-bb34-7f3b3f69c001', '2025-12-17T12:00:00+00:00', '2025-12-17T12:00:00+00:00') ON CONFLICT (vendor_id, sku_id) DO NOTHING;
INSERT INTO vendor_items (id, vendor_id, sku_id, vendor_sku, vendor_name, purchase_uom, purchase_pack_qty, cost, lead_time_days, moq, is_preferred, organization_id, created_at, updated_at) VALUES ('019d44b8-a7b1-707a-8d8c-37c28463c1f2', '019d44b8-a75d-797f-b080-92952df9dd7d', '019d44b8-a787-7008-9a0b-24d0cee4a5b5', 'PLP-PEXTUBE-03', 'The Home Depot Pro', 'each', 1, 38.0, 5, 1, TRUE, '0195f2c0-89aa-7d6d-bb34-7f3b3f69c001', '2025-12-17T12:00:00+00:00', '2025-12-17T12:00:00+00:00') ON CONFLICT (vendor_id, sku_id) DO NOTHING;
INSERT INTO vendor_items (id, vendor_id, sku_id, vendor_sku, vendor_name, purchase_uom, purchase_pack_qty, cost, lead_time_days, moq, is_preferred, organization_id, created_at, updated_at) VALUES ('019d44b8-a7b2-7d13-820d-7701f1c974db', '019d44b8-a75d-797f-b080-92952df9dd7d', '019d44b8-a788-7ac5-95d5-3ea294f8ba15', 'PLF-SHRKBT90-01', 'The Home Depot Pro', 'each', 1, 4.8, 5, 1, TRUE, '0195f2c0-89aa-7d6d-bb34-7f3b3f69c001', '2025-12-17T12:00:00+00:00', '2025-12-17T12:00:00+00:00') ON CONFLICT (vendor_id, sku_id) DO NOTHING;
INSERT INTO vendor_items (id, vendor_id, sku_id, vendor_sku, vendor_name, purchase_uom, purchase_pack_qty, cost, lead_time_days, moq, is_preferred, organization_id, created_at, updated_at) VALUES ('019d44b8-a7b3-70d4-8953-9c84316adc9e', '019d44b8-a75d-797f-b080-92952df9dd7d', '019d44b8-a789-7386-b894-74c1b583b830', 'PLF-SHRKBTT-01', 'The Home Depot Pro', 'each', 1, 5.6, 5, 1, TRUE, '0195f2c0-89aa-7d6d-bb34-7f3b3f69c001', '2025-12-17T12:00:00+00:00', '2025-12-17T12:00:00+00:00') ON CONFLICT (vendor_id, sku_id) DO NOTHING;
INSERT INTO vendor_items (id, vendor_id, sku_id, vendor_sku, vendor_name, purchase_uom, purchase_pack_qty, cost, lead_time_days, moq, is_preferred, organization_id, created_at, updated_at) VALUES ('019d44b8-a7b4-7aca-b3b4-50cb27f2b61c', '019d44b8-a75d-797f-b080-92952df9dd7d', '019d44b8-a78a-7a63-bb94-942bc04aa3c7', 'PLF-SHRKBTCP-01', 'The Home Depot Pro', 'each', 1, 3.4, 5, 1, TRUE, '0195f2c0-89aa-7d6d-bb34-7f3b3f69c001', '2025-12-17T12:00:00+00:00', '2025-12-17T12:00:00+00:00') ON CONFLICT (vendor_id, sku_id) DO NOTHING;
INSERT INTO vendor_items (id, vendor_id, sku_id, vendor_sku, vendor_name, purchase_uom, purchase_pack_qty, cost, lead_time_days, moq, is_preferred, organization_id, created_at, updated_at) VALUES ('019d44b8-a7b5-7fd2-ae24-343f7606f38a', '019d44b8-a75d-797f-b080-92952df9dd7d', '019d44b8-a78b-76d2-b04c-a87e30c645db', 'ELW-ROMEX14-01', 'The Home Depot Pro', 'each', 1, 52.0, 5, 1, TRUE, '0195f2c0-89aa-7d6d-bb34-7f3b3f69c001', '2025-12-17T12:00:00+00:00', '2025-12-17T12:00:00+00:00') ON CONFLICT (vendor_id, sku_id) DO NOTHING;
INSERT INTO vendor_items (id, vendor_id, sku_id, vendor_sku, vendor_name, purchase_uom, purchase_pack_qty, cost, lead_time_days, moq, is_preferred, organization_id, created_at, updated_at) VALUES ('019d44b8-a7b6-73df-81d3-1ecd9b9f5d92', '019d44b8-a75d-797f-b080-92952df9dd7d', '019d44b8-a78c-7d92-8415-6a822ca395cd', 'ELW-ROMEX12-01', 'The Home Depot Pro', 'each', 1, 72.0, 5, 1, TRUE, '0195f2c0-89aa-7d6d-bb34-7f3b3f69c001', '2025-12-17T12:00:00+00:00', '2025-12-17T12:00:00+00:00') ON CONFLICT (vendor_id, sku_id) DO NOTHING;
INSERT INTO vendor_items (id, vendor_id, sku_id, vendor_sku, vendor_name, purchase_uom, purchase_pack_qty, cost, lead_time_days, moq, is_preferred, organization_id, created_at, updated_at) VALUES ('019d44b8-a7b7-71f3-b206-a0e3e1e0223e', '019d44b8-a75d-797f-b080-92952df9dd7d', '019d44b8-a78d-7890-92ba-f497c895db91', 'ELE-DECORASW-01', 'The Home Depot Pro', 'each', 1, 1.6, 5, 1, TRUE, '0195f2c0-89aa-7d6d-bb34-7f3b3f69c001', '2025-12-17T12:00:00+00:00', '2025-12-17T12:00:00+00:00') ON CONFLICT (vendor_id, sku_id) DO NOTHING;
INSERT INTO vendor_items (id, vendor_id, sku_id, vendor_sku, vendor_name, purchase_uom, purchase_pack_qty, cost, lead_time_days, moq, is_preferred, organization_id, created_at, updated_at) VALUES ('019d44b8-a7b8-74d8-8522-67f3e147952a', '019d44b8-a75d-797f-b080-92952df9dd7d', '019d44b8-a78e-7cab-9eb6-a6687b270bf1', 'ELE-DECORASW-02', 'The Home Depot Pro', 'each', 1, 1.6, 5, 1, TRUE, '0195f2c0-89aa-7d6d-bb34-7f3b3f69c001', '2025-12-17T12:00:00+00:00', '2025-12-17T12:00:00+00:00') ON CONFLICT (vendor_id, sku_id) DO NOTHING;
INSERT INTO vendor_items (id, vendor_id, sku_id, vendor_sku, vendor_name, purchase_uom, purchase_pack_qty, cost, lead_time_days, moq, is_preferred, organization_id, created_at, updated_at) VALUES ('019d44b8-a7b9-7b9e-9649-89a8d10033ac', '019d44b8-a75d-797f-b080-92952df9dd7d', '019d44b8-a78f-74b3-b0f1-fa544af79335', 'ELE-GFCI15-01', 'The Home Depot Pro', 'each', 1, 10.5, 5, 1, TRUE, '0195f2c0-89aa-7d6d-bb34-7f3b3f69c001', '2025-12-17T12:00:00+00:00', '2025-12-17T12:00:00+00:00') ON CONFLICT (vendor_id, sku_id) DO NOTHING;
INSERT INTO vendor_items (id, vendor_id, sku_id, vendor_sku, vendor_name, purchase_uom, purchase_pack_qty, cost, lead_time_days, moq, is_preferred, organization_id, created_at, updated_at) VALUES ('019d44b8-a7ba-7f55-a70c-bb7b577b90d9', '019d44b8-a75c-723f-88a7-9a3384248fec', '019d44b8-a790-793a-803f-ff07eac683d7', 'PNT-SWSUPER-01', 'Sherwin-Williams', 'each', 1, 32.0, 5, 1, TRUE, '0195f2c0-89aa-7d6d-bb34-7f3b3f69c001', '2025-12-17T12:00:00+00:00', '2025-12-17T12:00:00+00:00') ON CONFLICT (vendor_id, sku_id) DO NOTHING;
INSERT INTO vendor_items (id, vendor_id, sku_id, vendor_sku, vendor_name, purchase_uom, purchase_pack_qty, cost, lead_time_days, moq, is_preferred, organization_id, created_at, updated_at) VALUES ('019d44b8-a7bb-7ab2-8784-51756831b4bd', '019d44b8-a75c-723f-88a7-9a3384248fec', '019d44b8-a791-7408-85c0-0ebe8605f2f7', 'PNT-SWSUPER-02', 'Sherwin-Williams', 'each', 1, 34.0, 5, 1, TRUE, '0195f2c0-89aa-7d6d-bb34-7f3b3f69c001', '2025-12-17T12:00:00+00:00', '2025-12-17T12:00:00+00:00') ON CONFLICT (vendor_id, sku_id) DO NOTHING;
INSERT INTO vendor_items (id, vendor_id, sku_id, vendor_sku, vendor_name, purchase_uom, purchase_pack_qty, cost, lead_time_days, moq, is_preferred, organization_id, created_at, updated_at) VALUES ('019d44b8-a7bc-7400-9c02-9eecaffec1cb', '019d44b8-a75c-723f-88a7-9a3384248fec', '019d44b8-a792-7c4c-a156-b3576821f36e', 'PNT-SWSUPER-03', 'Sherwin-Williams', 'each', 1, 36.0, 5, 1, TRUE, '0195f2c0-89aa-7d6d-bb34-7f3b3f69c001', '2025-12-17T12:00:00+00:00', '2025-12-17T12:00:00+00:00') ON CONFLICT (vendor_id, sku_id) DO NOTHING;
INSERT INTO vendor_items (id, vendor_id, sku_id, vendor_sku, vendor_name, purchase_uom, purchase_pack_qty, cost, lead_time_days, moq, is_preferred, organization_id, created_at, updated_at) VALUES ('019d44b8-a7bd-76ec-bd64-f1e94d4775a7', '019d44b8-a75c-723f-88a7-9a3384248fec', '019d44b8-a793-7705-9cb3-74987a65a553', 'PNS-ROLLER9-01', 'Sherwin-Williams', 'each', 1, 4.2, 5, 1, TRUE, '0195f2c0-89aa-7d6d-bb34-7f3b3f69c001', '2025-12-17T12:00:00+00:00', '2025-12-17T12:00:00+00:00') ON CONFLICT (vendor_id, sku_id) DO NOTHING;
INSERT INTO vendor_items (id, vendor_id, sku_id, vendor_sku, vendor_name, purchase_uom, purchase_pack_qty, cost, lead_time_days, moq, is_preferred, organization_id, created_at, updated_at) VALUES ('019d44b8-a7be-7c61-a9d7-b25546343da7', '019d44b8-a75c-723f-88a7-9a3384248fec', '019d44b8-a794-739c-a07f-1073c4e845b2', 'PNS-ROLLER9-02', 'Sherwin-Williams', 'each', 1, 4.5, 5, 1, TRUE, '0195f2c0-89aa-7d6d-bb34-7f3b3f69c001', '2025-12-17T12:00:00+00:00', '2025-12-17T12:00:00+00:00') ON CONFLICT (vendor_id, sku_id) DO NOTHING;
INSERT INTO vendor_items (id, vendor_id, sku_id, vendor_sku, vendor_name, purchase_uom, purchase_pack_qty, cost, lead_time_days, moq, is_preferred, organization_id, created_at, updated_at) VALUES ('019d44b8-a7bf-77b3-94cc-37ec933da39f', '019d44b8-a75b-70ec-908b-56d412a7f883', '019d44b8-a795-719e-8df9-611ddaaf202b', 'BLD-DRYWALL-01', 'Emery Jensen Distribution', 'each', 1, 8.2, 5, 1, TRUE, '0195f2c0-89aa-7d6d-bb34-7f3b3f69c001', '2025-12-17T12:00:00+00:00', '2025-12-17T12:00:00+00:00') ON CONFLICT (vendor_id, sku_id) DO NOTHING;
INSERT INTO vendor_items (id, vendor_id, sku_id, vendor_sku, vendor_name, purchase_uom, purchase_pack_qty, cost, lead_time_days, moq, is_preferred, organization_id, created_at, updated_at) VALUES ('019d44b8-a7c0-737c-b00c-ade4719391de', '019d44b8-a75b-70ec-908b-56d412a7f883', '019d44b8-a796-71ed-a728-5a23f8bee68a', 'BLD-DRYWALL-02', 'Emery Jensen Distribution', 'each', 1, 9.8, 5, 1, TRUE, '0195f2c0-89aa-7d6d-bb34-7f3b3f69c001', '2025-12-17T12:00:00+00:00', '2025-12-17T12:00:00+00:00') ON CONFLICT (vendor_id, sku_id) DO NOTHING;
INSERT INTO vendor_items (id, vendor_id, sku_id, vendor_sku, vendor_name, purchase_uom, purchase_pack_qty, cost, lead_time_days, moq, is_preferred, organization_id, created_at, updated_at) VALUES ('019d44b8-a7c1-7ea2-a8cd-ffedcfb42b1f', '019d44b8-a75b-70ec-908b-56d412a7f883', '019d44b8-a797-760c-9eb4-16ca477099c2', 'CON-QUIKSET-01', 'Emery Jensen Distribution', 'each', 1, 4.1, 5, 1, TRUE, '0195f2c0-89aa-7d6d-bb34-7f3b3f69c001', '2025-12-17T12:00:00+00:00', '2025-12-17T12:00:00+00:00') ON CONFLICT (vendor_id, sku_id) DO NOTHING;
INSERT INTO vendor_items (id, vendor_id, sku_id, vendor_sku, vendor_name, purchase_uom, purchase_pack_qty, cost, lead_time_days, moq, is_preferred, organization_id, created_at, updated_at) VALUES ('019d44b8-a7c2-7e1e-943a-7c26e77e931d', '019d44b8-a75b-70ec-908b-56d412a7f883', '019d44b8-a798-7fa2-a6f6-d62229ac5582', 'CON-QUIKSET-02', 'Emery Jensen Distribution', 'each', 1, 5.6, 5, 1, TRUE, '0195f2c0-89aa-7d6d-bb34-7f3b3f69c001', '2025-12-17T12:00:00+00:00', '2025-12-17T12:00:00+00:00') ON CONFLICT (vendor_id, sku_id) DO NOTHING;
INSERT INTO vendor_items (id, vendor_id, sku_id, vendor_sku, vendor_name, purchase_uom, purchase_pack_qty, cost, lead_time_days, moq, is_preferred, organization_id, created_at, updated_at) VALUES ('019d44b8-a7c3-7c9c-8724-e44cd45e0bea', '019d44b8-a75b-70ec-908b-56d412a7f883', '019d44b8-a799-7a4d-b6db-c9cbad3f4dbe', 'LUM-STUDS2X4-01', 'Emery Jensen Distribution', 'each', 1, 2.4, 5, 1, TRUE, '0195f2c0-89aa-7d6d-bb34-7f3b3f69c001', '2025-12-17T12:00:00+00:00', '2025-12-17T12:00:00+00:00') ON CONFLICT (vendor_id, sku_id) DO NOTHING;
INSERT INTO vendor_items (id, vendor_id, sku_id, vendor_sku, vendor_name, purchase_uom, purchase_pack_qty, cost, lead_time_days, moq, is_preferred, organization_id, created_at, updated_at) VALUES ('019d44b8-a7c4-753c-ad2d-968cb70ea5ac', '019d44b8-a75b-70ec-908b-56d412a7f883', '019d44b8-a79a-775c-af88-6f9b6e71b2c3', 'LUM-STUDS2X4-02', 'Emery Jensen Distribution', 'each', 1, 3.4, 5, 1, TRUE, '0195f2c0-89aa-7d6d-bb34-7f3b3f69c001', '2025-12-17T12:00:00+00:00', '2025-12-17T12:00:00+00:00') ON CONFLICT (vendor_id, sku_id) DO NOTHING;
INSERT INTO vendor_items (id, vendor_id, sku_id, vendor_sku, vendor_name, purchase_uom, purchase_pack_qty, cost, lead_time_days, moq, is_preferred, organization_id, created_at, updated_at) VALUES ('019d44b8-a7c5-7520-9c79-4944b476f12b', '019d44b8-a75b-70ec-908b-56d412a7f883', '019d44b8-a79b-7aaa-8f7d-0d1203f3ec9f', 'LUM-STUDS2X6-01', 'Emery Jensen Distribution', 'each', 1, 4.0, 5, 1, TRUE, '0195f2c0-89aa-7d6d-bb34-7f3b3f69c001', '2025-12-17T12:00:00+00:00', '2025-12-17T12:00:00+00:00') ON CONFLICT (vendor_id, sku_id) DO NOTHING;
INSERT INTO vendor_items (id, vendor_id, sku_id, vendor_sku, vendor_name, purchase_uom, purchase_pack_qty, cost, lead_time_days, moq, is_preferred, organization_id, created_at, updated_at) VALUES ('019d44b8-a7c6-7952-a4fe-3c0ded49af45', '019d44b8-a75b-70ec-908b-56d412a7f883', '019d44b8-a79c-7560-b1d1-5f8593cd4ead', 'LUM-PTDECK-01', 'Emery Jensen Distribution', 'each', 1, 8.8, 5, 1, TRUE, '0195f2c0-89aa-7d6d-bb34-7f3b3f69c001', '2025-12-17T12:00:00+00:00', '2025-12-17T12:00:00+00:00') ON CONFLICT (vendor_id, sku_id) DO NOTHING;
INSERT INTO vendor_items (id, vendor_id, sku_id, vendor_sku, vendor_name, purchase_uom, purchase_pack_qty, cost, lead_time_days, moq, is_preferred, organization_id, created_at, updated_at) VALUES ('019d44b8-a7c7-704a-961e-611a90882527', '019d44b8-a75b-70ec-908b-56d412a7f883', '019d44b8-a79d-7428-a9d2-09ff452c773a', 'LUM-PTDECK-02', 'Emery Jensen Distribution', 'each', 1, 11.6, 5, 1, TRUE, '0195f2c0-89aa-7d6d-bb34-7f3b3f69c001', '2025-12-17T12:00:00+00:00', '2025-12-17T12:00:00+00:00') ON CONFLICT (vendor_id, sku_id) DO NOTHING;
INSERT INTO vendor_items (id, vendor_id, sku_id, vendor_sku, vendor_name, purchase_uom, purchase_pack_qty, cost, lead_time_days, moq, is_preferred, organization_id, created_at, updated_at) VALUES ('019d44b8-a7c8-7630-a2b0-4e41ebb2e24e', '019d44b8-a75b-70ec-908b-56d412a7f883', '019d44b8-a79e-74af-8ad6-84e89f820a2a', 'FAS-DECKSCR-01', 'Emery Jensen Distribution', 'each', 1, 7.8, 5, 1, TRUE, '0195f2c0-89aa-7d6d-bb34-7f3b3f69c001', '2025-12-17T12:00:00+00:00', '2025-12-17T12:00:00+00:00') ON CONFLICT (vendor_id, sku_id) DO NOTHING;
INSERT INTO vendor_items (id, vendor_id, sku_id, vendor_sku, vendor_name, purchase_uom, purchase_pack_qty, cost, lead_time_days, moq, is_preferred, organization_id, created_at, updated_at) VALUES ('019d44b8-a7c9-7fe8-ba34-e69e878f05ab', '019d44b8-a75b-70ec-908b-56d412a7f883', '019d44b8-a79f-7f18-b48f-d52efc1d6004', 'FAS-DECKSCR-02', 'Emery Jensen Distribution', 'each', 1, 8.6, 5, 1, TRUE, '0195f2c0-89aa-7d6d-bb34-7f3b3f69c001', '2025-12-17T12:00:00+00:00', '2025-12-17T12:00:00+00:00') ON CONFLICT (vendor_id, sku_id) DO NOTHING;
INSERT INTO vendor_items (id, vendor_id, sku_id, vendor_sku, vendor_name, purchase_uom, purchase_pack_qty, cost, lead_time_days, moq, is_preferred, organization_id, created_at, updated_at) VALUES ('019d44b8-a7ca-748c-a484-a9e0d3e48bbf', '019d44b8-a75b-70ec-908b-56d412a7f883', '019d44b8-a7a0-7e52-a540-00d541462ba5', 'FAS-DRYSCR-01', 'Emery Jensen Distribution', 'each', 1, 2.8, 5, 1, TRUE, '0195f2c0-89aa-7d6d-bb34-7f3b3f69c001', '2025-12-17T12:00:00+00:00', '2025-12-17T12:00:00+00:00') ON CONFLICT (vendor_id, sku_id) DO NOTHING;
INSERT INTO vendor_items (id, vendor_id, sku_id, vendor_sku, vendor_name, purchase_uom, purchase_pack_qty, cost, lead_time_days, moq, is_preferred, organization_id, created_at, updated_at) VALUES ('019d44b8-a7cb-790e-8601-73337049d57d', '019d44b8-a75e-7e51-a4a8-ada7a8577352', '019d44b8-a7a1-748a-b006-330b38add68e', 'HVF-FILTER16-01', 'Amazon Business', 'each', 1, 2.2, 5, 1, TRUE, '0195f2c0-89aa-7d6d-bb34-7f3b3f69c001', '2025-12-17T12:00:00+00:00', '2025-12-17T12:00:00+00:00') ON CONFLICT (vendor_id, sku_id) DO NOTHING;
INSERT INTO vendor_items (id, vendor_id, sku_id, vendor_sku, vendor_name, purchase_uom, purchase_pack_qty, cost, lead_time_days, moq, is_preferred, organization_id, created_at, updated_at) VALUES ('019d44b8-a7cc-7b1a-ad90-165466d580ef', '019d44b8-a75e-7e51-a4a8-ada7a8577352', '019d44b8-a7a2-761d-abfb-c0b35880d7a0', 'HVF-FILTER20-01', 'Amazon Business', 'each', 1, 3.8, 5, 1, TRUE, '0195f2c0-89aa-7d6d-bb34-7f3b3f69c001', '2025-12-17T12:00:00+00:00', '2025-12-17T12:00:00+00:00') ON CONFLICT (vendor_id, sku_id) DO NOTHING;
INSERT INTO vendor_items (id, vendor_id, sku_id, vendor_sku, vendor_name, purchase_uom, purchase_pack_qty, cost, lead_time_days, moq, is_preferred, organization_id, created_at, updated_at) VALUES ('019d44b8-a7cd-7c9c-a6af-42b5e12e28e3', '019d44b8-a75e-7e51-a4a8-ada7a8577352', '019d44b8-a7a3-702d-a44d-44fb915418b4', 'ADH-LIQNAIL-01', 'Amazon Business', 'each', 1, 2.8, 5, 1, TRUE, '0195f2c0-89aa-7d6d-bb34-7f3b3f69c001', '2025-12-17T12:00:00+00:00', '2025-12-17T12:00:00+00:00') ON CONFLICT (vendor_id, sku_id) DO NOTHING;
INSERT INTO vendor_items (id, vendor_id, sku_id, vendor_sku, vendor_name, purchase_uom, purchase_pack_qty, cost, lead_time_days, moq, is_preferred, organization_id, created_at, updated_at) VALUES ('019d44b8-a7ce-758f-b55d-a918116a40e2', '019d44b8-a75e-7e51-a4a8-ada7a8577352', '019d44b8-a7a4-793d-a83e-ef30bda2c9b5', 'ADH-GORILL-01', 'Amazon Business', 'each', 1, 3.6, 5, 1, TRUE, '0195f2c0-89aa-7d6d-bb34-7f3b3f69c001', '2025-12-17T12:00:00+00:00', '2025-12-17T12:00:00+00:00') ON CONFLICT (vendor_id, sku_id) DO NOTHING;
INSERT INTO vendor_items (id, vendor_id, sku_id, vendor_sku, vendor_name, purchase_uom, purchase_pack_qty, cost, lead_time_days, moq, is_preferred, organization_id, created_at, updated_at) VALUES ('019d44b8-a7cf-7f28-816a-77dcf4a7b3d3', '019d44b8-a75b-70ec-908b-56d412a7f883', '019d44b8-a7a5-7445-bf76-70a9334e7d3f', 'DRM-JNTCMPD-01', 'Emery Jensen Distribution', 'each', 1, 10.4, 5, 1, TRUE, '0195f2c0-89aa-7d6d-bb34-7f3b3f69c001', '2025-12-17T12:00:00+00:00', '2025-12-17T12:00:00+00:00') ON CONFLICT (vendor_id, sku_id) DO NOTHING;
INSERT INTO vendor_items (id, vendor_id, sku_id, vendor_sku, vendor_name, purchase_uom, purchase_pack_qty, cost, lead_time_days, moq, is_preferred, organization_id, created_at, updated_at) VALUES ('019d44b8-a7d0-781b-bd4c-12c876a82334', '019d44b8-a75b-70ec-908b-56d412a7f883', '019d44b8-a7a6-7216-bb02-75a5c10a2c3a', 'DRS-DRYTAPE-01', 'Emery Jensen Distribution', 'each', 1, 3.2, 5, 1, TRUE, '0195f2c0-89aa-7d6d-bb34-7f3b3f69c001', '2025-12-17T12:00:00+00:00', '2025-12-17T12:00:00+00:00') ON CONFLICT (vendor_id, sku_id) DO NOTHING;
INSERT INTO vendor_items (id, vendor_id, sku_id, vendor_sku, vendor_name, purchase_uom, purchase_pack_qty, cost, lead_time_days, moq, is_preferred, organization_id, created_at, updated_at) VALUES ('019d44b8-a7d1-7d0d-a9ac-bdb0091405fb', '019d44b8-a75d-797f-b080-92952df9dd7d', '019d44b8-a7a7-7ba3-886b-c436e1de3516', 'SAF-KIDDESM-01', 'The Home Depot Pro', 'each', 1, 28.0, 5, 1, TRUE, '0195f2c0-89aa-7d6d-bb34-7f3b3f69c001', '2025-12-17T12:00:00+00:00', '2025-12-17T12:00:00+00:00') ON CONFLICT (vendor_id, sku_id) DO NOTHING;
INSERT INTO vendor_items (id, vendor_id, sku_id, vendor_sku, vendor_name, purchase_uom, purchase_pack_qty, cost, lead_time_days, moq, is_preferred, organization_id, created_at, updated_at) VALUES ('019d44b8-a7d2-7e7a-80ad-f21028a49fbb', '019d44b8-a75b-70ec-908b-56d412a7f883', '019d44b8-a7a8-7e62-8786-7f484f0df26d', 'ROF-ARCHTAB-01', 'Emery Jensen Distribution', 'each', 1, 22.0, 5, 1, TRUE, '0195f2c0-89aa-7d6d-bb34-7f3b3f69c001', '2025-12-17T12:00:00+00:00', '2025-12-17T12:00:00+00:00') ON CONFLICT (vendor_id, sku_id) DO NOTHING;
INSERT INTO vendor_items (id, vendor_id, sku_id, vendor_sku, vendor_name, purchase_uom, purchase_pack_qty, cost, lead_time_days, moq, is_preferred, organization_id, created_at, updated_at) VALUES ('019d44b8-a7d3-7771-ac73-10db7feb25c8', '019d44b8-a75b-70ec-908b-56d412a7f883', '019d44b8-a7a9-7c13-88c7-9d3a0eecca0d', 'HTL-FRAMHAM-01', 'Emery Jensen Distribution', 'each', 1, 19.0, 5, 1, TRUE, '0195f2c0-89aa-7d6d-bb34-7f3b3f69c001', '2025-12-17T12:00:00+00:00', '2025-12-17T12:00:00+00:00') ON CONFLICT (vendor_id, sku_id) DO NOTHING;
INSERT INTO vendor_items (id, vendor_id, sku_id, vendor_sku, vendor_name, purchase_uom, purchase_pack_qty, cost, lead_time_days, moq, is_preferred, organization_id, created_at, updated_at) VALUES ('019d44b8-a7d4-775a-80db-045e5a3e156b', '019d44b8-a75c-723f-88a7-9a3384248fec', '019d44b8-a7aa-7de8-978a-af019d925c10', 'CLN-PREPWIPE-01', 'Sherwin-Williams', 'each', 1, 5.2, 5, 1, TRUE, '0195f2c0-89aa-7d6d-bb34-7f3b3f69c001', '2025-12-17T12:00:00+00:00', '2025-12-17T12:00:00+00:00') ON CONFLICT (vendor_id, sku_id) DO NOTHING;
INSERT INTO vendor_items (id, vendor_id, sku_id, vendor_sku, vendor_name, purchase_uom, purchase_pack_qty, cost, lead_time_days, moq, is_preferred, organization_id, created_at, updated_at) VALUES ('019d44b8-a7d5-7e08-8c52-e67f1bd3c23f', '019d44b8-a75d-797f-b080-92952df9dd7d', '019d44b8-a7ab-7396-9073-7902de075deb', 'LOK-KWIKDBL-01', 'The Home Depot Pro', 'each', 1, 16.0, 5, 1, TRUE, '0195f2c0-89aa-7d6d-bb34-7f3b3f69c001', '2025-12-17T12:00:00+00:00', '2025-12-17T12:00:00+00:00') ON CONFLICT (vendor_id, sku_id) DO NOTHING;
INSERT INTO vendor_items (id, vendor_id, sku_id, vendor_sku, vendor_name, purchase_uom, purchase_pack_qty, cost, lead_time_days, moq, is_preferred, organization_id, created_at, updated_at) VALUES ('019d44b8-a7d6-730e-a573-30ef3a2cd03d', '019d44b8-a75d-797f-b080-92952df9dd7d', '019d44b8-a7ac-7d46-8785-8ef21687355a', 'LOK-KWIKDBL-02', 'The Home Depot Pro', 'each', 1, 18.0, 5, 1, TRUE, '0195f2c0-89aa-7d6d-bb34-7f3b3f69c001', '2025-12-17T12:00:00+00:00', '2025-12-17T12:00:00+00:00') ON CONFLICT (vendor_id, sku_id) DO NOTHING;
INSERT INTO vendor_items (id, vendor_id, sku_id, vendor_sku, vendor_name, purchase_uom, purchase_pack_qty, cost, lead_time_days, moq, is_preferred, organization_id, created_at, updated_at) VALUES ('019d44b8-a7d7-791b-b95a-06fb87a32c2a', '019d44b8-a75d-797f-b080-92952df9dd7d', '019d44b8-a7ad-74d3-a6f6-2ebba4aa74f8', 'INS-OWENR15-01', 'The Home Depot Pro', 'each', 1, 28.0, 5, 1, TRUE, '0195f2c0-89aa-7d6d-bb34-7f3b3f69c001', '2025-12-17T12:00:00+00:00', '2025-12-17T12:00:00+00:00') ON CONFLICT (vendor_id, sku_id) DO NOTHING;
INSERT INTO vendor_items (id, vendor_id, sku_id, vendor_sku, vendor_name, purchase_uom, purchase_pack_qty, cost, lead_time_days, moq, is_preferred, organization_id, created_at, updated_at) VALUES ('019d44b8-a7d8-7cfd-a48b-672f20011bc8', '019d44b8-a75d-797f-b080-92952df9dd7d', '019d44b8-a7ae-7dd7-ac0d-98afd0317b7e', 'FLO-LVPOAK-01', 'The Home Depot Pro', 'each', 1, 24.0, 5, 1, TRUE, '0195f2c0-89aa-7d6d-bb34-7f3b3f69c001', '2025-12-17T12:00:00+00:00', '2025-12-17T12:00:00+00:00') ON CONFLICT (vendor_id, sku_id) DO NOTHING;
INSERT INTO vendor_items (id, vendor_id, sku_id, vendor_sku, vendor_name, purchase_uom, purchase_pack_qty, cost, lead_time_days, moq, is_preferred, organization_id, created_at, updated_at) VALUES ('019d44b8-a7d9-71c4-a199-0a76d144bb4f', '019d44b8-a75f-7d6d-8699-790992bf8baf', '019d44b8-a79c-7560-b1d1-5f8593cd4ead', 'LUM-PTDECK-01', 'Deck Expressions', 'each', 1, 8.36, 7, 1, FALSE, '0195f2c0-89aa-7d6d-bb34-7f3b3f69c001', '2025-12-17T12:00:00+00:00', '2025-12-17T12:00:00+00:00') ON CONFLICT (vendor_id, sku_id) DO NOTHING;
INSERT INTO vendor_items (id, vendor_id, sku_id, vendor_sku, vendor_name, purchase_uom, purchase_pack_qty, cost, lead_time_days, moq, is_preferred, organization_id, created_at, updated_at) VALUES ('019d44b8-a7da-7995-af6f-e08d9368ff7d', '019d44b8-a75f-7d6d-8699-790992bf8baf', '019d44b8-a79d-7428-a9d2-09ff452c773a', 'LUM-PTDECK-02', 'Deck Expressions', 'each', 1, 11.02, 7, 1, FALSE, '0195f2c0-89aa-7d6d-bb34-7f3b3f69c001', '2025-12-17T12:00:00+00:00', '2025-12-17T12:00:00+00:00') ON CONFLICT (vendor_id, sku_id) DO NOTHING;
INSERT INTO purchase_orders (id, vendor_id, vendor_name, document_date, total, status, created_by_id, created_by_name, received_at, received_by_id, received_by_name, xero_bill_id, xero_sync_status, created_at, updated_at, organization_id) VALUES ('019d44b8-a7db-7684-977a-58654a209166', '019d44b8-a75c-723f-88a7-9a3384248fec', 'Sherwin-Williams', '2026-03-01T12:00:00+00:00', 944.0, 'received', '0195f2c0-89ab-7a10-8a01-000000000001', 'Marcus Chen', '2026-03-03T12:00:00+00:00', '0195f2c0-89ab-7a10-8a01-000000000001', 'Marcus Chen', 'XERO-STUB-BILL-c7eeb272', 'synced', '2026-03-01T12:00:00+00:00', '2026-03-03T12:00:00+00:00', '0195f2c0-89aa-7d6d-bb34-7f3b3f69c001') ON CONFLICT DO NOTHING;
INSERT INTO purchase_orders (id, vendor_id, vendor_name, document_date, total, status, created_by_id, created_by_name, received_at, received_by_id, received_by_name, xero_sync_status, created_at, updated_at, organization_id) VALUES ('019d44b8-a7dc-74f6-b9ab-8c3ccfdd44c7', '019d44b8-a75d-797f-b080-92952df9dd7d', 'The Home Depot Pro', '2026-03-05T12:00:00+00:00', 658.0, 'received', '0195f2c0-89ab-7a10-8a01-000000000001', 'Marcus Chen', '2026-03-07T12:00:00+00:00', '0195f2c0-89ab-7a10-8a01-000000000001', 'Marcus Chen', 'pending', '2026-03-05T12:00:00+00:00', '2026-03-07T12:00:00+00:00', '0195f2c0-89aa-7d6d-bb34-7f3b3f69c001') ON CONFLICT DO NOTHING;
INSERT INTO purchase_orders (id, vendor_id, vendor_name, document_date, total, status, created_by_id, created_by_name, xero_sync_status, created_at, updated_at, organization_id) VALUES ('019d44b8-a7dd-73bc-83cd-7d5ff1b1bbd7', '019d44b8-a75b-70ec-908b-56d412a7f883', 'Emery Jensen Distribution', '2026-03-14T12:00:00+00:00', 585.1999999999999, 'ordered', '0195f2c0-89ab-7a10-8a01-000000000001', 'Marcus Chen', 'pending', '2026-03-14T12:00:00+00:00', '2026-03-14T12:00:00+00:00', '0195f2c0-89aa-7d6d-bb34-7f3b3f69c001') ON CONFLICT DO NOTHING;
INSERT INTO purchase_orders (id, vendor_id, vendor_name, document_date, total, status, created_by_id, created_by_name, xero_sync_status, created_at, updated_at, organization_id) VALUES ('019d44b8-a7de-7ba5-8687-381c2324cfd4', '019d44b8-a75f-7d6d-8699-790992bf8baf', 'Deck Expressions', '2026-03-16T12:00:00+00:00', 1009.4, 'ordered', '0195f2c0-89ab-7a10-8a01-000000000001', 'Marcus Chen', 'pending', '2026-03-16T12:00:00+00:00', '2026-03-16T12:00:00+00:00', '0195f2c0-89aa-7d6d-bb34-7f3b3f69c001') ON CONFLICT DO NOTHING;
INSERT INTO purchase_order_items (id, po_id, name, original_sku, ordered_qty, delivered_qty, unit_price, cost, base_unit, sell_uom, suggested_department, status, sku_id, organization_id) VALUES ('019d44b8-a7df-7e3b-8a3f-bcb1b9f28ca7', '019d44b8-a7db-7684-977a-58654a209166', 'SW SuperPaint Interior Flat - Gallon', 'PNT-SWSUPER-01', 10, 10, 0, 32.0, 'gallon', 'gallon', 'PNT', 'arrived', '019d44b8-a790-793a-803f-ff07eac683d7', '0195f2c0-89aa-7d6d-bb34-7f3b3f69c001') ON CONFLICT DO NOTHING;
INSERT INTO purchase_order_items (id, po_id, name, original_sku, ordered_qty, delivered_qty, unit_price, cost, base_unit, sell_uom, suggested_department, status, sku_id, organization_id) VALUES ('019d44b8-a7e0-73b9-a401-e473c970d4b7', '019d44b8-a7db-7684-977a-58654a209166', 'SW SuperPaint Interior Satin - Gallon', 'PNT-SWSUPER-02', 8, 8, 0, 34.0, 'gallon', 'gallon', 'PNT', 'arrived', '019d44b8-a791-7408-85c0-0ebe8605f2f7', '0195f2c0-89aa-7d6d-bb34-7f3b3f69c001') ON CONFLICT DO NOTHING;
INSERT INTO purchase_order_items (id, po_id, name, original_sku, ordered_qty, delivered_qty, unit_price, cost, base_unit, sell_uom, suggested_department, status, sku_id, organization_id) VALUES ('019d44b8-a7e1-72a7-b89f-051b8115900f', '019d44b8-a7db-7684-977a-58654a209166', 'SW SuperPaint Exterior Flat - Gallon', 'PNT-SWSUPER-03', 6, 6, 0, 36.0, 'gallon', 'gallon', 'PNT', 'arrived', '019d44b8-a792-7c4c-a156-b3576821f36e', '0195f2c0-89aa-7d6d-bb34-7f3b3f69c001') ON CONFLICT DO NOTHING;
INSERT INTO purchase_order_items (id, po_id, name, original_sku, ordered_qty, delivered_qty, unit_price, cost, base_unit, sell_uom, suggested_department, status, sku_id, organization_id) VALUES ('019d44b8-a7e2-7402-be1c-cbd6205db69b', '019d44b8-a7db-7684-977a-58654a209166', 'Purdy White Dove 9" Roller Cover 3/8" Nap', 'PNS-ROLLER9-01', 20, 20, 0, 4.2, 'each', 'each', 'PNS', 'arrived', '019d44b8-a793-7705-9cb3-74987a65a553', '0195f2c0-89aa-7d6d-bb34-7f3b3f69c001') ON CONFLICT DO NOTHING;
INSERT INTO purchase_order_items (id, po_id, name, original_sku, ordered_qty, delivered_qty, unit_price, cost, base_unit, sell_uom, suggested_department, status, sku_id, organization_id) VALUES ('019d44b8-a7e3-7c6d-a20f-19f29a65d7d8', '019d44b8-a7db-7684-977a-58654a209166', 'Sherwin-Williams Prep & Cleanup Wipes', 'CLN-PREPWIPE-01', 10, 10, 0, 5.2, 'pack', 'pack', 'CLN', 'arrived', '019d44b8-a7aa-7de8-978a-af019d925c10', '0195f2c0-89aa-7d6d-bb34-7f3b3f69c001') ON CONFLICT DO NOTHING;
INSERT INTO purchase_order_items (id, po_id, name, original_sku, ordered_qty, delivered_qty, unit_price, cost, base_unit, sell_uom, suggested_department, status, sku_id, organization_id) VALUES ('019d44b8-a7e4-7104-bf10-6118c9891747', '019d44b8-a7dc-74f6-b9ab-8c3ccfdd44c7', 'Romex 14/2 NM-B 250ft', 'ELW-ROMEX14-01', 4, 4, 0, 52.0, 'foot', '250ft_spool', 'ELW', 'arrived', '019d44b8-a78b-76d2-b04c-a87e30c645db', '0195f2c0-89aa-7d6d-bb34-7f3b3f69c001') ON CONFLICT DO NOTHING;
INSERT INTO purchase_order_items (id, po_id, name, original_sku, ordered_qty, delivered_qty, unit_price, cost, base_unit, sell_uom, suggested_department, status, sku_id, organization_id) VALUES ('019d44b8-a7e5-7449-aa6f-6294eb6a41ce', '019d44b8-a7dc-74f6-b9ab-8c3ccfdd44c7', 'Romex 12/2 NM-B 250ft', 'ELW-ROMEX12-01', 2, 2, 0, 72.0, 'foot', '250ft_spool', 'ELW', 'arrived', '019d44b8-a78c-7d92-8415-6a822ca395cd', '0195f2c0-89aa-7d6d-bb34-7f3b3f69c001') ON CONFLICT DO NOTHING;
INSERT INTO purchase_order_items (id, po_id, name, original_sku, ordered_qty, delivered_qty, unit_price, cost, base_unit, sell_uom, suggested_department, status, sku_id, organization_id) VALUES ('019d44b8-a7e6-7dd5-896d-c933edf41ff3', '019d44b8-a7dc-74f6-b9ab-8c3ccfdd44c7', 'Leviton GFCI 15A Outlet White', 'ELE-GFCI15-01', 12, 12, 0, 10.5, 'each', 'each', 'ELE', 'arrived', '019d44b8-a78f-74b3-b0f1-fa544af79335', '0195f2c0-89aa-7d6d-bb34-7f3b3f69c001') ON CONFLICT DO NOTHING;
INSERT INTO purchase_order_items (id, po_id, name, original_sku, ordered_qty, delivered_qty, unit_price, cost, base_unit, sell_uom, suggested_department, status, sku_id, organization_id) VALUES ('019d44b8-a7e7-765a-8c0d-1c076cd8e741', '019d44b8-a7dc-74f6-b9ab-8c3ccfdd44c7', 'SharkBite 1/2" 90-Degree Elbow', 'PLF-SHRKBT90-01', 20, 20, 0, 4.8, 'each', 'each', 'PLF', 'arrived', '019d44b8-a788-7ac5-95d5-3ea294f8ba15', '0195f2c0-89aa-7d6d-bb34-7f3b3f69c001') ON CONFLICT DO NOTHING;
INSERT INTO purchase_order_items (id, po_id, name, original_sku, ordered_qty, delivered_qty, unit_price, cost, base_unit, sell_uom, suggested_department, status, sku_id, organization_id) VALUES ('019d44b8-a7e8-7a34-9dc8-2e2e04b000ca', '019d44b8-a7dc-74f6-b9ab-8c3ccfdd44c7', 'SharkBite 1/2" Tee', 'PLF-SHRKBTT-01', 15, 15, 0, 5.6, 'each', 'each', 'PLF', 'arrived', '019d44b8-a789-7386-b894-74c1b583b830', '0195f2c0-89aa-7d6d-bb34-7f3b3f69c001') ON CONFLICT DO NOTHING;
INSERT INTO purchase_order_items (id, po_id, name, original_sku, ordered_qty, delivered_qty, unit_price, cost, base_unit, sell_uom, suggested_department, status, sku_id, organization_id) VALUES ('019d44b8-a7e9-70f1-a747-4ab31d0821e7', '019d44b8-a7dd-73bc-83cd-7d5ff1b1bbd7', '2x4x8 SPF Stud', 'LUM-STUDS2X4-01', 50, 0, 0, 2.4, 'each', 'each', 'LUM', 'ordered', '019d44b8-a799-7a4d-b6db-c9cbad3f4dbe', '0195f2c0-89aa-7d6d-bb34-7f3b3f69c001') ON CONFLICT DO NOTHING;
INSERT INTO purchase_order_items (id, po_id, name, original_sku, ordered_qty, delivered_qty, unit_price, cost, base_unit, sell_uom, suggested_department, status, sku_id, organization_id) VALUES ('019d44b8-a7ea-744f-8238-591cc7f68d2d', '019d44b8-a7dd-73bc-83cd-7d5ff1b1bbd7', '2x6x8 SPF', 'LUM-STUDS2X6-01', 20, 0, 0, 4.0, 'each', 'each', 'LUM', 'ordered', '019d44b8-a79b-7aaa-8f7d-0d1203f3ec9f', '0195f2c0-89aa-7d6d-bb34-7f3b3f69c001') ON CONFLICT DO NOTHING;
INSERT INTO purchase_order_items (id, po_id, name, original_sku, ordered_qty, delivered_qty, unit_price, cost, base_unit, sell_uom, suggested_department, status, sku_id, organization_id) VALUES ('019d44b8-a7eb-75cf-8999-3f5f75097869', '019d44b8-a7dd-73bc-83cd-7d5ff1b1bbd7', '1/2" x 4x8 Drywall Sheet', 'BLD-DRYWALL-01', 30, 0, 0, 8.2, 'sheet', 'sheet', 'BLD', 'ordered', '019d44b8-a795-719e-8df9-611ddaaf202b', '0195f2c0-89aa-7d6d-bb34-7f3b3f69c001') ON CONFLICT DO NOTHING;
INSERT INTO purchase_order_items (id, po_id, name, original_sku, ordered_qty, delivered_qty, unit_price, cost, base_unit, sell_uom, suggested_department, status, sku_id, organization_id) VALUES ('019d44b8-a7ec-7448-b057-b239a9909dd4', '019d44b8-a7dd-73bc-83cd-7d5ff1b1bbd7', '#6 x 1-5/8" Drywall Screw 1lb', 'FAS-DRYSCR-01', 20, 0, 0, 2.8, 'box', 'box', 'FAS', 'ordered', '019d44b8-a7a0-7e52-a540-00d541462ba5', '0195f2c0-89aa-7d6d-bb34-7f3b3f69c001') ON CONFLICT DO NOTHING;
INSERT INTO purchase_order_items (id, po_id, name, original_sku, ordered_qty, delivered_qty, unit_price, cost, base_unit, sell_uom, suggested_department, status, sku_id, organization_id) VALUES ('019d44b8-a7ed-70ff-b197-3f0ce894ba44', '019d44b8-a7dd-73bc-83cd-7d5ff1b1bbd7', 'USG Plus 3 Joint Compound 4.5gal', 'DRM-JNTCMPD-01', 8, 0, 0, 10.4, 'bucket', 'bucket', 'DRM', 'ordered', '019d44b8-a7a5-7445-bf76-70a9334e7d3f', '0195f2c0-89aa-7d6d-bb34-7f3b3f69c001') ON CONFLICT DO NOTHING;
INSERT INTO purchase_order_items (id, po_id, name, original_sku, ordered_qty, delivered_qty, unit_price, cost, base_unit, sell_uom, suggested_department, status, sku_id, organization_id) VALUES ('019d44b8-a7ee-74c5-8e7d-15ccb16b97aa', '019d44b8-a7de-7ba5-8687-381c2324cfd4', '5/4x6x12 PT Deck Board', 'LUM-PTDECK-01', 60, 0, 0, 8.8, 'each', 'each', 'LUM', 'ordered', '019d44b8-a79c-7560-b1d1-5f8593cd4ead', '0195f2c0-89aa-7d6d-bb34-7f3b3f69c001') ON CONFLICT DO NOTHING;
INSERT INTO purchase_order_items (id, po_id, name, original_sku, ordered_qty, delivered_qty, unit_price, cost, base_unit, sell_uom, suggested_department, status, sku_id, organization_id) VALUES ('019d44b8-a7ef-703a-a5bd-1b760266d358', '019d44b8-a7de-7ba5-8687-381c2324cfd4', '5/4x6x16 PT Deck Board', 'LUM-PTDECK-02', 24, 0, 0, 11.6, 'each', 'each', 'LUM', 'ordered', '019d44b8-a79d-7428-a9d2-09ff452c773a', '0195f2c0-89aa-7d6d-bb34-7f3b3f69c001') ON CONFLICT DO NOTHING;
INSERT INTO purchase_order_items (id, po_id, name, original_sku, ordered_qty, delivered_qty, unit_price, cost, base_unit, sell_uom, suggested_department, status, sku_id, organization_id) VALUES ('019d44b8-a7f0-7f43-aa79-7fa4fea83142', '019d44b8-a7de-7ba5-8687-381c2324cfd4', 'GRK #8 x 2-1/2" Deck Screw 100pk', 'FAS-DECKSCR-01', 15, 0, 0, 7.8, 'box', 'box', 'FAS', 'ordered', '019d44b8-a79e-74af-8ad6-84e89f820a2a', '0195f2c0-89aa-7d6d-bb34-7f3b3f69c001') ON CONFLICT DO NOTHING;
INSERT INTO purchase_order_items (id, po_id, name, original_sku, ordered_qty, delivered_qty, unit_price, cost, base_unit, sell_uom, suggested_department, status, sku_id, organization_id) VALUES ('019d44b8-a7f1-70c5-a00f-133548fabcf8', '019d44b8-a7de-7ba5-8687-381c2324cfd4', 'GRK #8 x 3" Deck Screw 100pk', 'FAS-DECKSCR-02', 10, 0, 0, 8.6, 'box', 'box', 'FAS', 'ordered', '019d44b8-a79f-7f18-b48f-d52efc1d6004', '0195f2c0-89aa-7d6d-bb34-7f3b3f69c001') ON CONFLICT DO NOTHING;
INSERT INTO invoices (id, invoice_number, billing_entity, billing_entity_id, contact_name, contact_email, status, subtotal, tax, tax_rate, total, amount_credited, invoice_date, due_date, payment_terms, billing_address, currency, xero_sync_status, organization_id, created_at, updated_at) VALUES ('019d44b8-a7f2-7326-85b0-c473feb49d60', 'INV-00001', 'Riva Ridge Property Mgmt', '019d44b8-a760-70e2-9605-0382b069f081', 'Mike Torres', 'mike@rivridge.com', 'paid', 230.82, 23.08, 0.10, 253.9, 0, '2026-03-05T12:00:00+00:00', '2026-04-04T12:00:00+00:00', 'net_30', '1200 Mountain View Dr, Ste 400, Vail CO 81657', 'USD', 'synced', '0195f2c0-89aa-7d6d-bb34-7f3b3f69c001', '2026-03-05T12:00:00+00:00', '2026-03-12T12:00:00+00:00') ON CONFLICT DO NOTHING;
INSERT INTO invoices (id, invoice_number, billing_entity, billing_entity_id, contact_name, contact_email, status, subtotal, tax, tax_rate, total, amount_credited, invoice_date, due_date, payment_terms, billing_address, currency, approved_by_id, approved_at, xero_sync_status, organization_id, created_at, updated_at) VALUES ('019d44b8-a7f3-75ad-b966-1ab599e4030f', 'INV-00002', 'Riva Ridge Property Mgmt', '019d44b8-a760-70e2-9605-0382b069f081', 'Mike Torres', 'mike@rivridge.com', 'approved', 455.06, 45.51, 0.10, 500.57, 0, '2026-03-09T12:00:00+00:00', '2026-04-08T12:00:00+00:00', 'net_30', '1200 Mountain View Dr, Ste 400, Vail CO 81657', 'USD', '0195f2c0-89ab-7a10-8a01-000000000001', '2026-03-10T12:00:00+00:00', 'synced', '0195f2c0-89aa-7d6d-bb34-7f3b3f69c001', '2026-03-09T12:00:00+00:00', '2026-03-10T12:00:00+00:00') ON CONFLICT DO NOTHING;
INSERT INTO invoices (id, invoice_number, billing_entity, billing_entity_id, contact_name, contact_email, status, subtotal, tax, tax_rate, total, amount_credited, invoice_date, due_date, payment_terms, billing_address, currency, xero_sync_status, organization_id, created_at, updated_at) VALUES ('019d44b8-a7f4-7c5c-9276-d3332363d53a', 'INV-00003', 'Coastal Living Rentals', '019d44b8-a762-7a2d-9b45-2efbbe71b591', 'Jenna Park', 'jenna@coastalrentals.com', 'paid', 357.83, 35.78, 0.10, 393.61, 0, '2026-03-10T12:00:00+00:00', '2026-03-25T12:00:00+00:00', 'net_15', '45 Ocean Ave, Ste 3, Monterey CA 93940', 'USD', 'synced', '0195f2c0-89aa-7d6d-bb34-7f3b3f69c001', '2026-03-10T12:00:00+00:00', '2026-03-16T12:00:00+00:00') ON CONFLICT DO NOTHING;
INSERT INTO invoices (id, invoice_number, billing_entity, billing_entity_id, contact_name, contact_email, status, subtotal, tax, tax_rate, total, amount_credited, invoice_date, due_date, payment_terms, billing_address, currency, xero_sync_status, organization_id, created_at, updated_at) VALUES ('019d44b8-a7f5-76e0-bf22-1d3bf611b7bb', 'INV-00004', 'Summit Property Group', '019d44b8-a761-7c4f-9c24-903f9ce5bb58', 'Sarah Okafor', 'sarah@summitpm.com', 'draft', 702.0, 70.2, 0.10, 772.2, 0, '2026-03-15T12:00:00+00:00', '2026-04-14T12:00:00+00:00', 'net_30', '890 Summit Blvd, Ste 12, Aspen CO 81611', 'USD', 'pending', '0195f2c0-89aa-7d6d-bb34-7f3b3f69c001', '2026-03-15T12:00:00+00:00', '2026-03-15T12:00:00+00:00') ON CONFLICT DO NOTHING;
INSERT INTO credit_notes (id, credit_note_number, invoice_id, return_id, billing_entity, billing_entity_id, status, subtotal, tax, total, xero_sync_status, organization_id, created_at, updated_at) VALUES ('019d44b8-a7f6-790e-83c3-ab8c543fb2c3', 'CN-00001', '019d44b8-a7f3-75ad-b966-1ab599e4030f', '019d44b8-a7f7-7809-b613-a19fb8c37ace', 'Riva Ridge Property Mgmt', '019d44b8-a760-70e2-9605-0382b069f081', 'applied', 37.98, 3.8, 41.78, 'synced', '0195f2c0-89aa-7d6d-bb34-7f3b3f69c001', '2026-03-08T12:00:00+00:00', '2026-03-08T12:00:00+00:00') ON CONFLICT DO NOTHING;
INSERT INTO withdrawals (id, items, job_id, service_address, subtotal, tax, tax_rate, total, cost_total, contractor_id, contractor_name, contractor_company, billing_entity, billing_entity_id, payment_status, invoice_id, paid_at, processed_by_id, processed_by_name, organization_id, created_at) VALUES ('019d44b8-a7f8-7e80-9e65-9f909f2c2393', '[{"sku_id": "019d44b8-a785-7a3d-b9cb-a92eca93dc25", "sku": "PLP-PEXTUBE-01", "name": "PEX-A Tubing 1/2\" x 100ft Red", "quantity": 2, "unit_price": 42.99, "cost": 24.5, "unit": "foot", "sell_uom": "100ft_coil", "sell_cost": 24.5, "subtotal": 85.98, "cost_total": 49.0}, {"sku_id": "019d44b8-a788-7ac5-95d5-3ea294f8ba15", "sku": "PLF-SHRKBT90-01", "name": "SharkBite 1/2\" 90-Degree Elbow", "quantity": 10, "unit_price": 8.49, "cost": 4.8, "unit": "each", "sell_uom": "each", "sell_cost": 4.8, "subtotal": 84.9, "cost_total": 48.0}, {"sku_id": "019d44b8-a789-7386-b894-74c1b583b830", "sku": "PLF-SHRKBTT-01", "name": "SharkBite 1/2\" Tee", "quantity": 6, "unit_price": 9.99, "cost": 5.6, "unit": "each", "sell_uom": "each", "sell_cost": 5.6, "subtotal": 59.94, "cost_total": 33.6}]', '019d44b8-a763-757a-9d68-a576ca2044c3', '1200 Mountain View Dr, Unit 4A, Vail CO', 230.82, 23.08, 0.10, 253.9, 130.6, '0195f2c0-89ab-7a10-8a01-000000000002', 'Mike Torres', '', 'Riva Ridge Property Mgmt', '019d44b8-a760-70e2-9605-0382b069f081', 'paid', '019d44b8-a7f2-7326-85b0-c473feb49d60', '2026-03-12T12:00:00+00:00', '0195f2c0-89ab-7a10-8a01-000000000001', 'Marcus Chen', '0195f2c0-89aa-7d6d-bb34-7f3b3f69c001', '2026-03-05T12:00:00+00:00') ON CONFLICT DO NOTHING;
INSERT INTO withdrawals (id, items, job_id, service_address, subtotal, tax, tax_rate, total, cost_total, contractor_id, contractor_name, contractor_company, billing_entity, billing_entity_id, payment_status, invoice_id, paid_at, processed_by_id, processed_by_name, organization_id, created_at) VALUES ('019d44b8-a7f9-793d-b039-47b653e6c4ef', '[{"sku_id": "019d44b8-a78d-7890-92ba-f497c895db91", "sku": "ELE-DECORASW-01", "name": "Leviton Decora 15A Switch White", "quantity": 8, "unit_price": 3.29, "cost": 1.6, "unit": "each", "sell_uom": "each", "sell_cost": 1.6, "subtotal": 26.32, "cost_total": 12.8}, {"sku_id": "019d44b8-a78f-74b3-b0f1-fa544af79335", "sku": "ELE-GFCI15-01", "name": "Leviton GFCI 15A Outlet White", "quantity": 4, "unit_price": 18.99, "cost": 10.5, "unit": "each", "sell_uom": "each", "sell_cost": 10.5, "subtotal": 75.96, "cost_total": 42.0}, {"sku_id": "019d44b8-a78b-76d2-b04c-a87e30c645db", "sku": "ELW-ROMEX14-01", "name": "Romex 14/2 NM-B 250ft", "quantity": 1, "unit_price": 89.99, "cost": 52.0, "unit": "foot", "sell_uom": "250ft_spool", "sell_cost": 52.0, "subtotal": 89.99, "cost_total": 52.0}]', '019d44b8-a763-757a-9d68-a576ca2044c3', '1200 Mountain View Dr, Unit 4A, Vail CO', 192.26999999999998, 19.23, 0.10, 211.5, 106.8, '0195f2c0-89ab-7a10-8a01-000000000002', 'Mike Torres', '', 'Riva Ridge Property Mgmt', '019d44b8-a760-70e2-9605-0382b069f081', 'invoiced', '019d44b8-a7f3-75ad-b966-1ab599e4030f', NULL, '0195f2c0-89ab-7a10-8a01-000000000001', 'Marcus Chen', '0195f2c0-89aa-7d6d-bb34-7f3b3f69c001', '2026-03-07T12:00:00+00:00') ON CONFLICT DO NOTHING;
INSERT INTO withdrawals (id, items, job_id, service_address, subtotal, tax, tax_rate, total, cost_total, contractor_id, contractor_name, contractor_company, billing_entity, billing_entity_id, payment_status, invoice_id, paid_at, processed_by_id, processed_by_name, organization_id, created_at) VALUES ('019d44b8-a7fa-7f9e-9ea6-60059e0bfbfb', '[{"sku_id": "019d44b8-a795-719e-8df9-611ddaaf202b", "sku": "BLD-DRYWALL-01", "name": "1/2\" x 4x8 Drywall Sheet", "quantity": 12, "unit_price": 14.99, "cost": 8.2, "unit": "sheet", "sell_uom": "sheet", "sell_cost": 8.2, "subtotal": 179.88, "cost_total": 98.4}, {"sku_id": "019d44b8-a7a0-7e52-a540-00d541462ba5", "sku": "FAS-DRYSCR-01", "name": "#6 x 1-5/8\" Drywall Screw 1lb", "quantity": 4, "unit_price": 5.99, "cost": 2.8, "unit": "box", "sell_uom": "box", "sell_cost": 2.8, "subtotal": 23.96, "cost_total": 11.2}, {"sku_id": "019d44b8-a7a5-7445-bf76-70a9334e7d3f", "sku": "DRM-JNTCMPD-01", "name": "USG Plus 3 Joint Compound 4.5gal", "quantity": 2, "unit_price": 18.99, "cost": 10.4, "unit": "bucket", "sell_uom": "bucket", "sell_cost": 10.4, "subtotal": 37.98, "cost_total": 20.8}, {"sku_id": "019d44b8-a7a6-7216-bb02-75a5c10a2c3a", "sku": "DRS-DRYTAPE-01", "name": "FibaTape Mesh Drywall Tape 300ft", "quantity": 3, "unit_price": 6.99, "cost": 3.2, "unit": "roll", "sell_uom": "roll", "sell_cost": 3.2, "subtotal": 20.97, "cost_total": 9.6}]', '019d44b8-a764-790e-9e4f-1522500c711c', '1200 Mountain View Dr, Unit 7B, Vail CO', 262.78999999999996, 26.28, 0.10, 289.07, 140.0, '0195f2c0-89ab-7a10-8a01-000000000002', 'Mike Torres', '', 'Riva Ridge Property Mgmt', '019d44b8-a760-70e2-9605-0382b069f081', 'invoiced', '019d44b8-a7f3-75ad-b966-1ab599e4030f', NULL, '0195f2c0-89ab-7a10-8a01-000000000001', 'Marcus Chen', '0195f2c0-89aa-7d6d-bb34-7f3b3f69c001', '2026-03-09T12:00:00+00:00') ON CONFLICT DO NOTHING;
INSERT INTO withdrawals (id, items, job_id, service_address, subtotal, tax, tax_rate, total, cost_total, contractor_id, contractor_name, contractor_company, billing_entity, billing_entity_id, payment_status, invoice_id, paid_at, processed_by_id, processed_by_name, organization_id, created_at) VALUES ('019d44b8-a7fb-7cf5-905c-f5ea6776a78c', '[{"sku_id": "019d44b8-a79c-7560-b1d1-5f8593cd4ead", "sku": "LUM-PTDECK-01", "name": "5/4x6x12 PT Deck Board", "quantity": 20, "unit_price": 14.99, "cost": 8.8, "unit": "each", "sell_uom": "each", "sell_cost": 8.8, "subtotal": 299.8, "cost_total": 176.0}, {"sku_id": "019d44b8-a79d-7428-a9d2-09ff452c773a", "sku": "LUM-PTDECK-02", "name": "5/4x6x16 PT Deck Board", "quantity": 8, "unit_price": 19.99, "cost": 11.6, "unit": "each", "sell_uom": "each", "sell_cost": 11.6, "subtotal": 159.92, "cost_total": 92.8}, {"sku_id": "019d44b8-a79e-74af-8ad6-84e89f820a2a", "sku": "FAS-DECKSCR-01", "name": "GRK #8 x 2-1/2\" Deck Screw 100pk", "quantity": 6, "unit_price": 14.99, "cost": 7.8, "unit": "box", "sell_uom": "box", "sell_cost": 7.8, "subtotal": 89.94, "cost_total": 46.8}]', '019d44b8-a765-7004-bd89-45d62b4b5145', '345 Pine Ridge Rd, Aspen CO', 549.66, 54.97, 0.10, 604.63, 315.6, '0195f2c0-89ab-7a10-8a01-000000000003', 'Sarah Okafor', '', 'Summit Property Group', '019d44b8-a761-7c4f-9c24-903f9ce5bb58', 'unpaid', NULL, NULL, '0195f2c0-89ab-7a10-8a01-000000000001', 'Marcus Chen', '0195f2c0-89aa-7d6d-bb34-7f3b3f69c001', '2026-03-11T12:00:00+00:00') ON CONFLICT DO NOTHING;
INSERT INTO withdrawals (id, items, job_id, service_address, subtotal, tax, tax_rate, total, cost_total, contractor_id, contractor_name, contractor_company, billing_entity, billing_entity_id, payment_status, invoice_id, paid_at, processed_by_id, processed_by_name, organization_id, created_at) VALUES ('019d44b8-a7fc-7aab-beb8-2a0ac6d1bc0b', '[{"sku_id": "019d44b8-a799-7a4d-b6db-c9cbad3f4dbe", "sku": "LUM-STUDS2X4-01", "name": "2x4x8 SPF Stud", "quantity": 12, "unit_price": 4.29, "cost": 2.4, "unit": "each", "sell_uom": "each", "sell_cost": 2.4, "subtotal": 51.48, "cost_total": 28.8}, {"sku_id": "019d44b8-a79b-7aaa-8f7d-0d1203f3ec9f", "sku": "LUM-STUDS2X6-01", "name": "2x6x8 SPF", "quantity": 8, "unit_price": 6.99, "cost": 4.0, "unit": "each", "sell_uom": "each", "sell_cost": 4.0, "subtotal": 55.92, "cost_total": 32.0}, {"sku_id": "019d44b8-a797-760c-9eb4-16ca477099c2", "sku": "CON-QUIKSET-01", "name": "Quikrete Fast-Setting Concrete 50lb", "quantity": 6, "unit_price": 7.49, "cost": 4.1, "unit": "bag", "sell_uom": "bag", "sell_cost": 4.1, "subtotal": 44.94, "cost_total": 24.6}]', '019d44b8-a765-7004-bd89-45d62b4b5145', '345 Pine Ridge Rd, Aspen CO', 152.34, 15.23, 0.10, 167.57, 85.39999999999999, '0195f2c0-89ab-7a10-8a01-000000000003', 'Sarah Okafor', '', 'Summit Property Group', '019d44b8-a761-7c4f-9c24-903f9ce5bb58', 'unpaid', NULL, NULL, '0195f2c0-89ab-7a10-8a01-000000000001', 'Marcus Chen', '0195f2c0-89aa-7d6d-bb34-7f3b3f69c001', '2026-03-13T12:00:00+00:00') ON CONFLICT DO NOTHING;
INSERT INTO withdrawals (id, items, job_id, service_address, subtotal, tax, tax_rate, total, cost_total, contractor_id, contractor_name, contractor_company, billing_entity, billing_entity_id, payment_status, invoice_id, paid_at, processed_by_id, processed_by_name, organization_id, created_at) VALUES ('019d44b8-a7fd-72c5-be9d-2c4649eab692', '[{"sku_id": "019d44b8-a78c-7d92-8415-6a822ca395cd", "sku": "ELW-ROMEX12-01", "name": "Romex 12/2 NM-B 250ft", "quantity": 1, "unit_price": 119.99, "cost": 72.0, "unit": "foot", "sell_uom": "250ft_spool", "sell_cost": 72.0, "subtotal": 119.99, "cost_total": 72.0}, {"sku_id": "019d44b8-a78f-74b3-b0f1-fa544af79335", "sku": "ELE-GFCI15-01", "name": "Leviton GFCI 15A Outlet White", "quantity": 6, "unit_price": 18.99, "cost": 10.5, "unit": "each", "sell_uom": "each", "sell_cost": 10.5, "subtotal": 113.94, "cost_total": 63.0}, {"sku_id": "019d44b8-a78e-7cab-9eb6-a6687b270bf1", "sku": "ELE-DECORASW-02", "name": "Leviton Decora 15A Switch Ivory", "quantity": 10, "unit_price": 3.29, "cost": 1.6, "unit": "each", "sell_uom": "each", "sell_cost": 1.6, "subtotal": 32.9, "cost_total": 16.0}]', '019d44b8-a766-7da5-aa54-bbf9123fca37', '345 Pine Ridge Rd, Aspen CO', 266.83, 26.68, 0.10, 293.51, 151.0, '0195f2c0-89ab-7a10-8a01-000000000003', 'Sarah Okafor', '', 'Summit Property Group', '019d44b8-a761-7c4f-9c24-903f9ce5bb58', 'unpaid', NULL, NULL, '0195f2c0-89ab-7a10-8a01-000000000001', 'Marcus Chen', '0195f2c0-89aa-7d6d-bb34-7f3b3f69c001', '2026-03-14T12:00:00+00:00') ON CONFLICT DO NOTHING;
INSERT INTO withdrawals (id, items, job_id, service_address, subtotal, tax, tax_rate, total, cost_total, contractor_id, contractor_name, contractor_company, billing_entity, billing_entity_id, payment_status, invoice_id, paid_at, processed_by_id, processed_by_name, organization_id, created_at) VALUES ('019d44b8-a7fe-7c2c-9e83-149381bcf177', '[{"sku_id": "019d44b8-a792-7c4c-a156-b3576821f36e", "sku": "PNT-SWSUPER-03", "name": "SW SuperPaint Exterior Flat - Gallon", "quantity": 4, "unit_price": 58.99, "cost": 36.0, "unit": "gallon", "sell_uom": "gallon", "sell_cost": 36.0, "subtotal": 235.96, "cost_total": 144.0}, {"sku_id": "019d44b8-a793-7705-9cb3-74987a65a553", "sku": "PNS-ROLLER9-01", "name": "Purdy White Dove 9\" Roller Cover 3/8\" Nap", "quantity": 6, "unit_price": 8.99, "cost": 4.2, "unit": "each", "sell_uom": "each", "sell_cost": 4.2, "subtotal": 53.94, "cost_total": 25.2}, {"sku_id": "019d44b8-a794-739c-a07f-1073c4e845b2", "sku": "PNS-ROLLER9-02", "name": "Purdy White Dove 9\" Roller Cover 1/2\" Nap", "quantity": 4, "unit_price": 9.49, "cost": 4.5, "unit": "each", "sell_uom": "each", "sell_cost": 4.5, "subtotal": 37.96, "cost_total": 18.0}, {"sku_id": "019d44b8-a7aa-7de8-978a-af019d925c10", "sku": "CLN-PREPWIPE-01", "name": "Sherwin-Williams Prep & Cleanup Wipes", "quantity": 3, "unit_price": 9.99, "cost": 5.2, "unit": "pack", "sell_uom": "pack", "sell_cost": 5.2, "subtotal": 29.97, "cost_total": 15.6}]', '019d44b8-a767-7e29-81b0-f2a67a8712ed', '45 Ocean Ave, Monterey CA', 357.83, 35.78, 0.10, 393.61, 202.8, '0195f2c0-89ab-7a10-8a01-000000000002', 'Mike Torres', '', 'Coastal Living Rentals', '019d44b8-a762-7a2d-9b45-2efbbe71b591', 'paid', '019d44b8-a7f4-7c5c-9276-d3332363d53a', '2026-03-16T12:00:00+00:00', '0195f2c0-89ab-7a10-8a01-000000000001', 'Marcus Chen', '0195f2c0-89aa-7d6d-bb34-7f3b3f69c001', '2026-03-10T12:00:00+00:00') ON CONFLICT DO NOTHING;
INSERT INTO withdrawals (id, items, job_id, service_address, subtotal, tax, tax_rate, total, cost_total, contractor_id, contractor_name, contractor_company, billing_entity, billing_entity_id, payment_status, invoice_id, paid_at, processed_by_id, processed_by_name, organization_id, created_at) VALUES ('019d44b8-a7ff-7b51-93a2-c4524a2eb809', '[{"sku_id": "019d44b8-a7a7-7ba3-886b-c436e1de3516", "sku": "SAF-KIDDESM-01", "name": "Kidde Hardwired Smoke + CO Detector", "quantity": 3, "unit_price": 42.99, "cost": 28.0, "unit": "each", "sell_uom": "each", "sell_cost": 28.0, "subtotal": 128.97, "cost_total": 84.0}, {"sku_id": "019d44b8-a7ab-7396-9073-7902de075deb", "sku": "LOK-KWIKDBL-01", "name": "Kwikset Deadbolt Satin Nickel", "quantity": 2, "unit_price": 29.99, "cost": 16.0, "unit": "each", "sell_uom": "each", "sell_cost": 16.0, "subtotal": 59.98, "cost_total": 32.0}, {"sku_id": "019d44b8-a7a3-702d-a44d-44fb915418b4", "sku": "ADH-LIQNAIL-01", "name": "Liquid Nails Heavy Duty 10oz", "quantity": 4, "unit_price": 5.49, "cost": 2.8, "unit": "tube", "sell_uom": "tube", "sell_cost": 2.8, "subtotal": 21.96, "cost_total": 11.2}]', '019d44b8-a763-757a-9d68-a576ca2044c3', '1200 Mountain View Dr, Unit 4A, Vail CO', 210.91, 21.09, 0.10, 232.0, 127.2, '0195f2c0-89ab-7a10-8a01-000000000002', 'Mike Torres', '', 'Riva Ridge Property Mgmt', '019d44b8-a760-70e2-9605-0382b069f081', 'unpaid', NULL, NULL, '0195f2c0-89ab-7a10-8a01-000000000001', 'Marcus Chen', '0195f2c0-89aa-7d6d-bb34-7f3b3f69c001', '2026-03-16T12:00:00+00:00') ON CONFLICT DO NOTHING;
INSERT INTO withdrawal_items (id, withdrawal_id, sku_id, sku, name, quantity, unit_price, cost, unit, amount, cost_total, sell_uom, sell_cost) VALUES ('019d44b8-a800-772c-ae7f-8b26d74d4f35', '019d44b8-a7f8-7e80-9e65-9f909f2c2393', '019d44b8-a785-7a3d-b9cb-a92eca93dc25', 'PLP-PEXTUBE-01', 'PEX-A Tubing 1/2" x 100ft Red', 2, 42.99, 24.5, 'foot', 85.98, 49.0, '100ft_coil', 24.5) ON CONFLICT DO NOTHING;
INSERT INTO withdrawal_items (id, withdrawal_id, sku_id, sku, name, quantity, unit_price, cost, unit, amount, cost_total, sell_uom, sell_cost) VALUES ('019d44b8-a801-78f9-950c-b372d25797f7', '019d44b8-a7f8-7e80-9e65-9f909f2c2393', '019d44b8-a788-7ac5-95d5-3ea294f8ba15', 'PLF-SHRKBT90-01', 'SharkBite 1/2" 90-Degree Elbow', 10, 8.49, 4.8, 'each', 84.9, 48.0, 'each', 4.8) ON CONFLICT DO NOTHING;
INSERT INTO withdrawal_items (id, withdrawal_id, sku_id, sku, name, quantity, unit_price, cost, unit, amount, cost_total, sell_uom, sell_cost) VALUES ('019d44b8-a802-7140-a17f-8f93d595cd11', '019d44b8-a7f8-7e80-9e65-9f909f2c2393', '019d44b8-a789-7386-b894-74c1b583b830', 'PLF-SHRKBTT-01', 'SharkBite 1/2" Tee', 6, 9.99, 5.6, 'each', 59.94, 33.6, 'each', 5.6) ON CONFLICT DO NOTHING;
INSERT INTO withdrawal_items (id, withdrawal_id, sku_id, sku, name, quantity, unit_price, cost, unit, amount, cost_total, sell_uom, sell_cost) VALUES ('019d44b8-a803-7ce4-88a4-ab3539a60971', '019d44b8-a7f9-793d-b039-47b653e6c4ef', '019d44b8-a78d-7890-92ba-f497c895db91', 'ELE-DECORASW-01', 'Leviton Decora 15A Switch White', 8, 3.29, 1.6, 'each', 26.32, 12.8, 'each', 1.6) ON CONFLICT DO NOTHING;
INSERT INTO withdrawal_items (id, withdrawal_id, sku_id, sku, name, quantity, unit_price, cost, unit, amount, cost_total, sell_uom, sell_cost) VALUES ('019d44b8-a804-7b20-800c-1918a85bb9f5', '019d44b8-a7f9-793d-b039-47b653e6c4ef', '019d44b8-a78f-74b3-b0f1-fa544af79335', 'ELE-GFCI15-01', 'Leviton GFCI 15A Outlet White', 4, 18.99, 10.5, 'each', 75.96, 42.0, 'each', 10.5) ON CONFLICT DO NOTHING;
INSERT INTO withdrawal_items (id, withdrawal_id, sku_id, sku, name, quantity, unit_price, cost, unit, amount, cost_total, sell_uom, sell_cost) VALUES ('019d44b8-a805-7c8b-84aa-3e55c97b0670', '019d44b8-a7f9-793d-b039-47b653e6c4ef', '019d44b8-a78b-76d2-b04c-a87e30c645db', 'ELW-ROMEX14-01', 'Romex 14/2 NM-B 250ft', 1, 89.99, 52.0, 'foot', 89.99, 52.0, '250ft_spool', 52.0) ON CONFLICT DO NOTHING;
INSERT INTO withdrawal_items (id, withdrawal_id, sku_id, sku, name, quantity, unit_price, cost, unit, amount, cost_total, sell_uom, sell_cost) VALUES ('019d44b8-a806-7b05-a20b-3666b909f1b4', '019d44b8-a7fa-7f9e-9ea6-60059e0bfbfb', '019d44b8-a795-719e-8df9-611ddaaf202b', 'BLD-DRYWALL-01', '1/2" x 4x8 Drywall Sheet', 12, 14.99, 8.2, 'sheet', 179.88, 98.4, 'sheet', 8.2) ON CONFLICT DO NOTHING;
INSERT INTO withdrawal_items (id, withdrawal_id, sku_id, sku, name, quantity, unit_price, cost, unit, amount, cost_total, sell_uom, sell_cost) VALUES ('019d44b8-a807-7928-bd14-7994a19a91eb', '019d44b8-a7fa-7f9e-9ea6-60059e0bfbfb', '019d44b8-a7a0-7e52-a540-00d541462ba5', 'FAS-DRYSCR-01', '#6 x 1-5/8" Drywall Screw 1lb', 4, 5.99, 2.8, 'box', 23.96, 11.2, 'box', 2.8) ON CONFLICT DO NOTHING;
INSERT INTO withdrawal_items (id, withdrawal_id, sku_id, sku, name, quantity, unit_price, cost, unit, amount, cost_total, sell_uom, sell_cost) VALUES ('019d44b8-a808-76f3-ba50-dcc2e454b497', '019d44b8-a7fa-7f9e-9ea6-60059e0bfbfb', '019d44b8-a7a5-7445-bf76-70a9334e7d3f', 'DRM-JNTCMPD-01', 'USG Plus 3 Joint Compound 4.5gal', 2, 18.99, 10.4, 'bucket', 37.98, 20.8, 'bucket', 10.4) ON CONFLICT DO NOTHING;
INSERT INTO withdrawal_items (id, withdrawal_id, sku_id, sku, name, quantity, unit_price, cost, unit, amount, cost_total, sell_uom, sell_cost) VALUES ('019d44b8-a809-7994-9914-571757518f7e', '019d44b8-a7fa-7f9e-9ea6-60059e0bfbfb', '019d44b8-a7a6-7216-bb02-75a5c10a2c3a', 'DRS-DRYTAPE-01', 'FibaTape Mesh Drywall Tape 300ft', 3, 6.99, 3.2, 'roll', 20.97, 9.6, 'roll', 3.2) ON CONFLICT DO NOTHING;
INSERT INTO withdrawal_items (id, withdrawal_id, sku_id, sku, name, quantity, unit_price, cost, unit, amount, cost_total, sell_uom, sell_cost) VALUES ('019d44b8-a80a-7d0a-b863-fe5075ca8843', '019d44b8-a7fb-7cf5-905c-f5ea6776a78c', '019d44b8-a79c-7560-b1d1-5f8593cd4ead', 'LUM-PTDECK-01', '5/4x6x12 PT Deck Board', 20, 14.99, 8.8, 'each', 299.8, 176.0, 'each', 8.8) ON CONFLICT DO NOTHING;
INSERT INTO withdrawal_items (id, withdrawal_id, sku_id, sku, name, quantity, unit_price, cost, unit, amount, cost_total, sell_uom, sell_cost) VALUES ('019d44b8-a80b-7822-b935-b0c29efc2257', '019d44b8-a7fb-7cf5-905c-f5ea6776a78c', '019d44b8-a79d-7428-a9d2-09ff452c773a', 'LUM-PTDECK-02', '5/4x6x16 PT Deck Board', 8, 19.99, 11.6, 'each', 159.92, 92.8, 'each', 11.6) ON CONFLICT DO NOTHING;
INSERT INTO withdrawal_items (id, withdrawal_id, sku_id, sku, name, quantity, unit_price, cost, unit, amount, cost_total, sell_uom, sell_cost) VALUES ('019d44b8-a80c-7021-9cf3-cd5729d0cd98', '019d44b8-a7fb-7cf5-905c-f5ea6776a78c', '019d44b8-a79e-74af-8ad6-84e89f820a2a', 'FAS-DECKSCR-01', 'GRK #8 x 2-1/2" Deck Screw 100pk', 6, 14.99, 7.8, 'box', 89.94, 46.8, 'box', 7.8) ON CONFLICT DO NOTHING;
INSERT INTO withdrawal_items (id, withdrawal_id, sku_id, sku, name, quantity, unit_price, cost, unit, amount, cost_total, sell_uom, sell_cost) VALUES ('019d44b8-a80d-7428-bced-430fe600fdea', '019d44b8-a7fc-7aab-beb8-2a0ac6d1bc0b', '019d44b8-a799-7a4d-b6db-c9cbad3f4dbe', 'LUM-STUDS2X4-01', '2x4x8 SPF Stud', 12, 4.29, 2.4, 'each', 51.48, 28.8, 'each', 2.4) ON CONFLICT DO NOTHING;
INSERT INTO withdrawal_items (id, withdrawal_id, sku_id, sku, name, quantity, unit_price, cost, unit, amount, cost_total, sell_uom, sell_cost) VALUES ('019d44b8-a80e-7508-b859-9937a6cf02e3', '019d44b8-a7fc-7aab-beb8-2a0ac6d1bc0b', '019d44b8-a79b-7aaa-8f7d-0d1203f3ec9f', 'LUM-STUDS2X6-01', '2x6x8 SPF', 8, 6.99, 4.0, 'each', 55.92, 32.0, 'each', 4.0) ON CONFLICT DO NOTHING;
INSERT INTO withdrawal_items (id, withdrawal_id, sku_id, sku, name, quantity, unit_price, cost, unit, amount, cost_total, sell_uom, sell_cost) VALUES ('019d44b8-a80f-75b9-8471-c3b6569775e1', '019d44b8-a7fc-7aab-beb8-2a0ac6d1bc0b', '019d44b8-a797-760c-9eb4-16ca477099c2', 'CON-QUIKSET-01', 'Quikrete Fast-Setting Concrete 50lb', 6, 7.49, 4.1, 'bag', 44.94, 24.6, 'bag', 4.1) ON CONFLICT DO NOTHING;
INSERT INTO withdrawal_items (id, withdrawal_id, sku_id, sku, name, quantity, unit_price, cost, unit, amount, cost_total, sell_uom, sell_cost) VALUES ('019d44b8-a810-7013-a779-a84d60079711', '019d44b8-a7fd-72c5-be9d-2c4649eab692', '019d44b8-a78c-7d92-8415-6a822ca395cd', 'ELW-ROMEX12-01', 'Romex 12/2 NM-B 250ft', 1, 119.99, 72.0, 'foot', 119.99, 72.0, '250ft_spool', 72.0) ON CONFLICT DO NOTHING;
INSERT INTO withdrawal_items (id, withdrawal_id, sku_id, sku, name, quantity, unit_price, cost, unit, amount, cost_total, sell_uom, sell_cost) VALUES ('019d44b8-a811-75d2-ae01-b6d87d666a1c', '019d44b8-a7fd-72c5-be9d-2c4649eab692', '019d44b8-a78f-74b3-b0f1-fa544af79335', 'ELE-GFCI15-01', 'Leviton GFCI 15A Outlet White', 6, 18.99, 10.5, 'each', 113.94, 63.0, 'each', 10.5) ON CONFLICT DO NOTHING;
INSERT INTO withdrawal_items (id, withdrawal_id, sku_id, sku, name, quantity, unit_price, cost, unit, amount, cost_total, sell_uom, sell_cost) VALUES ('019d44b8-a812-78ba-a025-abd45d0463c3', '019d44b8-a7fd-72c5-be9d-2c4649eab692', '019d44b8-a78e-7cab-9eb6-a6687b270bf1', 'ELE-DECORASW-02', 'Leviton Decora 15A Switch Ivory', 10, 3.29, 1.6, 'each', 32.9, 16.0, 'each', 1.6) ON CONFLICT DO NOTHING;
INSERT INTO withdrawal_items (id, withdrawal_id, sku_id, sku, name, quantity, unit_price, cost, unit, amount, cost_total, sell_uom, sell_cost) VALUES ('019d44b8-a813-78fb-b2e4-967a97215e7a', '019d44b8-a7fe-7c2c-9e83-149381bcf177', '019d44b8-a792-7c4c-a156-b3576821f36e', 'PNT-SWSUPER-03', 'SW SuperPaint Exterior Flat - Gallon', 4, 58.99, 36.0, 'gallon', 235.96, 144.0, 'gallon', 36.0) ON CONFLICT DO NOTHING;
INSERT INTO withdrawal_items (id, withdrawal_id, sku_id, sku, name, quantity, unit_price, cost, unit, amount, cost_total, sell_uom, sell_cost) VALUES ('019d44b8-a814-7f07-956b-30b47f4cbbf6', '019d44b8-a7fe-7c2c-9e83-149381bcf177', '019d44b8-a793-7705-9cb3-74987a65a553', 'PNS-ROLLER9-01', 'Purdy White Dove 9" Roller Cover 3/8" Nap', 6, 8.99, 4.2, 'each', 53.94, 25.2, 'each', 4.2) ON CONFLICT DO NOTHING;
INSERT INTO withdrawal_items (id, withdrawal_id, sku_id, sku, name, quantity, unit_price, cost, unit, amount, cost_total, sell_uom, sell_cost) VALUES ('019d44b8-a815-7e87-a429-3a7ffb4e61ae', '019d44b8-a7fe-7c2c-9e83-149381bcf177', '019d44b8-a794-739c-a07f-1073c4e845b2', 'PNS-ROLLER9-02', 'Purdy White Dove 9" Roller Cover 1/2" Nap', 4, 9.49, 4.5, 'each', 37.96, 18.0, 'each', 4.5) ON CONFLICT DO NOTHING;
INSERT INTO withdrawal_items (id, withdrawal_id, sku_id, sku, name, quantity, unit_price, cost, unit, amount, cost_total, sell_uom, sell_cost) VALUES ('019d44b8-a816-7403-9f13-af1a4a632def', '019d44b8-a7fe-7c2c-9e83-149381bcf177', '019d44b8-a7aa-7de8-978a-af019d925c10', 'CLN-PREPWIPE-01', 'Sherwin-Williams Prep & Cleanup Wipes', 3, 9.99, 5.2, 'pack', 29.97, 15.6, 'pack', 5.2) ON CONFLICT DO NOTHING;
INSERT INTO withdrawal_items (id, withdrawal_id, sku_id, sku, name, quantity, unit_price, cost, unit, amount, cost_total, sell_uom, sell_cost) VALUES ('019d44b8-a817-739a-96c4-0c739693ca49', '019d44b8-a7ff-7b51-93a2-c4524a2eb809', '019d44b8-a7a7-7ba3-886b-c436e1de3516', 'SAF-KIDDESM-01', 'Kidde Hardwired Smoke + CO Detector', 3, 42.99, 28.0, 'each', 128.97, 84.0, 'each', 28.0) ON CONFLICT DO NOTHING;
INSERT INTO withdrawal_items (id, withdrawal_id, sku_id, sku, name, quantity, unit_price, cost, unit, amount, cost_total, sell_uom, sell_cost) VALUES ('019d44b8-a818-76de-b273-e341b8bb66f1', '019d44b8-a7ff-7b51-93a2-c4524a2eb809', '019d44b8-a7ab-7396-9073-7902de075deb', 'LOK-KWIKDBL-01', 'Kwikset Deadbolt Satin Nickel', 2, 29.99, 16.0, 'each', 59.98, 32.0, 'each', 16.0) ON CONFLICT DO NOTHING;
INSERT INTO withdrawal_items (id, withdrawal_id, sku_id, sku, name, quantity, unit_price, cost, unit, amount, cost_total, sell_uom, sell_cost) VALUES ('019d44b8-a819-7196-aa1f-7f57b5f4c0b9', '019d44b8-a7ff-7b51-93a2-c4524a2eb809', '019d44b8-a7a3-702d-a44d-44fb915418b4', 'ADH-LIQNAIL-01', 'Liquid Nails Heavy Duty 10oz', 4, 5.49, 2.8, 'tube', 21.96, 11.2, 'tube', 2.8) ON CONFLICT DO NOTHING;
INSERT INTO material_requests (id, contractor_id, contractor_name, status, job_id, service_address, created_at, organization_id) VALUES ('019d44b8-a81a-7f2f-9429-6e4a201c1251', '0195f2c0-89ab-7a10-8a01-000000000003', 'Sarah Okafor', 'pending', '019d44b8-a765-7004-bd89-45d62b4b5145', '345 Pine Ridge Rd, Aspen CO', '2026-03-17T06:00:00+00:00', '0195f2c0-89aa-7d6d-bb34-7f3b3f69c001') ON CONFLICT DO NOTHING;
INSERT INTO material_requests (id, contractor_id, contractor_name, status, job_id, service_address, created_at, processed_at, processed_by_id, organization_id) VALUES ('019d44b8-a81b-70e9-968b-5dc07efb7eae', '0195f2c0-89ab-7a10-8a01-000000000002', 'Mike Torres', 'processed', '019d44b8-a763-757a-9d68-a576ca2044c3', '1200 Mountain View Dr, Unit 4A, Vail CO', '2026-03-15T12:00:00+00:00', '2026-03-16T12:00:00+00:00', '0195f2c0-89ab-7a10-8a01-000000000001', '0195f2c0-89aa-7d6d-bb34-7f3b3f69c001') ON CONFLICT DO NOTHING;
-- Normalized material_request_items (matches JSON on material_requests; required by schema)
INSERT INTO material_request_items (id, material_request_id, sku_id, sku, name, quantity, unit_price, cost, unit) VALUES ('019d44b8-a81c-7e8e-be60-4cd3f3b4eb8e', '019d44b8-a81a-7f2f-9429-6e4a201c1251', '019d44b8-a7ad-74d3-a6f6-2ebba4aa74f8', 'INS-OWENR15-01', 'Owens Corning R-15 3.5" x 15" x 93" 8-pack', 4, 49.99, 0, 'pack') ON CONFLICT DO NOTHING;
INSERT INTO material_request_items (id, material_request_id, sku_id, sku, name, quantity, unit_price, cost, unit) VALUES ('019d44b8-a81d-7f46-ab47-5fad4168dd88', '019d44b8-a81b-70e9-968b-5dc07efb7eae', '019d44b8-a7ae-7dd7-ac0d-98afd0317b7e', 'FLO-LVPOAK-01', 'LifeProof Sterling Oak LVP 20.06sqft', 6, 42.99, 0, 'box') ON CONFLICT DO NOTHING;
INSERT INTO invoice_withdrawals (invoice_id, withdrawal_id) VALUES ('019d44b8-a7f2-7326-85b0-c473feb49d60', '019d44b8-a7f8-7e80-9e65-9f909f2c2393') ON CONFLICT DO NOTHING;
INSERT INTO invoice_withdrawals (invoice_id, withdrawal_id) VALUES ('019d44b8-a7f3-75ad-b966-1ab599e4030f', '019d44b8-a7f9-793d-b039-47b653e6c4ef') ON CONFLICT DO NOTHING;
INSERT INTO invoice_withdrawals (invoice_id, withdrawal_id) VALUES ('019d44b8-a7f3-75ad-b966-1ab599e4030f', '019d44b8-a7fa-7f9e-9ea6-60059e0bfbfb') ON CONFLICT DO NOTHING;
INSERT INTO invoice_withdrawals (invoice_id, withdrawal_id) VALUES ('019d44b8-a7f4-7c5c-9276-d3332363d53a', '019d44b8-a7fe-7c2c-9e83-149381bcf177') ON CONFLICT DO NOTHING;
INSERT INTO invoice_withdrawals (invoice_id, withdrawal_id) VALUES ('019d44b8-a7f5-76e0-bf22-1d3bf611b7bb', '019d44b8-a7fb-7cf5-905c-f5ea6776a78c') ON CONFLICT DO NOTHING;
INSERT INTO invoice_withdrawals (invoice_id, withdrawal_id) VALUES ('019d44b8-a7f5-76e0-bf22-1d3bf611b7bb', '019d44b8-a7fc-7aab-beb8-2a0ac6d1bc0b') ON CONFLICT DO NOTHING;
INSERT INTO invoice_line_items (id, invoice_id, description, quantity, unit_price, amount, cost, sku_id, job_id, unit, sell_cost) VALUES ('019d44b8-a81e-7f25-a141-d34e03a41dfc', '019d44b8-a7f2-7326-85b0-c473feb49d60', 'PEX-A Tubing 1/2" x 100ft Red', 2, 42.99, 85.98, 24.5, '019d44b8-a81f-710e-b045-37dcd19ee5a9', '019d44b8-a763-757a-9d68-a576ca2044c3', 'foot', 24.5) ON CONFLICT DO NOTHING;
INSERT INTO invoice_line_items (id, invoice_id, description, quantity, unit_price, amount, cost, sku_id, job_id, unit, sell_cost) VALUES ('019d44b8-a820-7c78-9ca6-79ca3dd13ba2', '019d44b8-a7f2-7326-85b0-c473feb49d60', 'SharkBite 1/2" 90-Degree Elbow', 10, 8.49, 84.9, 4.8, '019d44b8-a821-7b99-a183-89796ad70db1', '019d44b8-a763-757a-9d68-a576ca2044c3', 'each', 4.8) ON CONFLICT DO NOTHING;
INSERT INTO invoice_line_items (id, invoice_id, description, quantity, unit_price, amount, cost, sku_id, job_id, unit, sell_cost) VALUES ('019d44b8-a822-7f7c-9b4d-1068d2c0bc1f', '019d44b8-a7f2-7326-85b0-c473feb49d60', 'SharkBite 1/2" Tee', 6, 9.99, 59.94, 5.6, '019d44b8-a823-75e1-899b-e6cb902eb752', '019d44b8-a763-757a-9d68-a576ca2044c3', 'each', 5.6) ON CONFLICT DO NOTHING;
INSERT INTO invoice_line_items (id, invoice_id, description, quantity, unit_price, amount, cost, sku_id, job_id, unit, sell_cost) VALUES ('019d44b8-a824-7cbc-84f4-e0ab86908c69', '019d44b8-a7f3-75ad-b966-1ab599e4030f', 'Leviton Decora 15A Switch White', 8, 3.29, 26.32, 1.6, '019d44b8-a825-7b66-b264-f546909c4c24', '019d44b8-a763-757a-9d68-a576ca2044c3', 'each', 1.6) ON CONFLICT DO NOTHING;
INSERT INTO invoice_line_items (id, invoice_id, description, quantity, unit_price, amount, cost, sku_id, job_id, unit, sell_cost) VALUES ('019d44b8-a826-7a8d-a72e-faf7db96e039', '019d44b8-a7f3-75ad-b966-1ab599e4030f', 'Leviton GFCI 15A Outlet White', 4, 18.99, 75.96, 10.5, '019d44b8-a827-75c3-9ba7-625969af88d5', '019d44b8-a763-757a-9d68-a576ca2044c3', 'each', 10.5) ON CONFLICT DO NOTHING;
INSERT INTO invoice_line_items (id, invoice_id, description, quantity, unit_price, amount, cost, sku_id, job_id, unit, sell_cost) VALUES ('019d44b8-a828-7799-add8-bce4abf75f20', '019d44b8-a7f3-75ad-b966-1ab599e4030f', 'Romex 14/2 NM-B 250ft', 1, 89.99, 89.99, 52.0, '019d44b8-a829-7cdd-bce4-7f43f7689571', '019d44b8-a763-757a-9d68-a576ca2044c3', 'foot', 52.0) ON CONFLICT DO NOTHING;
INSERT INTO invoice_line_items (id, invoice_id, description, quantity, unit_price, amount, cost, sku_id, job_id, unit, sell_cost) VALUES ('019d44b8-a82a-7457-813c-c6d082b1f20b', '019d44b8-a7f3-75ad-b966-1ab599e4030f', '1/2" x 4x8 Drywall Sheet', 12, 14.99, 179.88, 8.2, '019d44b8-a82b-7a49-af00-6869b1386666', '019d44b8-a764-790e-9e4f-1522500c711c', 'sheet', 8.2) ON CONFLICT DO NOTHING;
INSERT INTO invoice_line_items (id, invoice_id, description, quantity, unit_price, amount, cost, sku_id, job_id, unit, sell_cost) VALUES ('019d44b8-a82c-748d-a7b0-af40fb92821b', '019d44b8-a7f3-75ad-b966-1ab599e4030f', '#6 x 1-5/8" Drywall Screw 1lb', 4, 5.99, 23.96, 2.8, '019d44b8-a82d-759f-be60-5a0b174929ac', '019d44b8-a764-790e-9e4f-1522500c711c', 'box', 2.8) ON CONFLICT DO NOTHING;
INSERT INTO invoice_line_items (id, invoice_id, description, quantity, unit_price, amount, cost, sku_id, job_id, unit, sell_cost) VALUES ('019d44b8-a82e-7528-bbd8-49795a2da991', '019d44b8-a7f3-75ad-b966-1ab599e4030f', 'USG Plus 3 Joint Compound 4.5gal', 2, 18.99, 37.98, 10.4, '019d44b8-a82f-718d-b9e5-b0b2bbe605d1', '019d44b8-a764-790e-9e4f-1522500c711c', 'bucket', 10.4) ON CONFLICT DO NOTHING;
INSERT INTO invoice_line_items (id, invoice_id, description, quantity, unit_price, amount, cost, sku_id, job_id, unit, sell_cost) VALUES ('019d44b8-a830-7b32-b8f2-3fb76fdb0a7c', '019d44b8-a7f3-75ad-b966-1ab599e4030f', 'FibaTape Mesh Drywall Tape 300ft', 3, 6.99, 20.97, 3.2, '019d44b8-a831-7558-820b-72cc8028ce33', '019d44b8-a764-790e-9e4f-1522500c711c', 'roll', 3.2) ON CONFLICT DO NOTHING;
INSERT INTO invoice_line_items (id, invoice_id, description, quantity, unit_price, amount, cost, sku_id, job_id, unit, sell_cost) VALUES ('019d44b8-a832-73b4-8046-cce2f3cc6818', '019d44b8-a7f4-7c5c-9276-d3332363d53a', 'SW SuperPaint Exterior Flat - Gallon', 4, 58.99, 235.96, 36.0, '019d44b8-a833-7472-970d-a72301606a07', '019d44b8-a767-7e29-81b0-f2a67a8712ed', 'gallon', 36.0) ON CONFLICT DO NOTHING;
INSERT INTO invoice_line_items (id, invoice_id, description, quantity, unit_price, amount, cost, sku_id, job_id, unit, sell_cost) VALUES ('019d44b8-a834-702c-ae2d-985471e82450', '019d44b8-a7f4-7c5c-9276-d3332363d53a', 'Purdy White Dove 9" Roller Cover 3/8" Nap', 6, 8.99, 53.94, 4.2, '019d44b8-a835-789f-8aa0-28069d66210f', '019d44b8-a767-7e29-81b0-f2a67a8712ed', 'each', 4.2) ON CONFLICT DO NOTHING;
INSERT INTO invoice_line_items (id, invoice_id, description, quantity, unit_price, amount, cost, sku_id, job_id, unit, sell_cost) VALUES ('019d44b8-a836-78fc-8004-4934487743c8', '019d44b8-a7f4-7c5c-9276-d3332363d53a', 'Purdy White Dove 9" Roller Cover 1/2" Nap', 4, 9.49, 37.96, 4.5, '019d44b8-a837-7a6d-8f3a-b17f4740dd04', '019d44b8-a767-7e29-81b0-f2a67a8712ed', 'each', 4.5) ON CONFLICT DO NOTHING;
INSERT INTO invoice_line_items (id, invoice_id, description, quantity, unit_price, amount, cost, sku_id, job_id, unit, sell_cost) VALUES ('019d44b8-a838-7a9e-90e1-8470ac412d83', '019d44b8-a7f4-7c5c-9276-d3332363d53a', 'Sherwin-Williams Prep & Cleanup Wipes', 3, 9.99, 29.97, 5.2, '019d44b8-a839-7920-8a44-e587ba6a1e91', '019d44b8-a767-7e29-81b0-f2a67a8712ed', 'pack', 5.2) ON CONFLICT DO NOTHING;
INSERT INTO invoice_line_items (id, invoice_id, description, quantity, unit_price, amount, cost, sku_id, job_id, unit, sell_cost) VALUES ('019d44b8-a83a-756f-8671-d0d39910bf16', '019d44b8-a7f5-76e0-bf22-1d3bf611b7bb', '5/4x6x12 PT Deck Board', 20, 14.99, 299.8, 8.8, '019d44b8-a83b-74b7-88f2-dbff666f4965', '019d44b8-a765-7004-bd89-45d62b4b5145', 'each', 8.8) ON CONFLICT DO NOTHING;
INSERT INTO invoice_line_items (id, invoice_id, description, quantity, unit_price, amount, cost, sku_id, job_id, unit, sell_cost) VALUES ('019d44b8-a83c-707e-b3c5-46e0d0b0cf35', '019d44b8-a7f5-76e0-bf22-1d3bf611b7bb', '5/4x6x16 PT Deck Board', 8, 19.99, 159.92, 11.6, '019d44b8-a83d-7f3d-a394-be7678f6fb54', '019d44b8-a765-7004-bd89-45d62b4b5145', 'each', 11.6) ON CONFLICT DO NOTHING;
INSERT INTO invoice_line_items (id, invoice_id, description, quantity, unit_price, amount, cost, sku_id, job_id, unit, sell_cost) VALUES ('019d44b8-a83e-7cfd-8aab-333db87cf1de', '019d44b8-a7f5-76e0-bf22-1d3bf611b7bb', 'GRK #8 x 2-1/2" Deck Screw 100pk', 6, 14.99, 89.94, 7.8, '019d44b8-a83f-747a-a2fc-661210aa10f6', '019d44b8-a765-7004-bd89-45d62b4b5145', 'box', 7.8) ON CONFLICT DO NOTHING;
INSERT INTO invoice_line_items (id, invoice_id, description, quantity, unit_price, amount, cost, sku_id, job_id, unit, sell_cost) VALUES ('019d44b8-a840-7076-b522-eb8d9d5060c9', '019d44b8-a7f5-76e0-bf22-1d3bf611b7bb', '2x4x8 SPF Stud', 12, 4.29, 51.48, 2.4, '019d44b8-a841-7196-ad3f-237d46b31e9c', '019d44b8-a765-7004-bd89-45d62b4b5145', 'each', 2.4) ON CONFLICT DO NOTHING;
INSERT INTO invoice_line_items (id, invoice_id, description, quantity, unit_price, amount, cost, sku_id, job_id, unit, sell_cost) VALUES ('019d44b8-a842-761d-8027-37d37162a0fc', '019d44b8-a7f5-76e0-bf22-1d3bf611b7bb', '2x6x8 SPF', 8, 6.99, 55.92, 4.0, '019d44b8-a843-7f5c-9a13-abfd8de66381', '019d44b8-a765-7004-bd89-45d62b4b5145', 'each', 4.0) ON CONFLICT DO NOTHING;
INSERT INTO invoice_line_items (id, invoice_id, description, quantity, unit_price, amount, cost, sku_id, job_id, unit, sell_cost) VALUES ('019d44b8-a844-7017-84d9-e7a4fc568903', '019d44b8-a7f5-76e0-bf22-1d3bf611b7bb', 'Quikrete Fast-Setting Concrete 50lb', 6, 7.49, 44.94, 4.1, '019d44b8-a845-7b78-866a-1dadcabd4e47', '019d44b8-a765-7004-bd89-45d62b4b5145', 'bag', 4.1) ON CONFLICT DO NOTHING;
INSERT INTO payments (id, invoice_id, billing_entity_id, amount, method, reference, payment_date, recorded_by_id, organization_id, created_at, updated_at) VALUES ('019d44b8-a846-7433-b958-c0c30c187858', '019d44b8-a7f2-7326-85b0-c473feb49d60', '019d44b8-a760-70e2-9605-0382b069f081', 253.9, 'check', 'CHK-4521', '2026-03-12T12:00:00+00:00', '0195f2c0-89ab-7a10-8a01-000000000001', '0195f2c0-89aa-7d6d-bb34-7f3b3f69c001', '2026-03-12T12:00:00+00:00', '2026-03-12T12:00:00+00:00') ON CONFLICT DO NOTHING;
INSERT INTO payments (id, invoice_id, billing_entity_id, amount, method, reference, payment_date, recorded_by_id, organization_id, created_at, updated_at) VALUES ('019d44b8-a847-720a-bf61-9c1d2216f855', '019d44b8-a7f4-7c5c-9276-d3332363d53a', '019d44b8-a762-7a2d-9b45-2efbbe71b591', 393.61, 'bank_transfer', 'ACH-8873', '2026-03-16T12:00:00+00:00', '0195f2c0-89ab-7a10-8a01-000000000001', '0195f2c0-89aa-7d6d-bb34-7f3b3f69c001', '2026-03-16T12:00:00+00:00', '2026-03-16T12:00:00+00:00') ON CONFLICT DO NOTHING;
INSERT INTO returns (id, withdrawal_id, contractor_id, contractor_name, billing_entity, billing_entity_id, job_id, subtotal, tax, total, cost_total, reason, notes, credit_note_id, processed_by_id, processed_by_name, organization_id, created_at, updated_at) VALUES ('019d44b8-a7f7-7809-b613-a19fb8c37ace', '019d44b8-a7f9-793d-b039-47b653e6c4ef', '0195f2c0-89ab-7a10-8a01-000000000002', 'Mike Torres', 'Riva Ridge Property Mgmt', '019d44b8-a760-70e2-9605-0382b069f081', '019d44b8-a763-757a-9d68-a576ca2044c3', 37.98, 3.8, 41.78, 21.0, 'damaged', 'Cracked faceplates on arrival', '019d44b8-a7f6-790e-83c3-ab8c543fb2c3', '0195f2c0-89ab-7a10-8a01-000000000001', 'Marcus Chen', '0195f2c0-89aa-7d6d-bb34-7f3b3f69c001', '2026-03-08T12:00:00+00:00', '2026-03-08T12:00:00+00:00') ON CONFLICT DO NOTHING;
INSERT INTO return_items (id, return_id, sku_id, sku, name, quantity, unit_price, cost, unit, amount, cost_total, sell_uom, sell_cost) VALUES ('019d44b8-a848-751d-99a5-964219f84698', '019d44b8-a7f7-7809-b613-a19fb8c37ace', '019d44b8-a849-7dd9-b649-a613d431ab5f', 'ELE-GFCI15-01', 'Leviton GFCI 15A Outlet White', 2, 18.99, 10.5, 'each', 37.98, 21.0, 'each', 10.5) ON CONFLICT DO NOTHING;
INSERT INTO stock_transactions (id, sku_id, sku, product_name, quantity_delta, quantity_before, quantity_after, unit, transaction_type, reference_id, reference_type, user_id, user_name, organization_id, created_at, original_quantity, original_unit) VALUES ('019d44b8-a84a-7fd1-b765-bfe04259bb2c', '019d44b8-a785-7a3d-b9cb-a92eca93dc25', 'PLP-PEXTUBE-01', 'PEX-A Tubing 1/2" x 100ft Red', -2, 15, 13, 'foot', 'withdrawal', '019d44b8-a7f8-7e80-9e65-9f909f2c2393', 'withdrawal', '0195f2c0-89ab-7a10-8a01-000000000001', 'Marcus Chen', '0195f2c0-89aa-7d6d-bb34-7f3b3f69c001', '2026-03-05T12:00:00+00:00', 2, 'foot') ON CONFLICT DO NOTHING;
INSERT INTO stock_transactions (id, sku_id, sku, product_name, quantity_delta, quantity_before, quantity_after, unit, transaction_type, reference_id, reference_type, user_id, user_name, organization_id, created_at, original_quantity, original_unit) VALUES ('019d44b8-a84b-7326-8a6d-b1c9c2657b69', '019d44b8-a788-7ac5-95d5-3ea294f8ba15', 'PLF-SHRKBT90-01', 'SharkBite 1/2" 90-Degree Elbow', -10, 45, 35, 'each', 'withdrawal', '019d44b8-a7f8-7e80-9e65-9f909f2c2393', 'withdrawal', '0195f2c0-89ab-7a10-8a01-000000000001', 'Marcus Chen', '0195f2c0-89aa-7d6d-bb34-7f3b3f69c001', '2026-03-05T12:00:00+00:00', 10, 'each') ON CONFLICT DO NOTHING;
INSERT INTO stock_transactions (id, sku_id, sku, product_name, quantity_delta, quantity_before, quantity_after, unit, transaction_type, reference_id, reference_type, user_id, user_name, organization_id, created_at, original_quantity, original_unit) VALUES ('019d44b8-a84c-7f56-863c-125e614e1a97', '019d44b8-a789-7386-b894-74c1b583b830', 'PLF-SHRKBTT-01', 'SharkBite 1/2" Tee', -6, 38, 32, 'each', 'withdrawal', '019d44b8-a7f8-7e80-9e65-9f909f2c2393', 'withdrawal', '0195f2c0-89ab-7a10-8a01-000000000001', 'Marcus Chen', '0195f2c0-89aa-7d6d-bb34-7f3b3f69c001', '2026-03-05T12:00:00+00:00', 6, 'each') ON CONFLICT DO NOTHING;
INSERT INTO stock_transactions (id, sku_id, sku, product_name, quantity_delta, quantity_before, quantity_after, unit, transaction_type, reference_id, reference_type, user_id, user_name, organization_id, created_at, original_quantity, original_unit) VALUES ('019d44b8-a84d-767a-86bf-5b483521b3cf', '019d44b8-a78d-7890-92ba-f497c895db91', 'ELE-DECORASW-01', 'Leviton Decora 15A Switch White', -8, 80, 72, 'each', 'withdrawal', '019d44b8-a7f9-793d-b039-47b653e6c4ef', 'withdrawal', '0195f2c0-89ab-7a10-8a01-000000000001', 'Marcus Chen', '0195f2c0-89aa-7d6d-bb34-7f3b3f69c001', '2026-03-07T12:00:00+00:00', 8, 'each') ON CONFLICT DO NOTHING;
INSERT INTO stock_transactions (id, sku_id, sku, product_name, quantity_delta, quantity_before, quantity_after, unit, transaction_type, reference_id, reference_type, user_id, user_name, organization_id, created_at, original_quantity, original_unit) VALUES ('019d44b8-a84e-78c9-8229-0f45bd47c1fe', '019d44b8-a78f-74b3-b0f1-fa544af79335', 'ELE-GFCI15-01', 'Leviton GFCI 15A Outlet White', -4, 25, 21, 'each', 'withdrawal', '019d44b8-a7f9-793d-b039-47b653e6c4ef', 'withdrawal', '0195f2c0-89ab-7a10-8a01-000000000001', 'Marcus Chen', '0195f2c0-89aa-7d6d-bb34-7f3b3f69c001', '2026-03-07T12:00:00+00:00', 4, 'each') ON CONFLICT DO NOTHING;
INSERT INTO stock_transactions (id, sku_id, sku, product_name, quantity_delta, quantity_before, quantity_after, unit, transaction_type, reference_id, reference_type, user_id, user_name, organization_id, created_at, original_quantity, original_unit) VALUES ('019d44b8-a84f-7f1f-b4e9-b4351960a748', '019d44b8-a78b-76d2-b04c-a87e30c645db', 'ELW-ROMEX14-01', 'Romex 14/2 NM-B 250ft', -1, 6, 5, 'foot', 'withdrawal', '019d44b8-a7f9-793d-b039-47b653e6c4ef', 'withdrawal', '0195f2c0-89ab-7a10-8a01-000000000001', 'Marcus Chen', '0195f2c0-89aa-7d6d-bb34-7f3b3f69c001', '2026-03-07T12:00:00+00:00', 1, 'foot') ON CONFLICT DO NOTHING;
INSERT INTO stock_transactions (id, sku_id, sku, product_name, quantity_delta, quantity_before, quantity_after, unit, transaction_type, reference_id, reference_type, user_id, user_name, organization_id, created_at, original_quantity, original_unit) VALUES ('019d44b8-a850-727b-8bc8-0dd0aed3923f', '019d44b8-a795-719e-8df9-611ddaaf202b', 'BLD-DRYWALL-01', '1/2" x 4x8 Drywall Sheet', -12, 40, 28, 'sheet', 'withdrawal', '019d44b8-a7fa-7f9e-9ea6-60059e0bfbfb', 'withdrawal', '0195f2c0-89ab-7a10-8a01-000000000001', 'Marcus Chen', '0195f2c0-89aa-7d6d-bb34-7f3b3f69c001', '2026-03-09T12:00:00+00:00', 12, 'sheet') ON CONFLICT DO NOTHING;
INSERT INTO stock_transactions (id, sku_id, sku, product_name, quantity_delta, quantity_before, quantity_after, unit, transaction_type, reference_id, reference_type, user_id, user_name, organization_id, created_at, original_quantity, original_unit) VALUES ('019d44b8-a851-71e2-922c-ee7135b3180c', '019d44b8-a7a0-7e52-a540-00d541462ba5', 'FAS-DRYSCR-01', '#6 x 1-5/8" Drywall Screw 1lb', -4, 40, 36, 'box', 'withdrawal', '019d44b8-a7fa-7f9e-9ea6-60059e0bfbfb', 'withdrawal', '0195f2c0-89ab-7a10-8a01-000000000001', 'Marcus Chen', '0195f2c0-89aa-7d6d-bb34-7f3b3f69c001', '2026-03-09T12:00:00+00:00', 4, 'box') ON CONFLICT DO NOTHING;
INSERT INTO stock_transactions (id, sku_id, sku, product_name, quantity_delta, quantity_before, quantity_after, unit, transaction_type, reference_id, reference_type, user_id, user_name, organization_id, created_at, original_quantity, original_unit) VALUES ('019d44b8-a852-7024-9d7c-da9c532b47c8', '019d44b8-a7a5-7445-bf76-70a9334e7d3f', 'DRM-JNTCMPD-01', 'USG Plus 3 Joint Compound 4.5gal', -2, 15, 13, 'bucket', 'withdrawal', '019d44b8-a7fa-7f9e-9ea6-60059e0bfbfb', 'withdrawal', '0195f2c0-89ab-7a10-8a01-000000000001', 'Marcus Chen', '0195f2c0-89aa-7d6d-bb34-7f3b3f69c001', '2026-03-09T12:00:00+00:00', 2, 'bucket') ON CONFLICT DO NOTHING;
INSERT INTO stock_transactions (id, sku_id, sku, product_name, quantity_delta, quantity_before, quantity_after, unit, transaction_type, reference_id, reference_type, user_id, user_name, organization_id, created_at, original_quantity, original_unit) VALUES ('019d44b8-a853-7ec8-9c9f-1b7cb398fee2', '019d44b8-a7a6-7216-bb02-75a5c10a2c3a', 'DRS-DRYTAPE-01', 'FibaTape Mesh Drywall Tape 300ft', -3, 25, 22, 'roll', 'withdrawal', '019d44b8-a7fa-7f9e-9ea6-60059e0bfbfb', 'withdrawal', '0195f2c0-89ab-7a10-8a01-000000000001', 'Marcus Chen', '0195f2c0-89aa-7d6d-bb34-7f3b3f69c001', '2026-03-09T12:00:00+00:00', 3, 'roll') ON CONFLICT DO NOTHING;
INSERT INTO stock_transactions (id, sku_id, sku, product_name, quantity_delta, quantity_before, quantity_after, unit, transaction_type, reference_id, reference_type, user_id, user_name, organization_id, created_at, original_quantity, original_unit) VALUES ('019d44b8-a854-7ddd-b0c8-d5b130a69e6f', '019d44b8-a79c-7560-b1d1-5f8593cd4ead', 'LUM-PTDECK-01', '5/4x6x12 PT Deck Board', -20, 80, 60, 'each', 'withdrawal', '019d44b8-a7fb-7cf5-905c-f5ea6776a78c', 'withdrawal', '0195f2c0-89ab-7a10-8a01-000000000001', 'Marcus Chen', '0195f2c0-89aa-7d6d-bb34-7f3b3f69c001', '2026-03-11T12:00:00+00:00', 20, 'each') ON CONFLICT DO NOTHING;
INSERT INTO stock_transactions (id, sku_id, sku, product_name, quantity_delta, quantity_before, quantity_after, unit, transaction_type, reference_id, reference_type, user_id, user_name, organization_id, created_at, original_quantity, original_unit) VALUES ('019d44b8-a855-7fa0-af06-9ccffaa64fde', '019d44b8-a79d-7428-a9d2-09ff452c773a', 'LUM-PTDECK-02', '5/4x6x16 PT Deck Board', -8, 40, 32, 'each', 'withdrawal', '019d44b8-a7fb-7cf5-905c-f5ea6776a78c', 'withdrawal', '0195f2c0-89ab-7a10-8a01-000000000001', 'Marcus Chen', '0195f2c0-89aa-7d6d-bb34-7f3b3f69c001', '2026-03-11T12:00:00+00:00', 8, 'each') ON CONFLICT DO NOTHING;
INSERT INTO stock_transactions (id, sku_id, sku, product_name, quantity_delta, quantity_before, quantity_after, unit, transaction_type, reference_id, reference_type, user_id, user_name, organization_id, created_at, original_quantity, original_unit) VALUES ('019d44b8-a856-709a-ac9d-d7a41a6c4c76', '019d44b8-a79e-74af-8ad6-84e89f820a2a', 'FAS-DECKSCR-01', 'GRK #8 x 2-1/2" Deck Screw 100pk', -6, 50, 44, 'box', 'withdrawal', '019d44b8-a7fb-7cf5-905c-f5ea6776a78c', 'withdrawal', '0195f2c0-89ab-7a10-8a01-000000000001', 'Marcus Chen', '0195f2c0-89aa-7d6d-bb34-7f3b3f69c001', '2026-03-11T12:00:00+00:00', 6, 'box') ON CONFLICT DO NOTHING;
INSERT INTO stock_transactions (id, sku_id, sku, product_name, quantity_delta, quantity_before, quantity_after, unit, transaction_type, reference_id, reference_type, user_id, user_name, organization_id, created_at, original_quantity, original_unit) VALUES ('019d44b8-a857-7c69-abf3-2bc74564033f', '019d44b8-a799-7a4d-b6db-c9cbad3f4dbe', 'LUM-STUDS2X4-01', '2x4x8 SPF Stud', -12, 120, 108, 'each', 'withdrawal', '019d44b8-a7fc-7aab-beb8-2a0ac6d1bc0b', 'withdrawal', '0195f2c0-89ab-7a10-8a01-000000000001', 'Marcus Chen', '0195f2c0-89aa-7d6d-bb34-7f3b3f69c001', '2026-03-13T12:00:00+00:00', 12, 'each') ON CONFLICT DO NOTHING;
INSERT INTO stock_transactions (id, sku_id, sku, product_name, quantity_delta, quantity_before, quantity_after, unit, transaction_type, reference_id, reference_type, user_id, user_name, organization_id, created_at, original_quantity, original_unit) VALUES ('019d44b8-a858-75f3-9995-729e89e9fa0a', '019d44b8-a79b-7aaa-8f7d-0d1203f3ec9f', 'LUM-STUDS2X6-01', '2x6x8 SPF', -8, 50, 42, 'each', 'withdrawal', '019d44b8-a7fc-7aab-beb8-2a0ac6d1bc0b', 'withdrawal', '0195f2c0-89ab-7a10-8a01-000000000001', 'Marcus Chen', '0195f2c0-89aa-7d6d-bb34-7f3b3f69c001', '2026-03-13T12:00:00+00:00', 8, 'each') ON CONFLICT DO NOTHING;
INSERT INTO stock_transactions (id, sku_id, sku, product_name, quantity_delta, quantity_before, quantity_after, unit, transaction_type, reference_id, reference_type, user_id, user_name, organization_id, created_at, original_quantity, original_unit) VALUES ('019d44b8-a859-7c9a-8c69-bfec2ab2d22e', '019d44b8-a797-760c-9eb4-16ca477099c2', 'CON-QUIKSET-01', 'Quikrete Fast-Setting Concrete 50lb', -6, 35, 29, 'bag', 'withdrawal', '019d44b8-a7fc-7aab-beb8-2a0ac6d1bc0b', 'withdrawal', '0195f2c0-89ab-7a10-8a01-000000000001', 'Marcus Chen', '0195f2c0-89aa-7d6d-bb34-7f3b3f69c001', '2026-03-13T12:00:00+00:00', 6, 'bag') ON CONFLICT DO NOTHING;
INSERT INTO stock_transactions (id, sku_id, sku, product_name, quantity_delta, quantity_before, quantity_after, unit, transaction_type, reference_id, reference_type, user_id, user_name, organization_id, created_at, original_quantity, original_unit) VALUES ('019d44b8-a85a-70c7-8305-9ce6929c5de3', '019d44b8-a78c-7d92-8415-6a822ca395cd', 'ELW-ROMEX12-01', 'Romex 12/2 NM-B 250ft', -1, 4, 3, 'foot', 'withdrawal', '019d44b8-a7fd-72c5-be9d-2c4649eab692', 'withdrawal', '0195f2c0-89ab-7a10-8a01-000000000001', 'Marcus Chen', '0195f2c0-89aa-7d6d-bb34-7f3b3f69c001', '2026-03-14T12:00:00+00:00', 1, 'foot') ON CONFLICT DO NOTHING;
INSERT INTO stock_transactions (id, sku_id, sku, product_name, quantity_delta, quantity_before, quantity_after, unit, transaction_type, reference_id, reference_type, user_id, user_name, organization_id, created_at, original_quantity, original_unit) VALUES ('019d44b8-a85b-7949-9ba0-87a229fb5d1b', '019d44b8-a78f-74b3-b0f1-fa544af79335', 'ELE-GFCI15-01', 'Leviton GFCI 15A Outlet White', -6, 25, 19, 'each', 'withdrawal', '019d44b8-a7fd-72c5-be9d-2c4649eab692', 'withdrawal', '0195f2c0-89ab-7a10-8a01-000000000001', 'Marcus Chen', '0195f2c0-89aa-7d6d-bb34-7f3b3f69c001', '2026-03-14T12:00:00+00:00', 6, 'each') ON CONFLICT DO NOTHING;
INSERT INTO stock_transactions (id, sku_id, sku, product_name, quantity_delta, quantity_before, quantity_after, unit, transaction_type, reference_id, reference_type, user_id, user_name, organization_id, created_at, original_quantity, original_unit) VALUES ('019d44b8-a85c-7abf-a997-84ebf4dddf67', '019d44b8-a78e-7cab-9eb6-a6687b270bf1', 'ELE-DECORASW-02', 'Leviton Decora 15A Switch Ivory', -10, 40, 30, 'each', 'withdrawal', '019d44b8-a7fd-72c5-be9d-2c4649eab692', 'withdrawal', '0195f2c0-89ab-7a10-8a01-000000000001', 'Marcus Chen', '0195f2c0-89aa-7d6d-bb34-7f3b3f69c001', '2026-03-14T12:00:00+00:00', 10, 'each') ON CONFLICT DO NOTHING;
INSERT INTO stock_transactions (id, sku_id, sku, product_name, quantity_delta, quantity_before, quantity_after, unit, transaction_type, reference_id, reference_type, user_id, user_name, organization_id, created_at, original_quantity, original_unit) VALUES ('019d44b8-a85d-7961-b506-979208960183', '019d44b8-a792-7c4c-a156-b3576821f36e', 'PNT-SWSUPER-03', 'SW SuperPaint Exterior Flat - Gallon', -4, 12, 8, 'gallon', 'withdrawal', '019d44b8-a7fe-7c2c-9e83-149381bcf177', 'withdrawal', '0195f2c0-89ab-7a10-8a01-000000000001', 'Marcus Chen', '0195f2c0-89aa-7d6d-bb34-7f3b3f69c001', '2026-03-10T12:00:00+00:00', 4, 'gallon') ON CONFLICT DO NOTHING;
INSERT INTO stock_transactions (id, sku_id, sku, product_name, quantity_delta, quantity_before, quantity_after, unit, transaction_type, reference_id, reference_type, user_id, user_name, organization_id, created_at, original_quantity, original_unit) VALUES ('019d44b8-a85e-7f43-a7a3-29225e65f9ff', '019d44b8-a793-7705-9cb3-74987a65a553', 'PNS-ROLLER9-01', 'Purdy White Dove 9" Roller Cover 3/8" Nap', -6, 30, 24, 'each', 'withdrawal', '019d44b8-a7fe-7c2c-9e83-149381bcf177', 'withdrawal', '0195f2c0-89ab-7a10-8a01-000000000001', 'Marcus Chen', '0195f2c0-89aa-7d6d-bb34-7f3b3f69c001', '2026-03-10T12:00:00+00:00', 6, 'each') ON CONFLICT DO NOTHING;
INSERT INTO stock_transactions (id, sku_id, sku, product_name, quantity_delta, quantity_before, quantity_after, unit, transaction_type, reference_id, reference_type, user_id, user_name, organization_id, created_at, original_quantity, original_unit) VALUES ('019d44b8-a85f-792d-8c6d-bcb8619ed58c', '019d44b8-a794-739c-a07f-1073c4e845b2', 'PNS-ROLLER9-02', 'Purdy White Dove 9" Roller Cover 1/2" Nap', -4, 25, 21, 'each', 'withdrawal', '019d44b8-a7fe-7c2c-9e83-149381bcf177', 'withdrawal', '0195f2c0-89ab-7a10-8a01-000000000001', 'Marcus Chen', '0195f2c0-89aa-7d6d-bb34-7f3b3f69c001', '2026-03-10T12:00:00+00:00', 4, 'each') ON CONFLICT DO NOTHING;
INSERT INTO stock_transactions (id, sku_id, sku, product_name, quantity_delta, quantity_before, quantity_after, unit, transaction_type, reference_id, reference_type, user_id, user_name, organization_id, created_at, original_quantity, original_unit) VALUES ('019d44b8-a860-7d4f-b48d-f3a7f9246639', '019d44b8-a7aa-7de8-978a-af019d925c10', 'CLN-PREPWIPE-01', 'Sherwin-Williams Prep & Cleanup Wipes', -3, 30, 27, 'pack', 'withdrawal', '019d44b8-a7fe-7c2c-9e83-149381bcf177', 'withdrawal', '0195f2c0-89ab-7a10-8a01-000000000001', 'Marcus Chen', '0195f2c0-89aa-7d6d-bb34-7f3b3f69c001', '2026-03-10T12:00:00+00:00', 3, 'pack') ON CONFLICT DO NOTHING;
INSERT INTO stock_transactions (id, sku_id, sku, product_name, quantity_delta, quantity_before, quantity_after, unit, transaction_type, reference_id, reference_type, user_id, user_name, organization_id, created_at, original_quantity, original_unit) VALUES ('019d44b8-a861-7009-b8f1-2f8b0f1f0c84', '019d44b8-a7a7-7ba3-886b-c436e1de3516', 'SAF-KIDDESM-01', 'Kidde Hardwired Smoke + CO Detector', -3, 18, 15, 'each', 'withdrawal', '019d44b8-a7ff-7b51-93a2-c4524a2eb809', 'withdrawal', '0195f2c0-89ab-7a10-8a01-000000000001', 'Marcus Chen', '0195f2c0-89aa-7d6d-bb34-7f3b3f69c001', '2026-03-16T12:00:00+00:00', 3, 'each') ON CONFLICT DO NOTHING;
INSERT INTO stock_transactions (id, sku_id, sku, product_name, quantity_delta, quantity_before, quantity_after, unit, transaction_type, reference_id, reference_type, user_id, user_name, organization_id, created_at, original_quantity, original_unit) VALUES ('019d44b8-a862-7e14-b3c9-631895b3dee3', '019d44b8-a7ab-7396-9073-7902de075deb', 'LOK-KWIKDBL-01', 'Kwikset Deadbolt Satin Nickel', -2, 12, 10, 'each', 'withdrawal', '019d44b8-a7ff-7b51-93a2-c4524a2eb809', 'withdrawal', '0195f2c0-89ab-7a10-8a01-000000000001', 'Marcus Chen', '0195f2c0-89aa-7d6d-bb34-7f3b3f69c001', '2026-03-16T12:00:00+00:00', 2, 'each') ON CONFLICT DO NOTHING;
INSERT INTO stock_transactions (id, sku_id, sku, product_name, quantity_delta, quantity_before, quantity_after, unit, transaction_type, reference_id, reference_type, user_id, user_name, organization_id, created_at, original_quantity, original_unit) VALUES ('019d44b8-a863-7398-9913-96561ef4ed48', '019d44b8-a7a3-702d-a44d-44fb915418b4', 'ADH-LIQNAIL-01', 'Liquid Nails Heavy Duty 10oz', -4, 35, 31, 'tube', 'withdrawal', '019d44b8-a7ff-7b51-93a2-c4524a2eb809', 'withdrawal', '0195f2c0-89ab-7a10-8a01-000000000001', 'Marcus Chen', '0195f2c0-89aa-7d6d-bb34-7f3b3f69c001', '2026-03-16T12:00:00+00:00', 4, 'tube') ON CONFLICT DO NOTHING;
INSERT INTO stock_transactions (id, sku_id, sku, product_name, quantity_delta, quantity_before, quantity_after, unit, transaction_type, reference_id, reference_type, user_id, user_name, organization_id, created_at, original_quantity, original_unit) VALUES ('019d44b8-a864-7703-bf42-6db6c97f97b1', '019d44b8-a790-793a-803f-ff07eac683d7', 'PNT-SWSUPER-01', 'SW SuperPaint Interior Flat - Gallon', 10, 20, 30, 'gallon', 'po_receipt', '019d44b8-a7db-7684-977a-58654a209166', 'purchase_order', '0195f2c0-89ab-7a10-8a01-000000000001', 'Marcus Chen', '0195f2c0-89aa-7d6d-bb34-7f3b3f69c001', '2026-03-03T12:00:00+00:00', 10, 'gallon') ON CONFLICT DO NOTHING;
INSERT INTO stock_transactions (id, sku_id, sku, product_name, quantity_delta, quantity_before, quantity_after, unit, transaction_type, reference_id, reference_type, user_id, user_name, organization_id, created_at, original_quantity, original_unit) VALUES ('019d44b8-a865-73f7-b04c-16bfef99a82f', '019d44b8-a791-7408-85c0-0ebe8605f2f7', 'PNT-SWSUPER-02', 'SW SuperPaint Interior Satin - Gallon', 8, 18, 26, 'gallon', 'po_receipt', '019d44b8-a7db-7684-977a-58654a209166', 'purchase_order', '0195f2c0-89ab-7a10-8a01-000000000001', 'Marcus Chen', '0195f2c0-89aa-7d6d-bb34-7f3b3f69c001', '2026-03-03T12:00:00+00:00', 8, 'gallon') ON CONFLICT DO NOTHING;
INSERT INTO stock_transactions (id, sku_id, sku, product_name, quantity_delta, quantity_before, quantity_after, unit, transaction_type, reference_id, reference_type, user_id, user_name, organization_id, created_at, original_quantity, original_unit) VALUES ('019d44b8-a866-7b04-b0c9-cf70c65c18eb', '019d44b8-a792-7c4c-a156-b3576821f36e', 'PNT-SWSUPER-03', 'SW SuperPaint Exterior Flat - Gallon', 6, 12, 18, 'gallon', 'po_receipt', '019d44b8-a7db-7684-977a-58654a209166', 'purchase_order', '0195f2c0-89ab-7a10-8a01-000000000001', 'Marcus Chen', '0195f2c0-89aa-7d6d-bb34-7f3b3f69c001', '2026-03-03T12:00:00+00:00', 6, 'gallon') ON CONFLICT DO NOTHING;
INSERT INTO stock_transactions (id, sku_id, sku, product_name, quantity_delta, quantity_before, quantity_after, unit, transaction_type, reference_id, reference_type, user_id, user_name, organization_id, created_at, original_quantity, original_unit) VALUES ('019d44b8-a867-75a8-ab77-6a066d01ad84', '019d44b8-a793-7705-9cb3-74987a65a553', 'PNS-ROLLER9-01', 'Purdy White Dove 9" Roller Cover 3/8" Nap', 20, 30, 50, 'each', 'po_receipt', '019d44b8-a7db-7684-977a-58654a209166', 'purchase_order', '0195f2c0-89ab-7a10-8a01-000000000001', 'Marcus Chen', '0195f2c0-89aa-7d6d-bb34-7f3b3f69c001', '2026-03-03T12:00:00+00:00', 20, 'each') ON CONFLICT DO NOTHING;
INSERT INTO stock_transactions (id, sku_id, sku, product_name, quantity_delta, quantity_before, quantity_after, unit, transaction_type, reference_id, reference_type, user_id, user_name, organization_id, created_at, original_quantity, original_unit) VALUES ('019d44b8-a868-710e-b634-d83a32848cf7', '019d44b8-a7aa-7de8-978a-af019d925c10', 'CLN-PREPWIPE-01', 'Sherwin-Williams Prep & Cleanup Wipes', 10, 30, 40, 'pack', 'po_receipt', '019d44b8-a7db-7684-977a-58654a209166', 'purchase_order', '0195f2c0-89ab-7a10-8a01-000000000001', 'Marcus Chen', '0195f2c0-89aa-7d6d-bb34-7f3b3f69c001', '2026-03-03T12:00:00+00:00', 10, 'pack') ON CONFLICT DO NOTHING;
INSERT INTO stock_transactions (id, sku_id, sku, product_name, quantity_delta, quantity_before, quantity_after, unit, transaction_type, reference_id, reference_type, user_id, user_name, organization_id, created_at, original_quantity, original_unit) VALUES ('019d44b8-a869-7e27-8723-61a19bbe00e0', '019d44b8-a78b-76d2-b04c-a87e30c645db', 'ELW-ROMEX14-01', 'Romex 14/2 NM-B 250ft', 4, 6, 10, 'foot', 'po_receipt', '019d44b8-a7dc-74f6-b9ab-8c3ccfdd44c7', 'purchase_order', '0195f2c0-89ab-7a10-8a01-000000000001', 'Marcus Chen', '0195f2c0-89aa-7d6d-bb34-7f3b3f69c001', '2026-03-07T12:00:00+00:00', 4, 'foot') ON CONFLICT DO NOTHING;
INSERT INTO stock_transactions (id, sku_id, sku, product_name, quantity_delta, quantity_before, quantity_after, unit, transaction_type, reference_id, reference_type, user_id, user_name, organization_id, created_at, original_quantity, original_unit) VALUES ('019d44b8-a86a-7dbf-a915-0973906ed3e7', '019d44b8-a78c-7d92-8415-6a822ca395cd', 'ELW-ROMEX12-01', 'Romex 12/2 NM-B 250ft', 2, 4, 6, 'foot', 'po_receipt', '019d44b8-a7dc-74f6-b9ab-8c3ccfdd44c7', 'purchase_order', '0195f2c0-89ab-7a10-8a01-000000000001', 'Marcus Chen', '0195f2c0-89aa-7d6d-bb34-7f3b3f69c001', '2026-03-07T12:00:00+00:00', 2, 'foot') ON CONFLICT DO NOTHING;
INSERT INTO stock_transactions (id, sku_id, sku, product_name, quantity_delta, quantity_before, quantity_after, unit, transaction_type, reference_id, reference_type, user_id, user_name, organization_id, created_at, original_quantity, original_unit) VALUES ('019d44b8-a86b-71ed-ac3c-1cd34ce41cea', '019d44b8-a78f-74b3-b0f1-fa544af79335', 'ELE-GFCI15-01', 'Leviton GFCI 15A Outlet White', 12, 25, 37, 'each', 'po_receipt', '019d44b8-a7dc-74f6-b9ab-8c3ccfdd44c7', 'purchase_order', '0195f2c0-89ab-7a10-8a01-000000000001', 'Marcus Chen', '0195f2c0-89aa-7d6d-bb34-7f3b3f69c001', '2026-03-07T12:00:00+00:00', 12, 'each') ON CONFLICT DO NOTHING;
INSERT INTO stock_transactions (id, sku_id, sku, product_name, quantity_delta, quantity_before, quantity_after, unit, transaction_type, reference_id, reference_type, user_id, user_name, organization_id, created_at, original_quantity, original_unit) VALUES ('019d44b8-a86c-7f98-8015-ac6d861753ca', '019d44b8-a788-7ac5-95d5-3ea294f8ba15', 'PLF-SHRKBT90-01', 'SharkBite 1/2" 90-Degree Elbow', 20, 45, 65, 'each', 'po_receipt', '019d44b8-a7dc-74f6-b9ab-8c3ccfdd44c7', 'purchase_order', '0195f2c0-89ab-7a10-8a01-000000000001', 'Marcus Chen', '0195f2c0-89aa-7d6d-bb34-7f3b3f69c001', '2026-03-07T12:00:00+00:00', 20, 'each') ON CONFLICT DO NOTHING;
INSERT INTO stock_transactions (id, sku_id, sku, product_name, quantity_delta, quantity_before, quantity_after, unit, transaction_type, reference_id, reference_type, user_id, user_name, organization_id, created_at, original_quantity, original_unit) VALUES ('019d44b8-a86d-778c-9d5d-b0b442437fed', '019d44b8-a789-7386-b894-74c1b583b830', 'PLF-SHRKBTT-01', 'SharkBite 1/2" Tee', 15, 38, 53, 'each', 'po_receipt', '019d44b8-a7dc-74f6-b9ab-8c3ccfdd44c7', 'purchase_order', '0195f2c0-89ab-7a10-8a01-000000000001', 'Marcus Chen', '0195f2c0-89aa-7d6d-bb34-7f3b3f69c001', '2026-03-07T12:00:00+00:00', 15, 'each') ON CONFLICT DO NOTHING;
INSERT INTO financial_ledger (id, journal_id, account, amount, quantity, unit, unit_cost, department, job_id, billing_entity, billing_entity_id, contractor_id, sku_id, performed_by_user_id, reference_type, reference_id, organization_id, created_at) VALUES ('019d44b8-a86e-7442-93ca-62c29f22404e', '019d44b8-a86f-7ec1-8006-e05524af2235', 'revenue', 85.98, 2, 'foot', 42.99, 'Plumbing - Pipe', '019d44b8-a763-757a-9d68-a576ca2044c3', 'Riva Ridge Property Mgmt', '019d44b8-a760-70e2-9605-0382b069f081', '0195f2c0-89ab-7a10-8a01-000000000002', '019d44b8-a870-7a02-af79-4bf8832bdca0', '0195f2c0-89ab-7a10-8a01-000000000001', 'withdrawal', '019d44b8-a7f8-7e80-9e65-9f909f2c2393', '0195f2c0-89aa-7d6d-bb34-7f3b3f69c001', '2026-03-05T12:00:00+00:00') ON CONFLICT DO NOTHING;
INSERT INTO financial_ledger (id, journal_id, account, amount, quantity, unit, unit_cost, department, job_id, billing_entity, billing_entity_id, contractor_id, sku_id, performed_by_user_id, reference_type, reference_id, organization_id, created_at) VALUES ('019d44b8-a871-7eac-b3ce-89e3436038e4', '019d44b8-a86f-7ec1-8006-e05524af2235', 'cogs', 49.0, 2, 'foot', 24.5, 'Plumbing - Pipe', '019d44b8-a763-757a-9d68-a576ca2044c3', 'Riva Ridge Property Mgmt', '019d44b8-a760-70e2-9605-0382b069f081', '0195f2c0-89ab-7a10-8a01-000000000002', '019d44b8-a870-7a02-af79-4bf8832bdca0', '0195f2c0-89ab-7a10-8a01-000000000001', 'withdrawal', '019d44b8-a7f8-7e80-9e65-9f909f2c2393', '0195f2c0-89aa-7d6d-bb34-7f3b3f69c001', '2026-03-05T12:00:00+00:00') ON CONFLICT DO NOTHING;
INSERT INTO financial_ledger (id, journal_id, account, amount, quantity, unit, unit_cost, department, job_id, billing_entity, billing_entity_id, contractor_id, sku_id, performed_by_user_id, reference_type, reference_id, organization_id, created_at) VALUES ('019d44b8-a872-7b4c-b926-db47b2e9f460', '019d44b8-a86f-7ec1-8006-e05524af2235', 'inventory', -49.0, 2, 'foot', 24.5, 'Plumbing - Pipe', '019d44b8-a763-757a-9d68-a576ca2044c3', 'Riva Ridge Property Mgmt', '019d44b8-a760-70e2-9605-0382b069f081', '0195f2c0-89ab-7a10-8a01-000000000002', '019d44b8-a870-7a02-af79-4bf8832bdca0', '0195f2c0-89ab-7a10-8a01-000000000001', 'withdrawal', '019d44b8-a7f8-7e80-9e65-9f909f2c2393', '0195f2c0-89aa-7d6d-bb34-7f3b3f69c001', '2026-03-05T12:00:00+00:00') ON CONFLICT DO NOTHING;
INSERT INTO financial_ledger (id, journal_id, account, amount, quantity, unit, unit_cost, department, job_id, billing_entity, billing_entity_id, contractor_id, sku_id, performed_by_user_id, reference_type, reference_id, organization_id, created_at) VALUES ('019d44b8-a873-7a15-8922-39a7de2a7d52', '019d44b8-a86f-7ec1-8006-e05524af2235', 'revenue', 84.9, 10, 'each', 8.49, 'Plumbing - Fittings', '019d44b8-a763-757a-9d68-a576ca2044c3', 'Riva Ridge Property Mgmt', '019d44b8-a760-70e2-9605-0382b069f081', '0195f2c0-89ab-7a10-8a01-000000000002', '019d44b8-a874-737b-a847-9ff3c90ca052', '0195f2c0-89ab-7a10-8a01-000000000001', 'withdrawal', '019d44b8-a7f8-7e80-9e65-9f909f2c2393', '0195f2c0-89aa-7d6d-bb34-7f3b3f69c001', '2026-03-05T12:00:00+00:00') ON CONFLICT DO NOTHING;
INSERT INTO financial_ledger (id, journal_id, account, amount, quantity, unit, unit_cost, department, job_id, billing_entity, billing_entity_id, contractor_id, sku_id, performed_by_user_id, reference_type, reference_id, organization_id, created_at) VALUES ('019d44b8-a875-7bca-9539-6c180150e359', '019d44b8-a86f-7ec1-8006-e05524af2235', 'cogs', 48.0, 10, 'each', 4.8, 'Plumbing - Fittings', '019d44b8-a763-757a-9d68-a576ca2044c3', 'Riva Ridge Property Mgmt', '019d44b8-a760-70e2-9605-0382b069f081', '0195f2c0-89ab-7a10-8a01-000000000002', '019d44b8-a874-737b-a847-9ff3c90ca052', '0195f2c0-89ab-7a10-8a01-000000000001', 'withdrawal', '019d44b8-a7f8-7e80-9e65-9f909f2c2393', '0195f2c0-89aa-7d6d-bb34-7f3b3f69c001', '2026-03-05T12:00:00+00:00') ON CONFLICT DO NOTHING;
INSERT INTO financial_ledger (id, journal_id, account, amount, quantity, unit, unit_cost, department, job_id, billing_entity, billing_entity_id, contractor_id, sku_id, performed_by_user_id, reference_type, reference_id, organization_id, created_at) VALUES ('019d44b8-a876-711d-9bac-5f85e4781128', '019d44b8-a86f-7ec1-8006-e05524af2235', 'inventory', -48.0, 10, 'each', 4.8, 'Plumbing - Fittings', '019d44b8-a763-757a-9d68-a576ca2044c3', 'Riva Ridge Property Mgmt', '019d44b8-a760-70e2-9605-0382b069f081', '0195f2c0-89ab-7a10-8a01-000000000002', '019d44b8-a874-737b-a847-9ff3c90ca052', '0195f2c0-89ab-7a10-8a01-000000000001', 'withdrawal', '019d44b8-a7f8-7e80-9e65-9f909f2c2393', '0195f2c0-89aa-7d6d-bb34-7f3b3f69c001', '2026-03-05T12:00:00+00:00') ON CONFLICT DO NOTHING;
INSERT INTO financial_ledger (id, journal_id, account, amount, quantity, unit, unit_cost, department, job_id, billing_entity, billing_entity_id, contractor_id, sku_id, performed_by_user_id, reference_type, reference_id, organization_id, created_at) VALUES ('019d44b8-a877-78b1-8240-207d2969efca', '019d44b8-a86f-7ec1-8006-e05524af2235', 'revenue', 59.94, 6, 'each', 9.99, 'Plumbing - Fittings', '019d44b8-a763-757a-9d68-a576ca2044c3', 'Riva Ridge Property Mgmt', '019d44b8-a760-70e2-9605-0382b069f081', '0195f2c0-89ab-7a10-8a01-000000000002', '019d44b8-a878-7247-b394-7ac82f50fd75', '0195f2c0-89ab-7a10-8a01-000000000001', 'withdrawal', '019d44b8-a7f8-7e80-9e65-9f909f2c2393', '0195f2c0-89aa-7d6d-bb34-7f3b3f69c001', '2026-03-05T12:00:00+00:00') ON CONFLICT DO NOTHING;
INSERT INTO financial_ledger (id, journal_id, account, amount, quantity, unit, unit_cost, department, job_id, billing_entity, billing_entity_id, contractor_id, sku_id, performed_by_user_id, reference_type, reference_id, organization_id, created_at) VALUES ('019d44b8-a879-7636-a185-8399fa4ba6d8', '019d44b8-a86f-7ec1-8006-e05524af2235', 'cogs', 33.6, 6, 'each', 5.6, 'Plumbing - Fittings', '019d44b8-a763-757a-9d68-a576ca2044c3', 'Riva Ridge Property Mgmt', '019d44b8-a760-70e2-9605-0382b069f081', '0195f2c0-89ab-7a10-8a01-000000000002', '019d44b8-a878-7247-b394-7ac82f50fd75', '0195f2c0-89ab-7a10-8a01-000000000001', 'withdrawal', '019d44b8-a7f8-7e80-9e65-9f909f2c2393', '0195f2c0-89aa-7d6d-bb34-7f3b3f69c001', '2026-03-05T12:00:00+00:00') ON CONFLICT DO NOTHING;
INSERT INTO financial_ledger (id, journal_id, account, amount, quantity, unit, unit_cost, department, job_id, billing_entity, billing_entity_id, contractor_id, sku_id, performed_by_user_id, reference_type, reference_id, organization_id, created_at) VALUES ('019d44b8-a87a-7ae6-bce5-3fa10b89a350', '019d44b8-a86f-7ec1-8006-e05524af2235', 'inventory', -33.6, 6, 'each', 5.6, 'Plumbing - Fittings', '019d44b8-a763-757a-9d68-a576ca2044c3', 'Riva Ridge Property Mgmt', '019d44b8-a760-70e2-9605-0382b069f081', '0195f2c0-89ab-7a10-8a01-000000000002', '019d44b8-a878-7247-b394-7ac82f50fd75', '0195f2c0-89ab-7a10-8a01-000000000001', 'withdrawal', '019d44b8-a7f8-7e80-9e65-9f909f2c2393', '0195f2c0-89aa-7d6d-bb34-7f3b3f69c001', '2026-03-05T12:00:00+00:00') ON CONFLICT DO NOTHING;
INSERT INTO financial_ledger (id, journal_id, account, amount, job_id, billing_entity, billing_entity_id, contractor_id, performed_by_user_id, reference_type, reference_id, organization_id, created_at) VALUES ('019d44b8-a87b-762a-b260-07b74e4095ab', '019d44b8-a86f-7ec1-8006-e05524af2235', 'tax_collected', 23.08, '019d44b8-a763-757a-9d68-a576ca2044c3', 'Riva Ridge Property Mgmt', '019d44b8-a760-70e2-9605-0382b069f081', '0195f2c0-89ab-7a10-8a01-000000000002', '0195f2c0-89ab-7a10-8a01-000000000001', 'withdrawal', '019d44b8-a7f8-7e80-9e65-9f909f2c2393', '0195f2c0-89aa-7d6d-bb34-7f3b3f69c001', '2026-03-05T12:00:00+00:00') ON CONFLICT DO NOTHING;
INSERT INTO financial_ledger (id, journal_id, account, amount, job_id, billing_entity, billing_entity_id, contractor_id, performed_by_user_id, reference_type, reference_id, organization_id, created_at) VALUES ('019d44b8-a87c-7b86-99d7-930f13c80338', '019d44b8-a86f-7ec1-8006-e05524af2235', 'accounts_receivable', 253.9, '019d44b8-a763-757a-9d68-a576ca2044c3', 'Riva Ridge Property Mgmt', '019d44b8-a760-70e2-9605-0382b069f081', '0195f2c0-89ab-7a10-8a01-000000000002', '0195f2c0-89ab-7a10-8a01-000000000001', 'withdrawal', '019d44b8-a7f8-7e80-9e65-9f909f2c2393', '0195f2c0-89aa-7d6d-bb34-7f3b3f69c001', '2026-03-05T12:00:00+00:00') ON CONFLICT DO NOTHING;
INSERT INTO financial_ledger (id, journal_id, account, amount, quantity, unit, unit_cost, department, job_id, billing_entity, billing_entity_id, contractor_id, sku_id, performed_by_user_id, reference_type, reference_id, organization_id, created_at) VALUES ('019d44b8-a87d-7844-9df7-01566667423a', '019d44b8-a87e-79ed-9994-a0c34733f665', 'revenue', 26.32, 8, 'each', 3.29, 'Electrical', '019d44b8-a763-757a-9d68-a576ca2044c3', 'Riva Ridge Property Mgmt', '019d44b8-a760-70e2-9605-0382b069f081', '0195f2c0-89ab-7a10-8a01-000000000002', '019d44b8-a87f-7b80-8a42-f6d9bdf8db62', '0195f2c0-89ab-7a10-8a01-000000000001', 'withdrawal', '019d44b8-a7f9-793d-b039-47b653e6c4ef', '0195f2c0-89aa-7d6d-bb34-7f3b3f69c001', '2026-03-07T12:00:00+00:00') ON CONFLICT DO NOTHING;
INSERT INTO financial_ledger (id, journal_id, account, amount, quantity, unit, unit_cost, department, job_id, billing_entity, billing_entity_id, contractor_id, sku_id, performed_by_user_id, reference_type, reference_id, organization_id, created_at) VALUES ('019d44b8-a880-7b32-8605-566f15918049', '019d44b8-a87e-79ed-9994-a0c34733f665', 'cogs', 12.8, 8, 'each', 1.6, 'Electrical', '019d44b8-a763-757a-9d68-a576ca2044c3', 'Riva Ridge Property Mgmt', '019d44b8-a760-70e2-9605-0382b069f081', '0195f2c0-89ab-7a10-8a01-000000000002', '019d44b8-a87f-7b80-8a42-f6d9bdf8db62', '0195f2c0-89ab-7a10-8a01-000000000001', 'withdrawal', '019d44b8-a7f9-793d-b039-47b653e6c4ef', '0195f2c0-89aa-7d6d-bb34-7f3b3f69c001', '2026-03-07T12:00:00+00:00') ON CONFLICT DO NOTHING;
INSERT INTO financial_ledger (id, journal_id, account, amount, quantity, unit, unit_cost, department, job_id, billing_entity, billing_entity_id, contractor_id, sku_id, performed_by_user_id, reference_type, reference_id, organization_id, created_at) VALUES ('019d44b8-a881-7232-aef9-76e4ce3f0fc4', '019d44b8-a87e-79ed-9994-a0c34733f665', 'inventory', -12.8, 8, 'each', 1.6, 'Electrical', '019d44b8-a763-757a-9d68-a576ca2044c3', 'Riva Ridge Property Mgmt', '019d44b8-a760-70e2-9605-0382b069f081', '0195f2c0-89ab-7a10-8a01-000000000002', '019d44b8-a87f-7b80-8a42-f6d9bdf8db62', '0195f2c0-89ab-7a10-8a01-000000000001', 'withdrawal', '019d44b8-a7f9-793d-b039-47b653e6c4ef', '0195f2c0-89aa-7d6d-bb34-7f3b3f69c001', '2026-03-07T12:00:00+00:00') ON CONFLICT DO NOTHING;
INSERT INTO financial_ledger (id, journal_id, account, amount, quantity, unit, unit_cost, department, job_id, billing_entity, billing_entity_id, contractor_id, sku_id, performed_by_user_id, reference_type, reference_id, organization_id, created_at) VALUES ('019d44b8-a882-7ae9-b464-f1587d7bddd4', '019d44b8-a87e-79ed-9994-a0c34733f665', 'revenue', 75.96, 4, 'each', 18.99, 'Electrical', '019d44b8-a763-757a-9d68-a576ca2044c3', 'Riva Ridge Property Mgmt', '019d44b8-a760-70e2-9605-0382b069f081', '0195f2c0-89ab-7a10-8a01-000000000002', '019d44b8-a883-7448-9450-98dd33e50223', '0195f2c0-89ab-7a10-8a01-000000000001', 'withdrawal', '019d44b8-a7f9-793d-b039-47b653e6c4ef', '0195f2c0-89aa-7d6d-bb34-7f3b3f69c001', '2026-03-07T12:00:00+00:00') ON CONFLICT DO NOTHING;
INSERT INTO financial_ledger (id, journal_id, account, amount, quantity, unit, unit_cost, department, job_id, billing_entity, billing_entity_id, contractor_id, sku_id, performed_by_user_id, reference_type, reference_id, organization_id, created_at) VALUES ('019d44b8-a884-7bd3-b227-f5183a7d997b', '019d44b8-a87e-79ed-9994-a0c34733f665', 'cogs', 42.0, 4, 'each', 10.5, 'Electrical', '019d44b8-a763-757a-9d68-a576ca2044c3', 'Riva Ridge Property Mgmt', '019d44b8-a760-70e2-9605-0382b069f081', '0195f2c0-89ab-7a10-8a01-000000000002', '019d44b8-a883-7448-9450-98dd33e50223', '0195f2c0-89ab-7a10-8a01-000000000001', 'withdrawal', '019d44b8-a7f9-793d-b039-47b653e6c4ef', '0195f2c0-89aa-7d6d-bb34-7f3b3f69c001', '2026-03-07T12:00:00+00:00') ON CONFLICT DO NOTHING;
INSERT INTO financial_ledger (id, journal_id, account, amount, quantity, unit, unit_cost, department, job_id, billing_entity, billing_entity_id, contractor_id, sku_id, performed_by_user_id, reference_type, reference_id, organization_id, created_at) VALUES ('019d44b8-a885-7ca4-9e26-adf6cfc5f8d5', '019d44b8-a87e-79ed-9994-a0c34733f665', 'inventory', -42.0, 4, 'each', 10.5, 'Electrical', '019d44b8-a763-757a-9d68-a576ca2044c3', 'Riva Ridge Property Mgmt', '019d44b8-a760-70e2-9605-0382b069f081', '0195f2c0-89ab-7a10-8a01-000000000002', '019d44b8-a883-7448-9450-98dd33e50223', '0195f2c0-89ab-7a10-8a01-000000000001', 'withdrawal', '019d44b8-a7f9-793d-b039-47b653e6c4ef', '0195f2c0-89aa-7d6d-bb34-7f3b3f69c001', '2026-03-07T12:00:00+00:00') ON CONFLICT DO NOTHING;
INSERT INTO financial_ledger (id, journal_id, account, amount, quantity, unit, unit_cost, department, job_id, billing_entity, billing_entity_id, contractor_id, sku_id, performed_by_user_id, reference_type, reference_id, organization_id, created_at) VALUES ('019d44b8-a886-7b9f-a39e-d97e5990afd6', '019d44b8-a87e-79ed-9994-a0c34733f665', 'revenue', 89.99, 1, 'foot', 89.99, 'Electrical - Wire', '019d44b8-a763-757a-9d68-a576ca2044c3', 'Riva Ridge Property Mgmt', '019d44b8-a760-70e2-9605-0382b069f081', '0195f2c0-89ab-7a10-8a01-000000000002', '019d44b8-a887-7d90-bf8f-85e63c1ff639', '0195f2c0-89ab-7a10-8a01-000000000001', 'withdrawal', '019d44b8-a7f9-793d-b039-47b653e6c4ef', '0195f2c0-89aa-7d6d-bb34-7f3b3f69c001', '2026-03-07T12:00:00+00:00') ON CONFLICT DO NOTHING;
INSERT INTO financial_ledger (id, journal_id, account, amount, quantity, unit, unit_cost, department, job_id, billing_entity, billing_entity_id, contractor_id, sku_id, performed_by_user_id, reference_type, reference_id, organization_id, created_at) VALUES ('019d44b8-a888-782f-88f3-1f02d2f0abbc', '019d44b8-a87e-79ed-9994-a0c34733f665', 'cogs', 52.0, 1, 'foot', 52.0, 'Electrical - Wire', '019d44b8-a763-757a-9d68-a576ca2044c3', 'Riva Ridge Property Mgmt', '019d44b8-a760-70e2-9605-0382b069f081', '0195f2c0-89ab-7a10-8a01-000000000002', '019d44b8-a887-7d90-bf8f-85e63c1ff639', '0195f2c0-89ab-7a10-8a01-000000000001', 'withdrawal', '019d44b8-a7f9-793d-b039-47b653e6c4ef', '0195f2c0-89aa-7d6d-bb34-7f3b3f69c001', '2026-03-07T12:00:00+00:00') ON CONFLICT DO NOTHING;
INSERT INTO financial_ledger (id, journal_id, account, amount, quantity, unit, unit_cost, department, job_id, billing_entity, billing_entity_id, contractor_id, sku_id, performed_by_user_id, reference_type, reference_id, organization_id, created_at) VALUES ('019d44b8-a889-74f9-9dd0-09e38ab87e99', '019d44b8-a87e-79ed-9994-a0c34733f665', 'inventory', -52.0, 1, 'foot', 52.0, 'Electrical - Wire', '019d44b8-a763-757a-9d68-a576ca2044c3', 'Riva Ridge Property Mgmt', '019d44b8-a760-70e2-9605-0382b069f081', '0195f2c0-89ab-7a10-8a01-000000000002', '019d44b8-a887-7d90-bf8f-85e63c1ff639', '0195f2c0-89ab-7a10-8a01-000000000001', 'withdrawal', '019d44b8-a7f9-793d-b039-47b653e6c4ef', '0195f2c0-89aa-7d6d-bb34-7f3b3f69c001', '2026-03-07T12:00:00+00:00') ON CONFLICT DO NOTHING;
INSERT INTO financial_ledger (id, journal_id, account, amount, job_id, billing_entity, billing_entity_id, contractor_id, performed_by_user_id, reference_type, reference_id, organization_id, created_at) VALUES ('019d44b8-a88a-7a46-a43e-730d1b69dc02', '019d44b8-a87e-79ed-9994-a0c34733f665', 'tax_collected', 19.23, '019d44b8-a763-757a-9d68-a576ca2044c3', 'Riva Ridge Property Mgmt', '019d44b8-a760-70e2-9605-0382b069f081', '0195f2c0-89ab-7a10-8a01-000000000002', '0195f2c0-89ab-7a10-8a01-000000000001', 'withdrawal', '019d44b8-a7f9-793d-b039-47b653e6c4ef', '0195f2c0-89aa-7d6d-bb34-7f3b3f69c001', '2026-03-07T12:00:00+00:00') ON CONFLICT DO NOTHING;
INSERT INTO financial_ledger (id, journal_id, account, amount, job_id, billing_entity, billing_entity_id, contractor_id, performed_by_user_id, reference_type, reference_id, organization_id, created_at) VALUES ('019d44b8-a88b-7f02-88ea-943730a59e50', '019d44b8-a87e-79ed-9994-a0c34733f665', 'accounts_receivable', 211.5, '019d44b8-a763-757a-9d68-a576ca2044c3', 'Riva Ridge Property Mgmt', '019d44b8-a760-70e2-9605-0382b069f081', '0195f2c0-89ab-7a10-8a01-000000000002', '0195f2c0-89ab-7a10-8a01-000000000001', 'withdrawal', '019d44b8-a7f9-793d-b039-47b653e6c4ef', '0195f2c0-89aa-7d6d-bb34-7f3b3f69c001', '2026-03-07T12:00:00+00:00') ON CONFLICT DO NOTHING;
INSERT INTO financial_ledger (id, journal_id, account, amount, quantity, unit, unit_cost, department, job_id, billing_entity, billing_entity_id, contractor_id, sku_id, performed_by_user_id, reference_type, reference_id, organization_id, created_at) VALUES ('019d44b8-a88c-7994-9f6b-d08233412b7e', '019d44b8-a88d-7df4-aee1-12b91f11c154', 'revenue', 179.88, 12, 'sheet', 14.99, 'Building Materials', '019d44b8-a764-790e-9e4f-1522500c711c', 'Riva Ridge Property Mgmt', '019d44b8-a760-70e2-9605-0382b069f081', '0195f2c0-89ab-7a10-8a01-000000000002', '019d44b8-a88e-772c-8a3e-17b7723b7692', '0195f2c0-89ab-7a10-8a01-000000000001', 'withdrawal', '019d44b8-a7fa-7f9e-9ea6-60059e0bfbfb', '0195f2c0-89aa-7d6d-bb34-7f3b3f69c001', '2026-03-09T12:00:00+00:00') ON CONFLICT DO NOTHING;
INSERT INTO financial_ledger (id, journal_id, account, amount, quantity, unit, unit_cost, department, job_id, billing_entity, billing_entity_id, contractor_id, sku_id, performed_by_user_id, reference_type, reference_id, organization_id, created_at) VALUES ('019d44b8-a88f-71cf-8cee-fd189fdb58ca', '019d44b8-a88d-7df4-aee1-12b91f11c154', 'cogs', 98.4, 12, 'sheet', 8.2, 'Building Materials', '019d44b8-a764-790e-9e4f-1522500c711c', 'Riva Ridge Property Mgmt', '019d44b8-a760-70e2-9605-0382b069f081', '0195f2c0-89ab-7a10-8a01-000000000002', '019d44b8-a88e-772c-8a3e-17b7723b7692', '0195f2c0-89ab-7a10-8a01-000000000001', 'withdrawal', '019d44b8-a7fa-7f9e-9ea6-60059e0bfbfb', '0195f2c0-89aa-7d6d-bb34-7f3b3f69c001', '2026-03-09T12:00:00+00:00') ON CONFLICT DO NOTHING;
INSERT INTO financial_ledger (id, journal_id, account, amount, quantity, unit, unit_cost, department, job_id, billing_entity, billing_entity_id, contractor_id, sku_id, performed_by_user_id, reference_type, reference_id, organization_id, created_at) VALUES ('019d44b8-a890-73c7-a4d8-494a0bfd06c3', '019d44b8-a88d-7df4-aee1-12b91f11c154', 'inventory', -98.4, 12, 'sheet', 8.2, 'Building Materials', '019d44b8-a764-790e-9e4f-1522500c711c', 'Riva Ridge Property Mgmt', '019d44b8-a760-70e2-9605-0382b069f081', '0195f2c0-89ab-7a10-8a01-000000000002', '019d44b8-a88e-772c-8a3e-17b7723b7692', '0195f2c0-89ab-7a10-8a01-000000000001', 'withdrawal', '019d44b8-a7fa-7f9e-9ea6-60059e0bfbfb', '0195f2c0-89aa-7d6d-bb34-7f3b3f69c001', '2026-03-09T12:00:00+00:00') ON CONFLICT DO NOTHING;
INSERT INTO financial_ledger (id, journal_id, account, amount, quantity, unit, unit_cost, department, job_id, billing_entity, billing_entity_id, contractor_id, sku_id, performed_by_user_id, reference_type, reference_id, organization_id, created_at) VALUES ('019d44b8-a891-7995-bca7-d3cc453e4e2e', '019d44b8-a88d-7df4-aee1-12b91f11c154', 'revenue', 23.96, 4, 'box', 5.99, 'Fasteners', '019d44b8-a764-790e-9e4f-1522500c711c', 'Riva Ridge Property Mgmt', '019d44b8-a760-70e2-9605-0382b069f081', '0195f2c0-89ab-7a10-8a01-000000000002', '019d44b8-a892-78b8-81b8-f92ef334956e', '0195f2c0-89ab-7a10-8a01-000000000001', 'withdrawal', '019d44b8-a7fa-7f9e-9ea6-60059e0bfbfb', '0195f2c0-89aa-7d6d-bb34-7f3b3f69c001', '2026-03-09T12:00:00+00:00') ON CONFLICT DO NOTHING;
INSERT INTO financial_ledger (id, journal_id, account, amount, quantity, unit, unit_cost, department, job_id, billing_entity, billing_entity_id, contractor_id, sku_id, performed_by_user_id, reference_type, reference_id, organization_id, created_at) VALUES ('019d44b8-a893-7500-83e7-7131d03cd545', '019d44b8-a88d-7df4-aee1-12b91f11c154', 'cogs', 11.2, 4, 'box', 2.8, 'Fasteners', '019d44b8-a764-790e-9e4f-1522500c711c', 'Riva Ridge Property Mgmt', '019d44b8-a760-70e2-9605-0382b069f081', '0195f2c0-89ab-7a10-8a01-000000000002', '019d44b8-a892-78b8-81b8-f92ef334956e', '0195f2c0-89ab-7a10-8a01-000000000001', 'withdrawal', '019d44b8-a7fa-7f9e-9ea6-60059e0bfbfb', '0195f2c0-89aa-7d6d-bb34-7f3b3f69c001', '2026-03-09T12:00:00+00:00') ON CONFLICT DO NOTHING;
INSERT INTO financial_ledger (id, journal_id, account, amount, quantity, unit, unit_cost, department, job_id, billing_entity, billing_entity_id, contractor_id, sku_id, performed_by_user_id, reference_type, reference_id, organization_id, created_at) VALUES ('019d44b8-a894-7b71-988c-01f3bb65a5ce', '019d44b8-a88d-7df4-aee1-12b91f11c154', 'inventory', -11.2, 4, 'box', 2.8, 'Fasteners', '019d44b8-a764-790e-9e4f-1522500c711c', 'Riva Ridge Property Mgmt', '019d44b8-a760-70e2-9605-0382b069f081', '0195f2c0-89ab-7a10-8a01-000000000002', '019d44b8-a892-78b8-81b8-f92ef334956e', '0195f2c0-89ab-7a10-8a01-000000000001', 'withdrawal', '019d44b8-a7fa-7f9e-9ea6-60059e0bfbfb', '0195f2c0-89aa-7d6d-bb34-7f3b3f69c001', '2026-03-09T12:00:00+00:00') ON CONFLICT DO NOTHING;
INSERT INTO financial_ledger (id, journal_id, account, amount, quantity, unit, unit_cost, department, job_id, billing_entity, billing_entity_id, contractor_id, sku_id, performed_by_user_id, reference_type, reference_id, organization_id, created_at) VALUES ('019d44b8-a895-7ad8-9b52-0e05a922c675', '019d44b8-a88d-7df4-aee1-12b91f11c154', 'revenue', 37.98, 2, 'bucket', 18.99, 'Drywall Mud', '019d44b8-a764-790e-9e4f-1522500c711c', 'Riva Ridge Property Mgmt', '019d44b8-a760-70e2-9605-0382b069f081', '0195f2c0-89ab-7a10-8a01-000000000002', '019d44b8-a896-7ab6-b75b-f346a1837e35', '0195f2c0-89ab-7a10-8a01-000000000001', 'withdrawal', '019d44b8-a7fa-7f9e-9ea6-60059e0bfbfb', '0195f2c0-89aa-7d6d-bb34-7f3b3f69c001', '2026-03-09T12:00:00+00:00') ON CONFLICT DO NOTHING;
INSERT INTO financial_ledger (id, journal_id, account, amount, quantity, unit, unit_cost, department, job_id, billing_entity, billing_entity_id, contractor_id, sku_id, performed_by_user_id, reference_type, reference_id, organization_id, created_at) VALUES ('019d44b8-a897-7c08-8901-750ae3fec6a4', '019d44b8-a88d-7df4-aee1-12b91f11c154', 'cogs', 20.8, 2, 'bucket', 10.4, 'Drywall Mud', '019d44b8-a764-790e-9e4f-1522500c711c', 'Riva Ridge Property Mgmt', '019d44b8-a760-70e2-9605-0382b069f081', '0195f2c0-89ab-7a10-8a01-000000000002', '019d44b8-a896-7ab6-b75b-f346a1837e35', '0195f2c0-89ab-7a10-8a01-000000000001', 'withdrawal', '019d44b8-a7fa-7f9e-9ea6-60059e0bfbfb', '0195f2c0-89aa-7d6d-bb34-7f3b3f69c001', '2026-03-09T12:00:00+00:00') ON CONFLICT DO NOTHING;
INSERT INTO financial_ledger (id, journal_id, account, amount, quantity, unit, unit_cost, department, job_id, billing_entity, billing_entity_id, contractor_id, sku_id, performed_by_user_id, reference_type, reference_id, organization_id, created_at) VALUES ('019d44b8-a898-7ca4-b9c3-8a0937150a94', '019d44b8-a88d-7df4-aee1-12b91f11c154', 'inventory', -20.8, 2, 'bucket', 10.4, 'Drywall Mud', '019d44b8-a764-790e-9e4f-1522500c711c', 'Riva Ridge Property Mgmt', '019d44b8-a760-70e2-9605-0382b069f081', '0195f2c0-89ab-7a10-8a01-000000000002', '019d44b8-a896-7ab6-b75b-f346a1837e35', '0195f2c0-89ab-7a10-8a01-000000000001', 'withdrawal', '019d44b8-a7fa-7f9e-9ea6-60059e0bfbfb', '0195f2c0-89aa-7d6d-bb34-7f3b3f69c001', '2026-03-09T12:00:00+00:00') ON CONFLICT DO NOTHING;
INSERT INTO financial_ledger (id, journal_id, account, amount, quantity, unit, unit_cost, department, job_id, billing_entity, billing_entity_id, contractor_id, sku_id, performed_by_user_id, reference_type, reference_id, organization_id, created_at) VALUES ('019d44b8-a899-7f83-84a0-f435181cbc47', '019d44b8-a88d-7df4-aee1-12b91f11c154', 'revenue', 20.97, 3, 'roll', 6.99, 'Drywall Supplies', '019d44b8-a764-790e-9e4f-1522500c711c', 'Riva Ridge Property Mgmt', '019d44b8-a760-70e2-9605-0382b069f081', '0195f2c0-89ab-7a10-8a01-000000000002', '019d44b8-a89a-798c-8898-9350c482e880', '0195f2c0-89ab-7a10-8a01-000000000001', 'withdrawal', '019d44b8-a7fa-7f9e-9ea6-60059e0bfbfb', '0195f2c0-89aa-7d6d-bb34-7f3b3f69c001', '2026-03-09T12:00:00+00:00') ON CONFLICT DO NOTHING;
INSERT INTO financial_ledger (id, journal_id, account, amount, quantity, unit, unit_cost, department, job_id, billing_entity, billing_entity_id, contractor_id, sku_id, performed_by_user_id, reference_type, reference_id, organization_id, created_at) VALUES ('019d44b8-a89b-73af-a9be-ae262533eac8', '019d44b8-a88d-7df4-aee1-12b91f11c154', 'cogs', 9.6, 3, 'roll', 3.2, 'Drywall Supplies', '019d44b8-a764-790e-9e4f-1522500c711c', 'Riva Ridge Property Mgmt', '019d44b8-a760-70e2-9605-0382b069f081', '0195f2c0-89ab-7a10-8a01-000000000002', '019d44b8-a89a-798c-8898-9350c482e880', '0195f2c0-89ab-7a10-8a01-000000000001', 'withdrawal', '019d44b8-a7fa-7f9e-9ea6-60059e0bfbfb', '0195f2c0-89aa-7d6d-bb34-7f3b3f69c001', '2026-03-09T12:00:00+00:00') ON CONFLICT DO NOTHING;
INSERT INTO financial_ledger (id, journal_id, account, amount, quantity, unit, unit_cost, department, job_id, billing_entity, billing_entity_id, contractor_id, sku_id, performed_by_user_id, reference_type, reference_id, organization_id, created_at) VALUES ('019d44b8-a89c-7792-aa0d-6a2bedc13fd4', '019d44b8-a88d-7df4-aee1-12b91f11c154', 'inventory', -9.6, 3, 'roll', 3.2, 'Drywall Supplies', '019d44b8-a764-790e-9e4f-1522500c711c', 'Riva Ridge Property Mgmt', '019d44b8-a760-70e2-9605-0382b069f081', '0195f2c0-89ab-7a10-8a01-000000000002', '019d44b8-a89a-798c-8898-9350c482e880', '0195f2c0-89ab-7a10-8a01-000000000001', 'withdrawal', '019d44b8-a7fa-7f9e-9ea6-60059e0bfbfb', '0195f2c0-89aa-7d6d-bb34-7f3b3f69c001', '2026-03-09T12:00:00+00:00') ON CONFLICT DO NOTHING;
INSERT INTO financial_ledger (id, journal_id, account, amount, job_id, billing_entity, billing_entity_id, contractor_id, performed_by_user_id, reference_type, reference_id, organization_id, created_at) VALUES ('019d44b8-a89d-7151-acde-a5e24c425e00', '019d44b8-a88d-7df4-aee1-12b91f11c154', 'tax_collected', 26.28, '019d44b8-a764-790e-9e4f-1522500c711c', 'Riva Ridge Property Mgmt', '019d44b8-a760-70e2-9605-0382b069f081', '0195f2c0-89ab-7a10-8a01-000000000002', '0195f2c0-89ab-7a10-8a01-000000000001', 'withdrawal', '019d44b8-a7fa-7f9e-9ea6-60059e0bfbfb', '0195f2c0-89aa-7d6d-bb34-7f3b3f69c001', '2026-03-09T12:00:00+00:00') ON CONFLICT DO NOTHING;
INSERT INTO financial_ledger (id, journal_id, account, amount, job_id, billing_entity, billing_entity_id, contractor_id, performed_by_user_id, reference_type, reference_id, organization_id, created_at) VALUES ('019d44b8-a89e-71df-8ff9-05392dadca54', '019d44b8-a88d-7df4-aee1-12b91f11c154', 'accounts_receivable', 289.07, '019d44b8-a764-790e-9e4f-1522500c711c', 'Riva Ridge Property Mgmt', '019d44b8-a760-70e2-9605-0382b069f081', '0195f2c0-89ab-7a10-8a01-000000000002', '0195f2c0-89ab-7a10-8a01-000000000001', 'withdrawal', '019d44b8-a7fa-7f9e-9ea6-60059e0bfbfb', '0195f2c0-89aa-7d6d-bb34-7f3b3f69c001', '2026-03-09T12:00:00+00:00') ON CONFLICT DO NOTHING;
INSERT INTO financial_ledger (id, journal_id, account, amount, quantity, unit, unit_cost, department, job_id, billing_entity, billing_entity_id, contractor_id, sku_id, performed_by_user_id, reference_type, reference_id, organization_id, created_at) VALUES ('019d44b8-a89f-7762-a647-ebde1795dd5c', '019d44b8-a8a0-7b68-b843-ae19e38f5cfa', 'revenue', 299.8, 20, 'each', 14.99, 'Lumber', '019d44b8-a765-7004-bd89-45d62b4b5145', 'Summit Property Group', '019d44b8-a761-7c4f-9c24-903f9ce5bb58', '0195f2c0-89ab-7a10-8a01-000000000003', '019d44b8-a8a1-799d-a0ed-08fbf340af2b', '0195f2c0-89ab-7a10-8a01-000000000001', 'withdrawal', '019d44b8-a7fb-7cf5-905c-f5ea6776a78c', '0195f2c0-89aa-7d6d-bb34-7f3b3f69c001', '2026-03-11T12:00:00+00:00') ON CONFLICT DO NOTHING;
INSERT INTO financial_ledger (id, journal_id, account, amount, quantity, unit, unit_cost, department, job_id, billing_entity, billing_entity_id, contractor_id, sku_id, performed_by_user_id, reference_type, reference_id, organization_id, created_at) VALUES ('019d44b8-a8a2-72b3-b192-282e24c4f648', '019d44b8-a8a0-7b68-b843-ae19e38f5cfa', 'cogs', 176.0, 20, 'each', 8.8, 'Lumber', '019d44b8-a765-7004-bd89-45d62b4b5145', 'Summit Property Group', '019d44b8-a761-7c4f-9c24-903f9ce5bb58', '0195f2c0-89ab-7a10-8a01-000000000003', '019d44b8-a8a1-799d-a0ed-08fbf340af2b', '0195f2c0-89ab-7a10-8a01-000000000001', 'withdrawal', '019d44b8-a7fb-7cf5-905c-f5ea6776a78c', '0195f2c0-89aa-7d6d-bb34-7f3b3f69c001', '2026-03-11T12:00:00+00:00') ON CONFLICT DO NOTHING;
INSERT INTO financial_ledger (id, journal_id, account, amount, quantity, unit, unit_cost, department, job_id, billing_entity, billing_entity_id, contractor_id, sku_id, performed_by_user_id, reference_type, reference_id, organization_id, created_at) VALUES ('019d44b8-a8a3-7218-92b4-604217d656f3', '019d44b8-a8a0-7b68-b843-ae19e38f5cfa', 'inventory', -176.0, 20, 'each', 8.8, 'Lumber', '019d44b8-a765-7004-bd89-45d62b4b5145', 'Summit Property Group', '019d44b8-a761-7c4f-9c24-903f9ce5bb58', '0195f2c0-89ab-7a10-8a01-000000000003', '019d44b8-a8a1-799d-a0ed-08fbf340af2b', '0195f2c0-89ab-7a10-8a01-000000000001', 'withdrawal', '019d44b8-a7fb-7cf5-905c-f5ea6776a78c', '0195f2c0-89aa-7d6d-bb34-7f3b3f69c001', '2026-03-11T12:00:00+00:00') ON CONFLICT DO NOTHING;
INSERT INTO financial_ledger (id, journal_id, account, amount, quantity, unit, unit_cost, department, job_id, billing_entity, billing_entity_id, contractor_id, sku_id, performed_by_user_id, reference_type, reference_id, organization_id, created_at) VALUES ('019d44b8-a8a4-766d-a65f-5147bcac3431', '019d44b8-a8a0-7b68-b843-ae19e38f5cfa', 'revenue', 159.92, 8, 'each', 19.99, 'Lumber', '019d44b8-a765-7004-bd89-45d62b4b5145', 'Summit Property Group', '019d44b8-a761-7c4f-9c24-903f9ce5bb58', '0195f2c0-89ab-7a10-8a01-000000000003', '019d44b8-a8a5-763b-ae25-42ea0a3ba5d1', '0195f2c0-89ab-7a10-8a01-000000000001', 'withdrawal', '019d44b8-a7fb-7cf5-905c-f5ea6776a78c', '0195f2c0-89aa-7d6d-bb34-7f3b3f69c001', '2026-03-11T12:00:00+00:00') ON CONFLICT DO NOTHING;
INSERT INTO financial_ledger (id, journal_id, account, amount, quantity, unit, unit_cost, department, job_id, billing_entity, billing_entity_id, contractor_id, sku_id, performed_by_user_id, reference_type, reference_id, organization_id, created_at) VALUES ('019d44b8-a8a6-731f-a092-db07a1bbd63a', '019d44b8-a8a0-7b68-b843-ae19e38f5cfa', 'cogs', 92.8, 8, 'each', 11.6, 'Lumber', '019d44b8-a765-7004-bd89-45d62b4b5145', 'Summit Property Group', '019d44b8-a761-7c4f-9c24-903f9ce5bb58', '0195f2c0-89ab-7a10-8a01-000000000003', '019d44b8-a8a5-763b-ae25-42ea0a3ba5d1', '0195f2c0-89ab-7a10-8a01-000000000001', 'withdrawal', '019d44b8-a7fb-7cf5-905c-f5ea6776a78c', '0195f2c0-89aa-7d6d-bb34-7f3b3f69c001', '2026-03-11T12:00:00+00:00') ON CONFLICT DO NOTHING;
INSERT INTO financial_ledger (id, journal_id, account, amount, quantity, unit, unit_cost, department, job_id, billing_entity, billing_entity_id, contractor_id, sku_id, performed_by_user_id, reference_type, reference_id, organization_id, created_at) VALUES ('019d44b8-a8a7-76f0-930d-1b35a717d634', '019d44b8-a8a0-7b68-b843-ae19e38f5cfa', 'inventory', -92.8, 8, 'each', 11.6, 'Lumber', '019d44b8-a765-7004-bd89-45d62b4b5145', 'Summit Property Group', '019d44b8-a761-7c4f-9c24-903f9ce5bb58', '0195f2c0-89ab-7a10-8a01-000000000003', '019d44b8-a8a5-763b-ae25-42ea0a3ba5d1', '0195f2c0-89ab-7a10-8a01-000000000001', 'withdrawal', '019d44b8-a7fb-7cf5-905c-f5ea6776a78c', '0195f2c0-89aa-7d6d-bb34-7f3b3f69c001', '2026-03-11T12:00:00+00:00') ON CONFLICT DO NOTHING;
INSERT INTO financial_ledger (id, journal_id, account, amount, quantity, unit, unit_cost, department, job_id, billing_entity, billing_entity_id, contractor_id, sku_id, performed_by_user_id, reference_type, reference_id, organization_id, created_at) VALUES ('019d44b8-a8a8-7815-9015-bf3d0450a13b', '019d44b8-a8a0-7b68-b843-ae19e38f5cfa', 'revenue', 89.94, 6, 'box', 14.99, 'Fasteners', '019d44b8-a765-7004-bd89-45d62b4b5145', 'Summit Property Group', '019d44b8-a761-7c4f-9c24-903f9ce5bb58', '0195f2c0-89ab-7a10-8a01-000000000003', '019d44b8-a8a9-7528-ab8f-d458301794f4', '0195f2c0-89ab-7a10-8a01-000000000001', 'withdrawal', '019d44b8-a7fb-7cf5-905c-f5ea6776a78c', '0195f2c0-89aa-7d6d-bb34-7f3b3f69c001', '2026-03-11T12:00:00+00:00') ON CONFLICT DO NOTHING;
INSERT INTO financial_ledger (id, journal_id, account, amount, quantity, unit, unit_cost, department, job_id, billing_entity, billing_entity_id, contractor_id, sku_id, performed_by_user_id, reference_type, reference_id, organization_id, created_at) VALUES ('019d44b8-a8aa-7127-a5f7-ff9c0afe1be6', '019d44b8-a8a0-7b68-b843-ae19e38f5cfa', 'cogs', 46.8, 6, 'box', 7.8, 'Fasteners', '019d44b8-a765-7004-bd89-45d62b4b5145', 'Summit Property Group', '019d44b8-a761-7c4f-9c24-903f9ce5bb58', '0195f2c0-89ab-7a10-8a01-000000000003', '019d44b8-a8a9-7528-ab8f-d458301794f4', '0195f2c0-89ab-7a10-8a01-000000000001', 'withdrawal', '019d44b8-a7fb-7cf5-905c-f5ea6776a78c', '0195f2c0-89aa-7d6d-bb34-7f3b3f69c001', '2026-03-11T12:00:00+00:00') ON CONFLICT DO NOTHING;
INSERT INTO financial_ledger (id, journal_id, account, amount, quantity, unit, unit_cost, department, job_id, billing_entity, billing_entity_id, contractor_id, sku_id, performed_by_user_id, reference_type, reference_id, organization_id, created_at) VALUES ('019d44b8-a8ab-716c-8766-678301bc6a04', '019d44b8-a8a0-7b68-b843-ae19e38f5cfa', 'inventory', -46.8, 6, 'box', 7.8, 'Fasteners', '019d44b8-a765-7004-bd89-45d62b4b5145', 'Summit Property Group', '019d44b8-a761-7c4f-9c24-903f9ce5bb58', '0195f2c0-89ab-7a10-8a01-000000000003', '019d44b8-a8a9-7528-ab8f-d458301794f4', '0195f2c0-89ab-7a10-8a01-000000000001', 'withdrawal', '019d44b8-a7fb-7cf5-905c-f5ea6776a78c', '0195f2c0-89aa-7d6d-bb34-7f3b3f69c001', '2026-03-11T12:00:00+00:00') ON CONFLICT DO NOTHING;
INSERT INTO financial_ledger (id, journal_id, account, amount, job_id, billing_entity, billing_entity_id, contractor_id, performed_by_user_id, reference_type, reference_id, organization_id, created_at) VALUES ('019d44b8-a8ac-762f-8f60-b11a0ac71b18', '019d44b8-a8a0-7b68-b843-ae19e38f5cfa', 'tax_collected', 54.97, '019d44b8-a765-7004-bd89-45d62b4b5145', 'Summit Property Group', '019d44b8-a761-7c4f-9c24-903f9ce5bb58', '0195f2c0-89ab-7a10-8a01-000000000003', '0195f2c0-89ab-7a10-8a01-000000000001', 'withdrawal', '019d44b8-a7fb-7cf5-905c-f5ea6776a78c', '0195f2c0-89aa-7d6d-bb34-7f3b3f69c001', '2026-03-11T12:00:00+00:00') ON CONFLICT DO NOTHING;
INSERT INTO financial_ledger (id, journal_id, account, amount, job_id, billing_entity, billing_entity_id, contractor_id, performed_by_user_id, reference_type, reference_id, organization_id, created_at) VALUES ('019d44b8-a8ad-7ee2-be41-879fce6dc926', '019d44b8-a8a0-7b68-b843-ae19e38f5cfa', 'accounts_receivable', 604.63, '019d44b8-a765-7004-bd89-45d62b4b5145', 'Summit Property Group', '019d44b8-a761-7c4f-9c24-903f9ce5bb58', '0195f2c0-89ab-7a10-8a01-000000000003', '0195f2c0-89ab-7a10-8a01-000000000001', 'withdrawal', '019d44b8-a7fb-7cf5-905c-f5ea6776a78c', '0195f2c0-89aa-7d6d-bb34-7f3b3f69c001', '2026-03-11T12:00:00+00:00') ON CONFLICT DO NOTHING;
INSERT INTO financial_ledger (id, journal_id, account, amount, quantity, unit, unit_cost, department, job_id, billing_entity, billing_entity_id, contractor_id, sku_id, performed_by_user_id, reference_type, reference_id, organization_id, created_at) VALUES ('019d44b8-a8ae-7299-9579-533643cbadd7', '019d44b8-a8af-7db1-ad08-450a9297c9bb', 'revenue', 51.48, 12, 'each', 4.29, 'Lumber', '019d44b8-a765-7004-bd89-45d62b4b5145', 'Summit Property Group', '019d44b8-a761-7c4f-9c24-903f9ce5bb58', '0195f2c0-89ab-7a10-8a01-000000000003', '019d44b8-a8b0-72fa-a3de-171795eec89f', '0195f2c0-89ab-7a10-8a01-000000000001', 'withdrawal', '019d44b8-a7fc-7aab-beb8-2a0ac6d1bc0b', '0195f2c0-89aa-7d6d-bb34-7f3b3f69c001', '2026-03-13T12:00:00+00:00') ON CONFLICT DO NOTHING;
INSERT INTO financial_ledger (id, journal_id, account, amount, quantity, unit, unit_cost, department, job_id, billing_entity, billing_entity_id, contractor_id, sku_id, performed_by_user_id, reference_type, reference_id, organization_id, created_at) VALUES ('019d44b8-a8b1-7311-83fb-9fd4721bc6fd', '019d44b8-a8af-7db1-ad08-450a9297c9bb', 'cogs', 28.8, 12, 'each', 2.4, 'Lumber', '019d44b8-a765-7004-bd89-45d62b4b5145', 'Summit Property Group', '019d44b8-a761-7c4f-9c24-903f9ce5bb58', '0195f2c0-89ab-7a10-8a01-000000000003', '019d44b8-a8b0-72fa-a3de-171795eec89f', '0195f2c0-89ab-7a10-8a01-000000000001', 'withdrawal', '019d44b8-a7fc-7aab-beb8-2a0ac6d1bc0b', '0195f2c0-89aa-7d6d-bb34-7f3b3f69c001', '2026-03-13T12:00:00+00:00') ON CONFLICT DO NOTHING;
INSERT INTO financial_ledger (id, journal_id, account, amount, quantity, unit, unit_cost, department, job_id, billing_entity, billing_entity_id, contractor_id, sku_id, performed_by_user_id, reference_type, reference_id, organization_id, created_at) VALUES ('019d44b8-a8b2-7354-8a8d-1b006420727d', '019d44b8-a8af-7db1-ad08-450a9297c9bb', 'inventory', -28.8, 12, 'each', 2.4, 'Lumber', '019d44b8-a765-7004-bd89-45d62b4b5145', 'Summit Property Group', '019d44b8-a761-7c4f-9c24-903f9ce5bb58', '0195f2c0-89ab-7a10-8a01-000000000003', '019d44b8-a8b0-72fa-a3de-171795eec89f', '0195f2c0-89ab-7a10-8a01-000000000001', 'withdrawal', '019d44b8-a7fc-7aab-beb8-2a0ac6d1bc0b', '0195f2c0-89aa-7d6d-bb34-7f3b3f69c001', '2026-03-13T12:00:00+00:00') ON CONFLICT DO NOTHING;
INSERT INTO financial_ledger (id, journal_id, account, amount, quantity, unit, unit_cost, department, job_id, billing_entity, billing_entity_id, contractor_id, sku_id, performed_by_user_id, reference_type, reference_id, organization_id, created_at) VALUES ('019d44b8-a8b3-7955-bd3e-5d2a94450d5d', '019d44b8-a8af-7db1-ad08-450a9297c9bb', 'revenue', 55.92, 8, 'each', 6.99, 'Lumber', '019d44b8-a765-7004-bd89-45d62b4b5145', 'Summit Property Group', '019d44b8-a761-7c4f-9c24-903f9ce5bb58', '0195f2c0-89ab-7a10-8a01-000000000003', '019d44b8-a8b4-764b-b38a-54cf3e8648a4', '0195f2c0-89ab-7a10-8a01-000000000001', 'withdrawal', '019d44b8-a7fc-7aab-beb8-2a0ac6d1bc0b', '0195f2c0-89aa-7d6d-bb34-7f3b3f69c001', '2026-03-13T12:00:00+00:00') ON CONFLICT DO NOTHING;
INSERT INTO financial_ledger (id, journal_id, account, amount, quantity, unit, unit_cost, department, job_id, billing_entity, billing_entity_id, contractor_id, sku_id, performed_by_user_id, reference_type, reference_id, organization_id, created_at) VALUES ('019d44b8-a8b5-74a0-b6a7-187ad11ce81a', '019d44b8-a8af-7db1-ad08-450a9297c9bb', 'cogs', 32.0, 8, 'each', 4.0, 'Lumber', '019d44b8-a765-7004-bd89-45d62b4b5145', 'Summit Property Group', '019d44b8-a761-7c4f-9c24-903f9ce5bb58', '0195f2c0-89ab-7a10-8a01-000000000003', '019d44b8-a8b4-764b-b38a-54cf3e8648a4', '0195f2c0-89ab-7a10-8a01-000000000001', 'withdrawal', '019d44b8-a7fc-7aab-beb8-2a0ac6d1bc0b', '0195f2c0-89aa-7d6d-bb34-7f3b3f69c001', '2026-03-13T12:00:00+00:00') ON CONFLICT DO NOTHING;
INSERT INTO financial_ledger (id, journal_id, account, amount, quantity, unit, unit_cost, department, job_id, billing_entity, billing_entity_id, contractor_id, sku_id, performed_by_user_id, reference_type, reference_id, organization_id, created_at) VALUES ('019d44b8-a8b6-7d27-a8fb-6a4dcf7e6575', '019d44b8-a8af-7db1-ad08-450a9297c9bb', 'inventory', -32.0, 8, 'each', 4.0, 'Lumber', '019d44b8-a765-7004-bd89-45d62b4b5145', 'Summit Property Group', '019d44b8-a761-7c4f-9c24-903f9ce5bb58', '0195f2c0-89ab-7a10-8a01-000000000003', '019d44b8-a8b4-764b-b38a-54cf3e8648a4', '0195f2c0-89ab-7a10-8a01-000000000001', 'withdrawal', '019d44b8-a7fc-7aab-beb8-2a0ac6d1bc0b', '0195f2c0-89aa-7d6d-bb34-7f3b3f69c001', '2026-03-13T12:00:00+00:00') ON CONFLICT DO NOTHING;
INSERT INTO financial_ledger (id, journal_id, account, amount, quantity, unit, unit_cost, department, job_id, billing_entity, billing_entity_id, contractor_id, sku_id, performed_by_user_id, reference_type, reference_id, organization_id, created_at) VALUES ('019d44b8-a8b7-776c-84f8-9a64e692a6f9', '019d44b8-a8af-7db1-ad08-450a9297c9bb', 'revenue', 44.94, 6, 'bag', 7.49, 'Concrete', '019d44b8-a765-7004-bd89-45d62b4b5145', 'Summit Property Group', '019d44b8-a761-7c4f-9c24-903f9ce5bb58', '0195f2c0-89ab-7a10-8a01-000000000003', '019d44b8-a8b8-7c43-b24d-5617ddae6375', '0195f2c0-89ab-7a10-8a01-000000000001', 'withdrawal', '019d44b8-a7fc-7aab-beb8-2a0ac6d1bc0b', '0195f2c0-89aa-7d6d-bb34-7f3b3f69c001', '2026-03-13T12:00:00+00:00') ON CONFLICT DO NOTHING;
INSERT INTO financial_ledger (id, journal_id, account, amount, quantity, unit, unit_cost, department, job_id, billing_entity, billing_entity_id, contractor_id, sku_id, performed_by_user_id, reference_type, reference_id, organization_id, created_at) VALUES ('019d44b8-a8b9-7198-9bcd-b7c467dbb4f8', '019d44b8-a8af-7db1-ad08-450a9297c9bb', 'cogs', 24.6, 6, 'bag', 4.1, 'Concrete', '019d44b8-a765-7004-bd89-45d62b4b5145', 'Summit Property Group', '019d44b8-a761-7c4f-9c24-903f9ce5bb58', '0195f2c0-89ab-7a10-8a01-000000000003', '019d44b8-a8b8-7c43-b24d-5617ddae6375', '0195f2c0-89ab-7a10-8a01-000000000001', 'withdrawal', '019d44b8-a7fc-7aab-beb8-2a0ac6d1bc0b', '0195f2c0-89aa-7d6d-bb34-7f3b3f69c001', '2026-03-13T12:00:00+00:00') ON CONFLICT DO NOTHING;
INSERT INTO financial_ledger (id, journal_id, account, amount, quantity, unit, unit_cost, department, job_id, billing_entity, billing_entity_id, contractor_id, sku_id, performed_by_user_id, reference_type, reference_id, organization_id, created_at) VALUES ('019d44b8-a8ba-7093-a164-9c9d3f616a48', '019d44b8-a8af-7db1-ad08-450a9297c9bb', 'inventory', -24.6, 6, 'bag', 4.1, 'Concrete', '019d44b8-a765-7004-bd89-45d62b4b5145', 'Summit Property Group', '019d44b8-a761-7c4f-9c24-903f9ce5bb58', '0195f2c0-89ab-7a10-8a01-000000000003', '019d44b8-a8b8-7c43-b24d-5617ddae6375', '0195f2c0-89ab-7a10-8a01-000000000001', 'withdrawal', '019d44b8-a7fc-7aab-beb8-2a0ac6d1bc0b', '0195f2c0-89aa-7d6d-bb34-7f3b3f69c001', '2026-03-13T12:00:00+00:00') ON CONFLICT DO NOTHING;
INSERT INTO financial_ledger (id, journal_id, account, amount, job_id, billing_entity, billing_entity_id, contractor_id, performed_by_user_id, reference_type, reference_id, organization_id, created_at) VALUES ('019d44b8-a8bb-72e8-be2f-8f14f004d1fa', '019d44b8-a8af-7db1-ad08-450a9297c9bb', 'tax_collected', 15.23, '019d44b8-a765-7004-bd89-45d62b4b5145', 'Summit Property Group', '019d44b8-a761-7c4f-9c24-903f9ce5bb58', '0195f2c0-89ab-7a10-8a01-000000000003', '0195f2c0-89ab-7a10-8a01-000000000001', 'withdrawal', '019d44b8-a7fc-7aab-beb8-2a0ac6d1bc0b', '0195f2c0-89aa-7d6d-bb34-7f3b3f69c001', '2026-03-13T12:00:00+00:00') ON CONFLICT DO NOTHING;
INSERT INTO financial_ledger (id, journal_id, account, amount, job_id, billing_entity, billing_entity_id, contractor_id, performed_by_user_id, reference_type, reference_id, organization_id, created_at) VALUES ('019d44b8-a8bc-77ed-8cb8-1e8d447afb73', '019d44b8-a8af-7db1-ad08-450a9297c9bb', 'accounts_receivable', 167.57, '019d44b8-a765-7004-bd89-45d62b4b5145', 'Summit Property Group', '019d44b8-a761-7c4f-9c24-903f9ce5bb58', '0195f2c0-89ab-7a10-8a01-000000000003', '0195f2c0-89ab-7a10-8a01-000000000001', 'withdrawal', '019d44b8-a7fc-7aab-beb8-2a0ac6d1bc0b', '0195f2c0-89aa-7d6d-bb34-7f3b3f69c001', '2026-03-13T12:00:00+00:00') ON CONFLICT DO NOTHING;
INSERT INTO financial_ledger (id, journal_id, account, amount, quantity, unit, unit_cost, department, job_id, billing_entity, billing_entity_id, contractor_id, sku_id, performed_by_user_id, reference_type, reference_id, organization_id, created_at) VALUES ('019d44b8-a8bd-7035-826f-223d69cdfd92', '019d44b8-a8be-74bb-891b-08c3ccf7c248', 'revenue', 119.99, 1, 'foot', 119.99, 'Electrical - Wire', '019d44b8-a766-7da5-aa54-bbf9123fca37', 'Summit Property Group', '019d44b8-a761-7c4f-9c24-903f9ce5bb58', '0195f2c0-89ab-7a10-8a01-000000000003', '019d44b8-a8bf-7e4f-9e1e-b65d91045d1b', '0195f2c0-89ab-7a10-8a01-000000000001', 'withdrawal', '019d44b8-a7fd-72c5-be9d-2c4649eab692', '0195f2c0-89aa-7d6d-bb34-7f3b3f69c001', '2026-03-14T12:00:00+00:00') ON CONFLICT DO NOTHING;
INSERT INTO financial_ledger (id, journal_id, account, amount, quantity, unit, unit_cost, department, job_id, billing_entity, billing_entity_id, contractor_id, sku_id, performed_by_user_id, reference_type, reference_id, organization_id, created_at) VALUES ('019d44b8-a8c0-7e00-b7d1-e8f270a69b47', '019d44b8-a8be-74bb-891b-08c3ccf7c248', 'cogs', 72.0, 1, 'foot', 72.0, 'Electrical - Wire', '019d44b8-a766-7da5-aa54-bbf9123fca37', 'Summit Property Group', '019d44b8-a761-7c4f-9c24-903f9ce5bb58', '0195f2c0-89ab-7a10-8a01-000000000003', '019d44b8-a8bf-7e4f-9e1e-b65d91045d1b', '0195f2c0-89ab-7a10-8a01-000000000001', 'withdrawal', '019d44b8-a7fd-72c5-be9d-2c4649eab692', '0195f2c0-89aa-7d6d-bb34-7f3b3f69c001', '2026-03-14T12:00:00+00:00') ON CONFLICT DO NOTHING;
INSERT INTO financial_ledger (id, journal_id, account, amount, quantity, unit, unit_cost, department, job_id, billing_entity, billing_entity_id, contractor_id, sku_id, performed_by_user_id, reference_type, reference_id, organization_id, created_at) VALUES ('019d44b8-a8c1-7676-9e58-2b61bc538434', '019d44b8-a8be-74bb-891b-08c3ccf7c248', 'inventory', -72.0, 1, 'foot', 72.0, 'Electrical - Wire', '019d44b8-a766-7da5-aa54-bbf9123fca37', 'Summit Property Group', '019d44b8-a761-7c4f-9c24-903f9ce5bb58', '0195f2c0-89ab-7a10-8a01-000000000003', '019d44b8-a8bf-7e4f-9e1e-b65d91045d1b', '0195f2c0-89ab-7a10-8a01-000000000001', 'withdrawal', '019d44b8-a7fd-72c5-be9d-2c4649eab692', '0195f2c0-89aa-7d6d-bb34-7f3b3f69c001', '2026-03-14T12:00:00+00:00') ON CONFLICT DO NOTHING;
INSERT INTO financial_ledger (id, journal_id, account, amount, quantity, unit, unit_cost, department, job_id, billing_entity, billing_entity_id, contractor_id, sku_id, performed_by_user_id, reference_type, reference_id, organization_id, created_at) VALUES ('019d44b8-a8c2-7153-8fd9-5f6764ae3f23', '019d44b8-a8be-74bb-891b-08c3ccf7c248', 'revenue', 113.94, 6, 'each', 18.99, 'Electrical', '019d44b8-a766-7da5-aa54-bbf9123fca37', 'Summit Property Group', '019d44b8-a761-7c4f-9c24-903f9ce5bb58', '0195f2c0-89ab-7a10-8a01-000000000003', '019d44b8-a883-7448-9450-98dd33e50223', '0195f2c0-89ab-7a10-8a01-000000000001', 'withdrawal', '019d44b8-a7fd-72c5-be9d-2c4649eab692', '0195f2c0-89aa-7d6d-bb34-7f3b3f69c001', '2026-03-14T12:00:00+00:00') ON CONFLICT DO NOTHING;
INSERT INTO financial_ledger (id, journal_id, account, amount, quantity, unit, unit_cost, department, job_id, billing_entity, billing_entity_id, contractor_id, sku_id, performed_by_user_id, reference_type, reference_id, organization_id, created_at) VALUES ('019d44b8-a8c3-73e9-9ae1-90d4fa5bb1c7', '019d44b8-a8be-74bb-891b-08c3ccf7c248', 'cogs', 63.0, 6, 'each', 10.5, 'Electrical', '019d44b8-a766-7da5-aa54-bbf9123fca37', 'Summit Property Group', '019d44b8-a761-7c4f-9c24-903f9ce5bb58', '0195f2c0-89ab-7a10-8a01-000000000003', '019d44b8-a883-7448-9450-98dd33e50223', '0195f2c0-89ab-7a10-8a01-000000000001', 'withdrawal', '019d44b8-a7fd-72c5-be9d-2c4649eab692', '0195f2c0-89aa-7d6d-bb34-7f3b3f69c001', '2026-03-14T12:00:00+00:00') ON CONFLICT DO NOTHING;
INSERT INTO financial_ledger (id, journal_id, account, amount, quantity, unit, unit_cost, department, job_id, billing_entity, billing_entity_id, contractor_id, sku_id, performed_by_user_id, reference_type, reference_id, organization_id, created_at) VALUES ('019d44b8-a8c4-78ae-a3f3-95397300770b', '019d44b8-a8be-74bb-891b-08c3ccf7c248', 'inventory', -63.0, 6, 'each', 10.5, 'Electrical', '019d44b8-a766-7da5-aa54-bbf9123fca37', 'Summit Property Group', '019d44b8-a761-7c4f-9c24-903f9ce5bb58', '0195f2c0-89ab-7a10-8a01-000000000003', '019d44b8-a883-7448-9450-98dd33e50223', '0195f2c0-89ab-7a10-8a01-000000000001', 'withdrawal', '019d44b8-a7fd-72c5-be9d-2c4649eab692', '0195f2c0-89aa-7d6d-bb34-7f3b3f69c001', '2026-03-14T12:00:00+00:00') ON CONFLICT DO NOTHING;
INSERT INTO financial_ledger (id, journal_id, account, amount, quantity, unit, unit_cost, department, job_id, billing_entity, billing_entity_id, contractor_id, sku_id, performed_by_user_id, reference_type, reference_id, organization_id, created_at) VALUES ('019d44b8-a8c5-794f-804c-4e4854309992', '019d44b8-a8be-74bb-891b-08c3ccf7c248', 'revenue', 32.9, 10, 'each', 3.29, 'Electrical', '019d44b8-a766-7da5-aa54-bbf9123fca37', 'Summit Property Group', '019d44b8-a761-7c4f-9c24-903f9ce5bb58', '0195f2c0-89ab-7a10-8a01-000000000003', '019d44b8-a8c6-7ae8-8762-07a3b0912b58', '0195f2c0-89ab-7a10-8a01-000000000001', 'withdrawal', '019d44b8-a7fd-72c5-be9d-2c4649eab692', '0195f2c0-89aa-7d6d-bb34-7f3b3f69c001', '2026-03-14T12:00:00+00:00') ON CONFLICT DO NOTHING;
INSERT INTO financial_ledger (id, journal_id, account, amount, quantity, unit, unit_cost, department, job_id, billing_entity, billing_entity_id, contractor_id, sku_id, performed_by_user_id, reference_type, reference_id, organization_id, created_at) VALUES ('019d44b8-a8c7-70a2-8d45-809fcbb29e0b', '019d44b8-a8be-74bb-891b-08c3ccf7c248', 'cogs', 16.0, 10, 'each', 1.6, 'Electrical', '019d44b8-a766-7da5-aa54-bbf9123fca37', 'Summit Property Group', '019d44b8-a761-7c4f-9c24-903f9ce5bb58', '0195f2c0-89ab-7a10-8a01-000000000003', '019d44b8-a8c6-7ae8-8762-07a3b0912b58', '0195f2c0-89ab-7a10-8a01-000000000001', 'withdrawal', '019d44b8-a7fd-72c5-be9d-2c4649eab692', '0195f2c0-89aa-7d6d-bb34-7f3b3f69c001', '2026-03-14T12:00:00+00:00') ON CONFLICT DO NOTHING;
INSERT INTO financial_ledger (id, journal_id, account, amount, quantity, unit, unit_cost, department, job_id, billing_entity, billing_entity_id, contractor_id, sku_id, performed_by_user_id, reference_type, reference_id, organization_id, created_at) VALUES ('019d44b8-a8c8-7ec4-a1e5-128b65294727', '019d44b8-a8be-74bb-891b-08c3ccf7c248', 'inventory', -16.0, 10, 'each', 1.6, 'Electrical', '019d44b8-a766-7da5-aa54-bbf9123fca37', 'Summit Property Group', '019d44b8-a761-7c4f-9c24-903f9ce5bb58', '0195f2c0-89ab-7a10-8a01-000000000003', '019d44b8-a8c6-7ae8-8762-07a3b0912b58', '0195f2c0-89ab-7a10-8a01-000000000001', 'withdrawal', '019d44b8-a7fd-72c5-be9d-2c4649eab692', '0195f2c0-89aa-7d6d-bb34-7f3b3f69c001', '2026-03-14T12:00:00+00:00') ON CONFLICT DO NOTHING;
INSERT INTO financial_ledger (id, journal_id, account, amount, job_id, billing_entity, billing_entity_id, contractor_id, performed_by_user_id, reference_type, reference_id, organization_id, created_at) VALUES ('019d44b8-a8c9-7ff1-a6db-0d5d8d5f05d4', '019d44b8-a8be-74bb-891b-08c3ccf7c248', 'tax_collected', 26.68, '019d44b8-a766-7da5-aa54-bbf9123fca37', 'Summit Property Group', '019d44b8-a761-7c4f-9c24-903f9ce5bb58', '0195f2c0-89ab-7a10-8a01-000000000003', '0195f2c0-89ab-7a10-8a01-000000000001', 'withdrawal', '019d44b8-a7fd-72c5-be9d-2c4649eab692', '0195f2c0-89aa-7d6d-bb34-7f3b3f69c001', '2026-03-14T12:00:00+00:00') ON CONFLICT DO NOTHING;
INSERT INTO financial_ledger (id, journal_id, account, amount, job_id, billing_entity, billing_entity_id, contractor_id, performed_by_user_id, reference_type, reference_id, organization_id, created_at) VALUES ('019d44b8-a8ca-7297-8ca8-d5261f2333fa', '019d44b8-a8be-74bb-891b-08c3ccf7c248', 'accounts_receivable', 293.51, '019d44b8-a766-7da5-aa54-bbf9123fca37', 'Summit Property Group', '019d44b8-a761-7c4f-9c24-903f9ce5bb58', '0195f2c0-89ab-7a10-8a01-000000000003', '0195f2c0-89ab-7a10-8a01-000000000001', 'withdrawal', '019d44b8-a7fd-72c5-be9d-2c4649eab692', '0195f2c0-89aa-7d6d-bb34-7f3b3f69c001', '2026-03-14T12:00:00+00:00') ON CONFLICT DO NOTHING;
INSERT INTO financial_ledger (id, journal_id, account, amount, quantity, unit, unit_cost, department, job_id, billing_entity, billing_entity_id, contractor_id, sku_id, performed_by_user_id, reference_type, reference_id, organization_id, created_at) VALUES ('019d44b8-a8cb-749f-8075-bb49fb2b825b', '019d44b8-a8cc-78bc-b820-c5a6f1e67ffc', 'revenue', 235.96, 4, 'gallon', 58.99, 'Paint Products', '019d44b8-a767-7e29-81b0-f2a67a8712ed', 'Coastal Living Rentals', '019d44b8-a762-7a2d-9b45-2efbbe71b591', '0195f2c0-89ab-7a10-8a01-000000000002', '019d44b8-a8cd-788f-9a20-f82a85056d37', '0195f2c0-89ab-7a10-8a01-000000000001', 'withdrawal', '019d44b8-a7fe-7c2c-9e83-149381bcf177', '0195f2c0-89aa-7d6d-bb34-7f3b3f69c001', '2026-03-10T12:00:00+00:00') ON CONFLICT DO NOTHING;
INSERT INTO financial_ledger (id, journal_id, account, amount, quantity, unit, unit_cost, department, job_id, billing_entity, billing_entity_id, contractor_id, sku_id, performed_by_user_id, reference_type, reference_id, organization_id, created_at) VALUES ('019d44b8-a8ce-7753-bcbe-9e4daf8e6022', '019d44b8-a8cc-78bc-b820-c5a6f1e67ffc', 'cogs', 144.0, 4, 'gallon', 36.0, 'Paint Products', '019d44b8-a767-7e29-81b0-f2a67a8712ed', 'Coastal Living Rentals', '019d44b8-a762-7a2d-9b45-2efbbe71b591', '0195f2c0-89ab-7a10-8a01-000000000002', '019d44b8-a8cd-788f-9a20-f82a85056d37', '0195f2c0-89ab-7a10-8a01-000000000001', 'withdrawal', '019d44b8-a7fe-7c2c-9e83-149381bcf177', '0195f2c0-89aa-7d6d-bb34-7f3b3f69c001', '2026-03-10T12:00:00+00:00') ON CONFLICT DO NOTHING;
INSERT INTO financial_ledger (id, journal_id, account, amount, quantity, unit, unit_cost, department, job_id, billing_entity, billing_entity_id, contractor_id, sku_id, performed_by_user_id, reference_type, reference_id, organization_id, created_at) VALUES ('019d44b8-a8cf-7c3c-809e-1f0733eaeffd', '019d44b8-a8cc-78bc-b820-c5a6f1e67ffc', 'inventory', -144.0, 4, 'gallon', 36.0, 'Paint Products', '019d44b8-a767-7e29-81b0-f2a67a8712ed', 'Coastal Living Rentals', '019d44b8-a762-7a2d-9b45-2efbbe71b591', '0195f2c0-89ab-7a10-8a01-000000000002', '019d44b8-a8cd-788f-9a20-f82a85056d37', '0195f2c0-89ab-7a10-8a01-000000000001', 'withdrawal', '019d44b8-a7fe-7c2c-9e83-149381bcf177', '0195f2c0-89aa-7d6d-bb34-7f3b3f69c001', '2026-03-10T12:00:00+00:00') ON CONFLICT DO NOTHING;
INSERT INTO financial_ledger (id, journal_id, account, amount, quantity, unit, unit_cost, department, job_id, billing_entity, billing_entity_id, contractor_id, sku_id, performed_by_user_id, reference_type, reference_id, organization_id, created_at) VALUES ('019d44b8-a8d0-7b92-9023-1b9b8a76703d', '019d44b8-a8cc-78bc-b820-c5a6f1e67ffc', 'revenue', 53.94, 6, 'each', 8.99, 'Paint Supplies', '019d44b8-a767-7e29-81b0-f2a67a8712ed', 'Coastal Living Rentals', '019d44b8-a762-7a2d-9b45-2efbbe71b591', '0195f2c0-89ab-7a10-8a01-000000000002', '019d44b8-a8d1-793a-a9af-9dad5e76d0e0', '0195f2c0-89ab-7a10-8a01-000000000001', 'withdrawal', '019d44b8-a7fe-7c2c-9e83-149381bcf177', '0195f2c0-89aa-7d6d-bb34-7f3b3f69c001', '2026-03-10T12:00:00+00:00') ON CONFLICT DO NOTHING;
INSERT INTO financial_ledger (id, journal_id, account, amount, quantity, unit, unit_cost, department, job_id, billing_entity, billing_entity_id, contractor_id, sku_id, performed_by_user_id, reference_type, reference_id, organization_id, created_at) VALUES ('019d44b8-a8d2-7aeb-907a-b8d8fdfbd055', '019d44b8-a8cc-78bc-b820-c5a6f1e67ffc', 'cogs', 25.2, 6, 'each', 4.2, 'Paint Supplies', '019d44b8-a767-7e29-81b0-f2a67a8712ed', 'Coastal Living Rentals', '019d44b8-a762-7a2d-9b45-2efbbe71b591', '0195f2c0-89ab-7a10-8a01-000000000002', '019d44b8-a8d1-793a-a9af-9dad5e76d0e0', '0195f2c0-89ab-7a10-8a01-000000000001', 'withdrawal', '019d44b8-a7fe-7c2c-9e83-149381bcf177', '0195f2c0-89aa-7d6d-bb34-7f3b3f69c001', '2026-03-10T12:00:00+00:00') ON CONFLICT DO NOTHING;
INSERT INTO financial_ledger (id, journal_id, account, amount, quantity, unit, unit_cost, department, job_id, billing_entity, billing_entity_id, contractor_id, sku_id, performed_by_user_id, reference_type, reference_id, organization_id, created_at) VALUES ('019d44b8-a8d3-7cd8-8781-b0ce26bb57f6', '019d44b8-a8cc-78bc-b820-c5a6f1e67ffc', 'inventory', -25.2, 6, 'each', 4.2, 'Paint Supplies', '019d44b8-a767-7e29-81b0-f2a67a8712ed', 'Coastal Living Rentals', '019d44b8-a762-7a2d-9b45-2efbbe71b591', '0195f2c0-89ab-7a10-8a01-000000000002', '019d44b8-a8d1-793a-a9af-9dad5e76d0e0', '0195f2c0-89ab-7a10-8a01-000000000001', 'withdrawal', '019d44b8-a7fe-7c2c-9e83-149381bcf177', '0195f2c0-89aa-7d6d-bb34-7f3b3f69c001', '2026-03-10T12:00:00+00:00') ON CONFLICT DO NOTHING;
INSERT INTO financial_ledger (id, journal_id, account, amount, quantity, unit, unit_cost, department, job_id, billing_entity, billing_entity_id, contractor_id, sku_id, performed_by_user_id, reference_type, reference_id, organization_id, created_at) VALUES ('019d44b8-a8d4-7f65-806a-7c2b12cd3918', '019d44b8-a8cc-78bc-b820-c5a6f1e67ffc', 'revenue', 37.96, 4, 'each', 9.49, 'Paint Supplies', '019d44b8-a767-7e29-81b0-f2a67a8712ed', 'Coastal Living Rentals', '019d44b8-a762-7a2d-9b45-2efbbe71b591', '0195f2c0-89ab-7a10-8a01-000000000002', '019d44b8-a8d5-708b-b30a-f01a6b257fd9', '0195f2c0-89ab-7a10-8a01-000000000001', 'withdrawal', '019d44b8-a7fe-7c2c-9e83-149381bcf177', '0195f2c0-89aa-7d6d-bb34-7f3b3f69c001', '2026-03-10T12:00:00+00:00') ON CONFLICT DO NOTHING;
INSERT INTO financial_ledger (id, journal_id, account, amount, quantity, unit, unit_cost, department, job_id, billing_entity, billing_entity_id, contractor_id, sku_id, performed_by_user_id, reference_type, reference_id, organization_id, created_at) VALUES ('019d44b8-a8d6-730c-a764-9c2aaecd117d', '019d44b8-a8cc-78bc-b820-c5a6f1e67ffc', 'cogs', 18.0, 4, 'each', 4.5, 'Paint Supplies', '019d44b8-a767-7e29-81b0-f2a67a8712ed', 'Coastal Living Rentals', '019d44b8-a762-7a2d-9b45-2efbbe71b591', '0195f2c0-89ab-7a10-8a01-000000000002', '019d44b8-a8d5-708b-b30a-f01a6b257fd9', '0195f2c0-89ab-7a10-8a01-000000000001', 'withdrawal', '019d44b8-a7fe-7c2c-9e83-149381bcf177', '0195f2c0-89aa-7d6d-bb34-7f3b3f69c001', '2026-03-10T12:00:00+00:00') ON CONFLICT DO NOTHING;
INSERT INTO financial_ledger (id, journal_id, account, amount, quantity, unit, unit_cost, department, job_id, billing_entity, billing_entity_id, contractor_id, sku_id, performed_by_user_id, reference_type, reference_id, organization_id, created_at) VALUES ('019d44b8-a8d7-7e04-bba4-cd8472379ebc', '019d44b8-a8cc-78bc-b820-c5a6f1e67ffc', 'inventory', -18.0, 4, 'each', 4.5, 'Paint Supplies', '019d44b8-a767-7e29-81b0-f2a67a8712ed', 'Coastal Living Rentals', '019d44b8-a762-7a2d-9b45-2efbbe71b591', '0195f2c0-89ab-7a10-8a01-000000000002', '019d44b8-a8d5-708b-b30a-f01a6b257fd9', '0195f2c0-89ab-7a10-8a01-000000000001', 'withdrawal', '019d44b8-a7fe-7c2c-9e83-149381bcf177', '0195f2c0-89aa-7d6d-bb34-7f3b3f69c001', '2026-03-10T12:00:00+00:00') ON CONFLICT DO NOTHING;
INSERT INTO financial_ledger (id, journal_id, account, amount, quantity, unit, unit_cost, department, job_id, billing_entity, billing_entity_id, contractor_id, sku_id, performed_by_user_id, reference_type, reference_id, organization_id, created_at) VALUES ('019d44b8-a8d8-7dde-bf12-463cdbe7533e', '019d44b8-a8cc-78bc-b820-c5a6f1e67ffc', 'revenue', 29.97, 3, 'pack', 9.99, 'Cleaning', '019d44b8-a767-7e29-81b0-f2a67a8712ed', 'Coastal Living Rentals', '019d44b8-a762-7a2d-9b45-2efbbe71b591', '0195f2c0-89ab-7a10-8a01-000000000002', '019d44b8-a8d9-748c-999d-3fa556a855ec', '0195f2c0-89ab-7a10-8a01-000000000001', 'withdrawal', '019d44b8-a7fe-7c2c-9e83-149381bcf177', '0195f2c0-89aa-7d6d-bb34-7f3b3f69c001', '2026-03-10T12:00:00+00:00') ON CONFLICT DO NOTHING;
INSERT INTO financial_ledger (id, journal_id, account, amount, quantity, unit, unit_cost, department, job_id, billing_entity, billing_entity_id, contractor_id, sku_id, performed_by_user_id, reference_type, reference_id, organization_id, created_at) VALUES ('019d44b8-a8da-78aa-9553-efee25947e4c', '019d44b8-a8cc-78bc-b820-c5a6f1e67ffc', 'cogs', 15.6, 3, 'pack', 5.2, 'Cleaning', '019d44b8-a767-7e29-81b0-f2a67a8712ed', 'Coastal Living Rentals', '019d44b8-a762-7a2d-9b45-2efbbe71b591', '0195f2c0-89ab-7a10-8a01-000000000002', '019d44b8-a8d9-748c-999d-3fa556a855ec', '0195f2c0-89ab-7a10-8a01-000000000001', 'withdrawal', '019d44b8-a7fe-7c2c-9e83-149381bcf177', '0195f2c0-89aa-7d6d-bb34-7f3b3f69c001', '2026-03-10T12:00:00+00:00') ON CONFLICT DO NOTHING;
INSERT INTO financial_ledger (id, journal_id, account, amount, quantity, unit, unit_cost, department, job_id, billing_entity, billing_entity_id, contractor_id, sku_id, performed_by_user_id, reference_type, reference_id, organization_id, created_at) VALUES ('019d44b8-a8db-7bfe-93a7-b210f7e76773', '019d44b8-a8cc-78bc-b820-c5a6f1e67ffc', 'inventory', -15.6, 3, 'pack', 5.2, 'Cleaning', '019d44b8-a767-7e29-81b0-f2a67a8712ed', 'Coastal Living Rentals', '019d44b8-a762-7a2d-9b45-2efbbe71b591', '0195f2c0-89ab-7a10-8a01-000000000002', '019d44b8-a8d9-748c-999d-3fa556a855ec', '0195f2c0-89ab-7a10-8a01-000000000001', 'withdrawal', '019d44b8-a7fe-7c2c-9e83-149381bcf177', '0195f2c0-89aa-7d6d-bb34-7f3b3f69c001', '2026-03-10T12:00:00+00:00') ON CONFLICT DO NOTHING;
INSERT INTO financial_ledger (id, journal_id, account, amount, job_id, billing_entity, billing_entity_id, contractor_id, performed_by_user_id, reference_type, reference_id, organization_id, created_at) VALUES ('019d44b8-a8dc-7a82-b541-3c4f87dcff4e', '019d44b8-a8cc-78bc-b820-c5a6f1e67ffc', 'tax_collected', 35.78, '019d44b8-a767-7e29-81b0-f2a67a8712ed', 'Coastal Living Rentals', '019d44b8-a762-7a2d-9b45-2efbbe71b591', '0195f2c0-89ab-7a10-8a01-000000000002', '0195f2c0-89ab-7a10-8a01-000000000001', 'withdrawal', '019d44b8-a7fe-7c2c-9e83-149381bcf177', '0195f2c0-89aa-7d6d-bb34-7f3b3f69c001', '2026-03-10T12:00:00+00:00') ON CONFLICT DO NOTHING;
INSERT INTO financial_ledger (id, journal_id, account, amount, job_id, billing_entity, billing_entity_id, contractor_id, performed_by_user_id, reference_type, reference_id, organization_id, created_at) VALUES ('019d44b8-a8dd-770b-8635-1eed26e72d3b', '019d44b8-a8cc-78bc-b820-c5a6f1e67ffc', 'accounts_receivable', 393.61, '019d44b8-a767-7e29-81b0-f2a67a8712ed', 'Coastal Living Rentals', '019d44b8-a762-7a2d-9b45-2efbbe71b591', '0195f2c0-89ab-7a10-8a01-000000000002', '0195f2c0-89ab-7a10-8a01-000000000001', 'withdrawal', '019d44b8-a7fe-7c2c-9e83-149381bcf177', '0195f2c0-89aa-7d6d-bb34-7f3b3f69c001', '2026-03-10T12:00:00+00:00') ON CONFLICT DO NOTHING;
INSERT INTO financial_ledger (id, journal_id, account, amount, quantity, unit, unit_cost, department, job_id, billing_entity, billing_entity_id, contractor_id, sku_id, performed_by_user_id, reference_type, reference_id, organization_id, created_at) VALUES ('019d44b8-a8de-709c-ba8a-38ec175ad88c', '019d44b8-a8df-77a4-b44c-e133ffbd80f9', 'revenue', 128.97, 3, 'each', 42.99, 'Safety', '019d44b8-a763-757a-9d68-a576ca2044c3', 'Riva Ridge Property Mgmt', '019d44b8-a760-70e2-9605-0382b069f081', '0195f2c0-89ab-7a10-8a01-000000000002', '019d44b8-a8e0-7902-9b80-0c51c7fd2b2b', '0195f2c0-89ab-7a10-8a01-000000000001', 'withdrawal', '019d44b8-a7ff-7b51-93a2-c4524a2eb809', '0195f2c0-89aa-7d6d-bb34-7f3b3f69c001', '2026-03-16T12:00:00+00:00') ON CONFLICT DO NOTHING;
INSERT INTO financial_ledger (id, journal_id, account, amount, quantity, unit, unit_cost, department, job_id, billing_entity, billing_entity_id, contractor_id, sku_id, performed_by_user_id, reference_type, reference_id, organization_id, created_at) VALUES ('019d44b8-a8e1-7eff-9eff-5cff425033f6', '019d44b8-a8df-77a4-b44c-e133ffbd80f9', 'cogs', 84.0, 3, 'each', 28.0, 'Safety', '019d44b8-a763-757a-9d68-a576ca2044c3', 'Riva Ridge Property Mgmt', '019d44b8-a760-70e2-9605-0382b069f081', '0195f2c0-89ab-7a10-8a01-000000000002', '019d44b8-a8e0-7902-9b80-0c51c7fd2b2b', '0195f2c0-89ab-7a10-8a01-000000000001', 'withdrawal', '019d44b8-a7ff-7b51-93a2-c4524a2eb809', '0195f2c0-89aa-7d6d-bb34-7f3b3f69c001', '2026-03-16T12:00:00+00:00') ON CONFLICT DO NOTHING;
INSERT INTO financial_ledger (id, journal_id, account, amount, quantity, unit, unit_cost, department, job_id, billing_entity, billing_entity_id, contractor_id, sku_id, performed_by_user_id, reference_type, reference_id, organization_id, created_at) VALUES ('019d44b8-a8e2-7a12-a0cb-9f3af1fc29f0', '019d44b8-a8df-77a4-b44c-e133ffbd80f9', 'inventory', -84.0, 3, 'each', 28.0, 'Safety', '019d44b8-a763-757a-9d68-a576ca2044c3', 'Riva Ridge Property Mgmt', '019d44b8-a760-70e2-9605-0382b069f081', '0195f2c0-89ab-7a10-8a01-000000000002', '019d44b8-a8e0-7902-9b80-0c51c7fd2b2b', '0195f2c0-89ab-7a10-8a01-000000000001', 'withdrawal', '019d44b8-a7ff-7b51-93a2-c4524a2eb809', '0195f2c0-89aa-7d6d-bb34-7f3b3f69c001', '2026-03-16T12:00:00+00:00') ON CONFLICT DO NOTHING;
INSERT INTO financial_ledger (id, journal_id, account, amount, quantity, unit, unit_cost, department, job_id, billing_entity, billing_entity_id, contractor_id, sku_id, performed_by_user_id, reference_type, reference_id, organization_id, created_at) VALUES ('019d44b8-a8e3-7028-89f0-0d18d38d6d9b', '019d44b8-a8df-77a4-b44c-e133ffbd80f9', 'revenue', 59.98, 2, 'each', 29.99, 'Locks/Knobs', '019d44b8-a763-757a-9d68-a576ca2044c3', 'Riva Ridge Property Mgmt', '019d44b8-a760-70e2-9605-0382b069f081', '0195f2c0-89ab-7a10-8a01-000000000002', '019d44b8-a8e4-7787-8eaf-563a181232b2', '0195f2c0-89ab-7a10-8a01-000000000001', 'withdrawal', '019d44b8-a7ff-7b51-93a2-c4524a2eb809', '0195f2c0-89aa-7d6d-bb34-7f3b3f69c001', '2026-03-16T12:00:00+00:00') ON CONFLICT DO NOTHING;
INSERT INTO financial_ledger (id, journal_id, account, amount, quantity, unit, unit_cost, department, job_id, billing_entity, billing_entity_id, contractor_id, sku_id, performed_by_user_id, reference_type, reference_id, organization_id, created_at) VALUES ('019d44b8-a8e5-7a0e-8e1c-0c6a400f35c9', '019d44b8-a8df-77a4-b44c-e133ffbd80f9', 'cogs', 32.0, 2, 'each', 16.0, 'Locks/Knobs', '019d44b8-a763-757a-9d68-a576ca2044c3', 'Riva Ridge Property Mgmt', '019d44b8-a760-70e2-9605-0382b069f081', '0195f2c0-89ab-7a10-8a01-000000000002', '019d44b8-a8e4-7787-8eaf-563a181232b2', '0195f2c0-89ab-7a10-8a01-000000000001', 'withdrawal', '019d44b8-a7ff-7b51-93a2-c4524a2eb809', '0195f2c0-89aa-7d6d-bb34-7f3b3f69c001', '2026-03-16T12:00:00+00:00') ON CONFLICT DO NOTHING;
INSERT INTO financial_ledger (id, journal_id, account, amount, quantity, unit, unit_cost, department, job_id, billing_entity, billing_entity_id, contractor_id, sku_id, performed_by_user_id, reference_type, reference_id, organization_id, created_at) VALUES ('019d44b8-a8e6-7c2a-9df6-1702decb85db', '019d44b8-a8df-77a4-b44c-e133ffbd80f9', 'inventory', -32.0, 2, 'each', 16.0, 'Locks/Knobs', '019d44b8-a763-757a-9d68-a576ca2044c3', 'Riva Ridge Property Mgmt', '019d44b8-a760-70e2-9605-0382b069f081', '0195f2c0-89ab-7a10-8a01-000000000002', '019d44b8-a8e4-7787-8eaf-563a181232b2', '0195f2c0-89ab-7a10-8a01-000000000001', 'withdrawal', '019d44b8-a7ff-7b51-93a2-c4524a2eb809', '0195f2c0-89aa-7d6d-bb34-7f3b3f69c001', '2026-03-16T12:00:00+00:00') ON CONFLICT DO NOTHING;
INSERT INTO financial_ledger (id, journal_id, account, amount, quantity, unit, unit_cost, department, job_id, billing_entity, billing_entity_id, contractor_id, sku_id, performed_by_user_id, reference_type, reference_id, organization_id, created_at) VALUES ('019d44b8-a8e7-781a-81de-063857e4c1d4', '019d44b8-a8df-77a4-b44c-e133ffbd80f9', 'revenue', 21.96, 4, 'tube', 5.49, 'Adhesives', '019d44b8-a763-757a-9d68-a576ca2044c3', 'Riva Ridge Property Mgmt', '019d44b8-a760-70e2-9605-0382b069f081', '0195f2c0-89ab-7a10-8a01-000000000002', '019d44b8-a8e8-78f1-bcca-b0a3eaddd5ad', '0195f2c0-89ab-7a10-8a01-000000000001', 'withdrawal', '019d44b8-a7ff-7b51-93a2-c4524a2eb809', '0195f2c0-89aa-7d6d-bb34-7f3b3f69c001', '2026-03-16T12:00:00+00:00') ON CONFLICT DO NOTHING;
INSERT INTO financial_ledger (id, journal_id, account, amount, quantity, unit, unit_cost, department, job_id, billing_entity, billing_entity_id, contractor_id, sku_id, performed_by_user_id, reference_type, reference_id, organization_id, created_at) VALUES ('019d44b8-a8e9-781c-a177-928279c128d6', '019d44b8-a8df-77a4-b44c-e133ffbd80f9', 'cogs', 11.2, 4, 'tube', 2.8, 'Adhesives', '019d44b8-a763-757a-9d68-a576ca2044c3', 'Riva Ridge Property Mgmt', '019d44b8-a760-70e2-9605-0382b069f081', '0195f2c0-89ab-7a10-8a01-000000000002', '019d44b8-a8e8-78f1-bcca-b0a3eaddd5ad', '0195f2c0-89ab-7a10-8a01-000000000001', 'withdrawal', '019d44b8-a7ff-7b51-93a2-c4524a2eb809', '0195f2c0-89aa-7d6d-bb34-7f3b3f69c001', '2026-03-16T12:00:00+00:00') ON CONFLICT DO NOTHING;
INSERT INTO financial_ledger (id, journal_id, account, amount, quantity, unit, unit_cost, department, job_id, billing_entity, billing_entity_id, contractor_id, sku_id, performed_by_user_id, reference_type, reference_id, organization_id, created_at) VALUES ('019d44b8-a8ea-7bee-a548-c0354fd9a26a', '019d44b8-a8df-77a4-b44c-e133ffbd80f9', 'inventory', -11.2, 4, 'tube', 2.8, 'Adhesives', '019d44b8-a763-757a-9d68-a576ca2044c3', 'Riva Ridge Property Mgmt', '019d44b8-a760-70e2-9605-0382b069f081', '0195f2c0-89ab-7a10-8a01-000000000002', '019d44b8-a8e8-78f1-bcca-b0a3eaddd5ad', '0195f2c0-89ab-7a10-8a01-000000000001', 'withdrawal', '019d44b8-a7ff-7b51-93a2-c4524a2eb809', '0195f2c0-89aa-7d6d-bb34-7f3b3f69c001', '2026-03-16T12:00:00+00:00') ON CONFLICT DO NOTHING;
INSERT INTO financial_ledger (id, journal_id, account, amount, job_id, billing_entity, billing_entity_id, contractor_id, performed_by_user_id, reference_type, reference_id, organization_id, created_at) VALUES ('019d44b8-a8eb-7667-b242-9a3894f0dc28', '019d44b8-a8df-77a4-b44c-e133ffbd80f9', 'tax_collected', 21.09, '019d44b8-a763-757a-9d68-a576ca2044c3', 'Riva Ridge Property Mgmt', '019d44b8-a760-70e2-9605-0382b069f081', '0195f2c0-89ab-7a10-8a01-000000000002', '0195f2c0-89ab-7a10-8a01-000000000001', 'withdrawal', '019d44b8-a7ff-7b51-93a2-c4524a2eb809', '0195f2c0-89aa-7d6d-bb34-7f3b3f69c001', '2026-03-16T12:00:00+00:00') ON CONFLICT DO NOTHING;
INSERT INTO financial_ledger (id, journal_id, account, amount, job_id, billing_entity, billing_entity_id, contractor_id, performed_by_user_id, reference_type, reference_id, organization_id, created_at) VALUES ('019d44b8-a8ec-7e08-b28e-a500f60c8dd2', '019d44b8-a8df-77a4-b44c-e133ffbd80f9', 'accounts_receivable', 232.0, '019d44b8-a763-757a-9d68-a576ca2044c3', 'Riva Ridge Property Mgmt', '019d44b8-a760-70e2-9605-0382b069f081', '0195f2c0-89ab-7a10-8a01-000000000002', '0195f2c0-89ab-7a10-8a01-000000000001', 'withdrawal', '019d44b8-a7ff-7b51-93a2-c4524a2eb809', '0195f2c0-89aa-7d6d-bb34-7f3b3f69c001', '2026-03-16T12:00:00+00:00') ON CONFLICT DO NOTHING;
INSERT INTO financial_ledger (id, journal_id, account, amount, quantity, unit, unit_cost, department, vendor_name, sku_id, performed_by_user_id, reference_type, reference_id, organization_id, created_at) VALUES ('019d44b8-a8ed-72f7-92ae-3afc65f5fcb5', '019d44b8-a8ee-7482-9937-39f3f8d9e274', 'inventory', 320.0, 10, 'gallon', 32.0, 'Paint Products', 'Sherwin-Williams', '019d44b8-a8ef-792e-9b6d-80978e81f231', '0195f2c0-89ab-7a10-8a01-000000000001', 'po_receipt', '019d44b8-a7db-7684-977a-58654a209166', '0195f2c0-89aa-7d6d-bb34-7f3b3f69c001', '2026-03-03T12:00:00+00:00') ON CONFLICT DO NOTHING;
INSERT INTO financial_ledger (id, journal_id, account, amount, quantity, unit, unit_cost, department, vendor_name, sku_id, performed_by_user_id, reference_type, reference_id, organization_id, created_at) VALUES ('019d44b8-a8f0-79a7-808c-e47b25cd1a28', '019d44b8-a8ee-7482-9937-39f3f8d9e274', 'accounts_payable', 320.0, 10, 'gallon', 32.0, 'Paint Products', 'Sherwin-Williams', '019d44b8-a8ef-792e-9b6d-80978e81f231', '0195f2c0-89ab-7a10-8a01-000000000001', 'po_receipt', '019d44b8-a7db-7684-977a-58654a209166', '0195f2c0-89aa-7d6d-bb34-7f3b3f69c001', '2026-03-03T12:00:00+00:00') ON CONFLICT DO NOTHING;
INSERT INTO financial_ledger (id, journal_id, account, amount, quantity, unit, unit_cost, department, vendor_name, sku_id, performed_by_user_id, reference_type, reference_id, organization_id, created_at) VALUES ('019d44b8-a8f1-7bee-ae25-03c14f0d61c0', '019d44b8-a8ee-7482-9937-39f3f8d9e274', 'inventory', 272.0, 8, 'gallon', 34.0, 'Paint Products', 'Sherwin-Williams', '019d44b8-a8f2-786c-be13-e58e8fa5ddc5', '0195f2c0-89ab-7a10-8a01-000000000001', 'po_receipt', '019d44b8-a7db-7684-977a-58654a209166', '0195f2c0-89aa-7d6d-bb34-7f3b3f69c001', '2026-03-03T12:00:00+00:00') ON CONFLICT DO NOTHING;
INSERT INTO financial_ledger (id, journal_id, account, amount, quantity, unit, unit_cost, department, vendor_name, sku_id, performed_by_user_id, reference_type, reference_id, organization_id, created_at) VALUES ('019d44b8-a8f3-7ac7-afc6-089dc9e7f29f', '019d44b8-a8ee-7482-9937-39f3f8d9e274', 'accounts_payable', 272.0, 8, 'gallon', 34.0, 'Paint Products', 'Sherwin-Williams', '019d44b8-a8f2-786c-be13-e58e8fa5ddc5', '0195f2c0-89ab-7a10-8a01-000000000001', 'po_receipt', '019d44b8-a7db-7684-977a-58654a209166', '0195f2c0-89aa-7d6d-bb34-7f3b3f69c001', '2026-03-03T12:00:00+00:00') ON CONFLICT DO NOTHING;
INSERT INTO financial_ledger (id, journal_id, account, amount, quantity, unit, unit_cost, department, vendor_name, sku_id, performed_by_user_id, reference_type, reference_id, organization_id, created_at) VALUES ('019d44b8-a8f4-701c-8628-55069cb55ed1', '019d44b8-a8ee-7482-9937-39f3f8d9e274', 'inventory', 216.0, 6, 'gallon', 36.0, 'Paint Products', 'Sherwin-Williams', '019d44b8-a8cd-788f-9a20-f82a85056d37', '0195f2c0-89ab-7a10-8a01-000000000001', 'po_receipt', '019d44b8-a7db-7684-977a-58654a209166', '0195f2c0-89aa-7d6d-bb34-7f3b3f69c001', '2026-03-03T12:00:00+00:00') ON CONFLICT DO NOTHING;
INSERT INTO financial_ledger (id, journal_id, account, amount, quantity, unit, unit_cost, department, vendor_name, sku_id, performed_by_user_id, reference_type, reference_id, organization_id, created_at) VALUES ('019d44b8-a8f5-7860-9278-d50b90de8a79', '019d44b8-a8ee-7482-9937-39f3f8d9e274', 'accounts_payable', 216.0, 6, 'gallon', 36.0, 'Paint Products', 'Sherwin-Williams', '019d44b8-a8cd-788f-9a20-f82a85056d37', '0195f2c0-89ab-7a10-8a01-000000000001', 'po_receipt', '019d44b8-a7db-7684-977a-58654a209166', '0195f2c0-89aa-7d6d-bb34-7f3b3f69c001', '2026-03-03T12:00:00+00:00') ON CONFLICT DO NOTHING;
INSERT INTO financial_ledger (id, journal_id, account, amount, quantity, unit, unit_cost, department, vendor_name, sku_id, performed_by_user_id, reference_type, reference_id, organization_id, created_at) VALUES ('019d44b8-a8f6-7811-a131-071a4580c036', '019d44b8-a8ee-7482-9937-39f3f8d9e274', 'inventory', 84.0, 20, 'each', 4.2, 'Paint Supplies', 'Sherwin-Williams', '019d44b8-a8d1-793a-a9af-9dad5e76d0e0', '0195f2c0-89ab-7a10-8a01-000000000001', 'po_receipt', '019d44b8-a7db-7684-977a-58654a209166', '0195f2c0-89aa-7d6d-bb34-7f3b3f69c001', '2026-03-03T12:00:00+00:00') ON CONFLICT DO NOTHING;
INSERT INTO financial_ledger (id, journal_id, account, amount, quantity, unit, unit_cost, department, vendor_name, sku_id, performed_by_user_id, reference_type, reference_id, organization_id, created_at) VALUES ('019d44b8-a8f7-72c6-a3c5-5b1932606e68', '019d44b8-a8ee-7482-9937-39f3f8d9e274', 'accounts_payable', 84.0, 20, 'each', 4.2, 'Paint Supplies', 'Sherwin-Williams', '019d44b8-a8d1-793a-a9af-9dad5e76d0e0', '0195f2c0-89ab-7a10-8a01-000000000001', 'po_receipt', '019d44b8-a7db-7684-977a-58654a209166', '0195f2c0-89aa-7d6d-bb34-7f3b3f69c001', '2026-03-03T12:00:00+00:00') ON CONFLICT DO NOTHING;
INSERT INTO financial_ledger (id, journal_id, account, amount, quantity, unit, unit_cost, department, vendor_name, sku_id, performed_by_user_id, reference_type, reference_id, organization_id, created_at) VALUES ('019d44b8-a8f8-71ca-be17-a7ac2f3cc802', '019d44b8-a8ee-7482-9937-39f3f8d9e274', 'inventory', 52.0, 10, 'pack', 5.2, 'Cleaning', 'Sherwin-Williams', '019d44b8-a8d9-748c-999d-3fa556a855ec', '0195f2c0-89ab-7a10-8a01-000000000001', 'po_receipt', '019d44b8-a7db-7684-977a-58654a209166', '0195f2c0-89aa-7d6d-bb34-7f3b3f69c001', '2026-03-03T12:00:00+00:00') ON CONFLICT DO NOTHING;
INSERT INTO financial_ledger (id, journal_id, account, amount, quantity, unit, unit_cost, department, vendor_name, sku_id, performed_by_user_id, reference_type, reference_id, organization_id, created_at) VALUES ('019d44b8-a8f9-78d1-9893-4f4f4fab26bb', '019d44b8-a8ee-7482-9937-39f3f8d9e274', 'accounts_payable', 52.0, 10, 'pack', 5.2, 'Cleaning', 'Sherwin-Williams', '019d44b8-a8d9-748c-999d-3fa556a855ec', '0195f2c0-89ab-7a10-8a01-000000000001', 'po_receipt', '019d44b8-a7db-7684-977a-58654a209166', '0195f2c0-89aa-7d6d-bb34-7f3b3f69c001', '2026-03-03T12:00:00+00:00') ON CONFLICT DO NOTHING;
INSERT INTO financial_ledger (id, journal_id, account, amount, quantity, unit, unit_cost, department, vendor_name, sku_id, performed_by_user_id, reference_type, reference_id, organization_id, created_at) VALUES ('019d44b8-a8fa-7f3e-a358-9556f48e50dd', '019d44b8-a8fb-7def-a6d5-ad73b275b6d5', 'inventory', 208.0, 4, 'foot', 52.0, 'Electrical - Wire', 'The Home Depot Pro', '019d44b8-a887-7d90-bf8f-85e63c1ff639', '0195f2c0-89ab-7a10-8a01-000000000001', 'po_receipt', '019d44b8-a7dc-74f6-b9ab-8c3ccfdd44c7', '0195f2c0-89aa-7d6d-bb34-7f3b3f69c001', '2026-03-07T12:00:00+00:00') ON CONFLICT DO NOTHING;
INSERT INTO financial_ledger (id, journal_id, account, amount, quantity, unit, unit_cost, department, vendor_name, sku_id, performed_by_user_id, reference_type, reference_id, organization_id, created_at) VALUES ('019d44b8-a8fc-70dd-9d08-70e1f137fcbe', '019d44b8-a8fb-7def-a6d5-ad73b275b6d5', 'accounts_payable', 208.0, 4, 'foot', 52.0, 'Electrical - Wire', 'The Home Depot Pro', '019d44b8-a887-7d90-bf8f-85e63c1ff639', '0195f2c0-89ab-7a10-8a01-000000000001', 'po_receipt', '019d44b8-a7dc-74f6-b9ab-8c3ccfdd44c7', '0195f2c0-89aa-7d6d-bb34-7f3b3f69c001', '2026-03-07T12:00:00+00:00') ON CONFLICT DO NOTHING;
INSERT INTO financial_ledger (id, journal_id, account, amount, quantity, unit, unit_cost, department, vendor_name, sku_id, performed_by_user_id, reference_type, reference_id, organization_id, created_at) VALUES ('019d44b8-a8fd-7f85-800c-f8b3b3ff5090', '019d44b8-a8fb-7def-a6d5-ad73b275b6d5', 'inventory', 144.0, 2, 'foot', 72.0, 'Electrical - Wire', 'The Home Depot Pro', '019d44b8-a8bf-7e4f-9e1e-b65d91045d1b', '0195f2c0-89ab-7a10-8a01-000000000001', 'po_receipt', '019d44b8-a7dc-74f6-b9ab-8c3ccfdd44c7', '0195f2c0-89aa-7d6d-bb34-7f3b3f69c001', '2026-03-07T12:00:00+00:00') ON CONFLICT DO NOTHING;
INSERT INTO financial_ledger (id, journal_id, account, amount, quantity, unit, unit_cost, department, vendor_name, sku_id, performed_by_user_id, reference_type, reference_id, organization_id, created_at) VALUES ('019d44b8-a8fe-780d-9ae2-5af41db66912', '019d44b8-a8fb-7def-a6d5-ad73b275b6d5', 'accounts_payable', 144.0, 2, 'foot', 72.0, 'Electrical - Wire', 'The Home Depot Pro', '019d44b8-a8bf-7e4f-9e1e-b65d91045d1b', '0195f2c0-89ab-7a10-8a01-000000000001', 'po_receipt', '019d44b8-a7dc-74f6-b9ab-8c3ccfdd44c7', '0195f2c0-89aa-7d6d-bb34-7f3b3f69c001', '2026-03-07T12:00:00+00:00') ON CONFLICT DO NOTHING;
INSERT INTO financial_ledger (id, journal_id, account, amount, quantity, unit, unit_cost, department, vendor_name, sku_id, performed_by_user_id, reference_type, reference_id, organization_id, created_at) VALUES ('019d44b8-a8ff-741e-bf48-6b510ae542db', '019d44b8-a8fb-7def-a6d5-ad73b275b6d5', 'inventory', 126.0, 12, 'each', 10.5, 'Electrical', 'The Home Depot Pro', '019d44b8-a883-7448-9450-98dd33e50223', '0195f2c0-89ab-7a10-8a01-000000000001', 'po_receipt', '019d44b8-a7dc-74f6-b9ab-8c3ccfdd44c7', '0195f2c0-89aa-7d6d-bb34-7f3b3f69c001', '2026-03-07T12:00:00+00:00') ON CONFLICT DO NOTHING;
INSERT INTO financial_ledger (id, journal_id, account, amount, quantity, unit, unit_cost, department, vendor_name, sku_id, performed_by_user_id, reference_type, reference_id, organization_id, created_at) VALUES ('019d44b8-a900-7954-abde-9afaacc6791d', '019d44b8-a8fb-7def-a6d5-ad73b275b6d5', 'accounts_payable', 126.0, 12, 'each', 10.5, 'Electrical', 'The Home Depot Pro', '019d44b8-a883-7448-9450-98dd33e50223', '0195f2c0-89ab-7a10-8a01-000000000001', 'po_receipt', '019d44b8-a7dc-74f6-b9ab-8c3ccfdd44c7', '0195f2c0-89aa-7d6d-bb34-7f3b3f69c001', '2026-03-07T12:00:00+00:00') ON CONFLICT DO NOTHING;
INSERT INTO financial_ledger (id, journal_id, account, amount, quantity, unit, unit_cost, department, vendor_name, sku_id, performed_by_user_id, reference_type, reference_id, organization_id, created_at) VALUES ('019d44b8-a901-7e19-b390-9e767bced23c', '019d44b8-a8fb-7def-a6d5-ad73b275b6d5', 'inventory', 96.0, 20, 'each', 4.8, 'Plumbing - Fittings', 'The Home Depot Pro', '019d44b8-a874-737b-a847-9ff3c90ca052', '0195f2c0-89ab-7a10-8a01-000000000001', 'po_receipt', '019d44b8-a7dc-74f6-b9ab-8c3ccfdd44c7', '0195f2c0-89aa-7d6d-bb34-7f3b3f69c001', '2026-03-07T12:00:00+00:00') ON CONFLICT DO NOTHING;
INSERT INTO financial_ledger (id, journal_id, account, amount, quantity, unit, unit_cost, department, vendor_name, sku_id, performed_by_user_id, reference_type, reference_id, organization_id, created_at) VALUES ('019d44b8-a902-7e7f-b468-18209e3091c1', '019d44b8-a8fb-7def-a6d5-ad73b275b6d5', 'accounts_payable', 96.0, 20, 'each', 4.8, 'Plumbing - Fittings', 'The Home Depot Pro', '019d44b8-a874-737b-a847-9ff3c90ca052', '0195f2c0-89ab-7a10-8a01-000000000001', 'po_receipt', '019d44b8-a7dc-74f6-b9ab-8c3ccfdd44c7', '0195f2c0-89aa-7d6d-bb34-7f3b3f69c001', '2026-03-07T12:00:00+00:00') ON CONFLICT DO NOTHING;
INSERT INTO financial_ledger (id, journal_id, account, amount, quantity, unit, unit_cost, department, vendor_name, sku_id, performed_by_user_id, reference_type, reference_id, organization_id, created_at) VALUES ('019d44b8-a903-71fa-bd4c-47c1b30115d1', '019d44b8-a8fb-7def-a6d5-ad73b275b6d5', 'inventory', 84.0, 15, 'each', 5.6, 'Plumbing - Fittings', 'The Home Depot Pro', '019d44b8-a878-7247-b394-7ac82f50fd75', '0195f2c0-89ab-7a10-8a01-000000000001', 'po_receipt', '019d44b8-a7dc-74f6-b9ab-8c3ccfdd44c7', '0195f2c0-89aa-7d6d-bb34-7f3b3f69c001', '2026-03-07T12:00:00+00:00') ON CONFLICT DO NOTHING;
INSERT INTO financial_ledger (id, journal_id, account, amount, quantity, unit, unit_cost, department, vendor_name, sku_id, performed_by_user_id, reference_type, reference_id, organization_id, created_at) VALUES ('019d44b8-a904-78e4-aace-35dd3fd051ae', '019d44b8-a8fb-7def-a6d5-ad73b275b6d5', 'accounts_payable', 84.0, 15, 'each', 5.6, 'Plumbing - Fittings', 'The Home Depot Pro', '019d44b8-a878-7247-b394-7ac82f50fd75', '0195f2c0-89ab-7a10-8a01-000000000001', 'po_receipt', '019d44b8-a7dc-74f6-b9ab-8c3ccfdd44c7', '0195f2c0-89aa-7d6d-bb34-7f3b3f69c001', '2026-03-07T12:00:00+00:00') ON CONFLICT DO NOTHING;
INSERT INTO cycle_counts (id, organization_id, status, scope, created_by_id, created_by_name, committed_by_id, committed_at, created_at) VALUES ('019d44b8-a905-75ca-a049-335ab5da582c', '0195f2c0-89aa-7d6d-bb34-7f3b3f69c001', 'committed', 'Plumbing spot check', '0195f2c0-89ab-7a10-8a01-000000000001', 'Marcus Chen', '0195f2c0-89ab-7a10-8a01-000000000001', '2026-03-15T12:00:00+00:00', '2026-03-14T12:00:00+00:00') ON CONFLICT DO NOTHING;
INSERT INTO cycle_count_items (id, cycle_count_id, sku_id, sku, product_name, snapshot_qty, counted_qty, variance, unit, created_at) VALUES ('019d44b8-a906-7f0d-b5e9-56173492554d', '019d44b8-a905-75ca-a049-335ab5da582c', '019d44b8-a785-7a3d-b9cb-a92eca93dc25', 'PLP-PEXTUBE-01', 'PEX-A Tubing 1/2" x 100ft Red', 15, 15, 0, 'foot', '2026-03-14T12:00:00+00:00') ON CONFLICT DO NOTHING;
INSERT INTO cycle_count_items (id, cycle_count_id, sku_id, sku, product_name, snapshot_qty, counted_qty, variance, unit, created_at) VALUES ('019d44b8-a907-7018-8964-da6208520fb5', '019d44b8-a905-75ca-a049-335ab5da582c', '019d44b8-a786-7c90-a7ff-0b31fb5d31ce', 'PLP-PEXTUBE-02', 'PEX-A Tubing 1/2" x 100ft Blue', 12, 12, 0, 'foot', '2026-03-14T12:00:00+00:00') ON CONFLICT DO NOTHING;
INSERT INTO cycle_count_items (id, cycle_count_id, sku_id, sku, product_name, snapshot_qty, counted_qty, variance, unit, created_at) VALUES ('019d44b8-a908-77a1-bd9e-5c6afbde4854', '019d44b8-a905-75ca-a049-335ab5da582c', '019d44b8-a787-7008-9a0b-24d0cee4a5b5', 'PLP-PEXTUBE-03', 'PEX-A Tubing 3/4" x 100ft Red', 8, 8, 0, 'foot', '2026-03-14T12:00:00+00:00') ON CONFLICT DO NOTHING;
INSERT INTO cycle_count_items (id, cycle_count_id, sku_id, sku, product_name, snapshot_qty, counted_qty, variance, unit, created_at) VALUES ('019d44b8-a909-7708-bd21-eaadac84b1c3', '019d44b8-a905-75ca-a049-335ab5da582c', '019d44b8-a788-7ac5-95d5-3ea294f8ba15', 'PLF-SHRKBT90-01', 'SharkBite 1/2" 90-Degree Elbow', 45, 44, -1, 'each', '2026-03-14T12:00:00+00:00') ON CONFLICT DO NOTHING;
INSERT INTO cycle_count_items (id, cycle_count_id, sku_id, sku, product_name, snapshot_qty, counted_qty, variance, unit, created_at) VALUES ('019d44b8-a90a-7346-a43d-5f75e78e1b77', '019d44b8-a905-75ca-a049-335ab5da582c', '019d44b8-a789-7386-b894-74c1b583b830', 'PLF-SHRKBTT-01', 'SharkBite 1/2" Tee', 38, 38, 0, 'each', '2026-03-14T12:00:00+00:00') ON CONFLICT DO NOTHING;
INSERT INTO cycle_count_items (id, cycle_count_id, sku_id, sku, product_name, snapshot_qty, counted_qty, variance, unit, created_at) VALUES ('019d44b8-a90b-7f1c-9ca2-e871b813e554', '019d44b8-a905-75ca-a049-335ab5da582c', '019d44b8-a78a-7a63-bb94-942bc04aa3c7', 'PLF-SHRKBTCP-01', 'SharkBite 1/2" Coupling', 60, 60, 0, 'each', '2026-03-14T12:00:00+00:00') ON CONFLICT DO NOTHING;
INSERT INTO fiscal_periods (id, name, start_date, end_date, status, organization_id, created_at) VALUES ('019d44b8-a90c-7668-83b2-c8e48fad193d', 'Q1 2026', '2026-01-01', '2026-03-31', 'open', '0195f2c0-89aa-7d6d-bb34-7f3b3f69c001', '2025-12-31T12:00:00+00:00') ON CONFLICT DO NOTHING;
INSERT INTO invoice_counters (organization_id, key, counter) VALUES ('0195f2c0-89aa-7d6d-bb34-7f3b3f69c001', 'invoice_number', 5) ON CONFLICT (organization_id, key) DO UPDATE SET counter = EXCLUDED.counter;
