DELETE FROM embeddings;
DELETE FROM agent_runs;
DELETE FROM memory_artifacts;
DELETE FROM documents;
DELETE FROM cycle_count_items;
DELETE FROM cycle_counts;
DELETE FROM financial_ledger;
DELETE FROM payment_withdrawals;
DELETE FROM payments;
DELETE FROM credit_note_line_items;
DELETE FROM credit_notes;
DELETE FROM invoice_line_items;
DELETE FROM invoice_withdrawals;
DELETE FROM invoice_counters;
DELETE FROM invoices;
DELETE FROM return_items;
DELETE FROM returns;
DELETE FROM material_requests;
DELETE FROM withdrawal_items;
DELETE FROM withdrawals;
DELETE FROM purchase_order_items;
DELETE FROM purchase_orders;
DELETE FROM stock_transactions;
DELETE FROM vendor_items;
DELETE FROM sku_counters;
DELETE FROM skus;
DELETE FROM products;
DELETE FROM vendors;
DELETE FROM departments;
DELETE FROM addresses;
DELETE FROM fiscal_periods;
DELETE FROM billing_entities;
DELETE FROM jobs;
DELETE FROM audit_log;
DELETE FROM processed_events;
DELETE FROM refresh_tokens;
DELETE FROM oauth_states;
DELETE FROM users;
DELETE FROM org_settings;
DELETE FROM organizations;
INSERT INTO organizations (id, name, slug, created_at) VALUES ('supply-yard', 'Supply Yard', 'supply-yard', '2025-03-17T12:00:00+00:00') ON CONFLICT (id) DO NOTHING;
INSERT INTO org_settings (organization_id, auto_invoice, default_tax_rate) VALUES ('supply-yard', 0, 0.10) ON CONFLICT (organization_id) DO NOTHING;
INSERT INTO departments (id, name, code, description, sku_count, organization_id, created_at) VALUES ('4753efba-dd4e-4b40-9c79-78c2090d1649', 'Adhesives', 'ADH', '', 0, 'supply-yard', '2025-03-17T12:00:00+00:00') ON CONFLICT (organization_id, code) DO NOTHING;
INSERT INTO departments (id, name, code, description, sku_count, organization_id, created_at) VALUES ('fd08740e-d05a-42db-acde-7159ead5adb7', 'Appliances', 'APP', '', 0, 'supply-yard', '2025-03-17T12:00:00+00:00') ON CONFLICT (organization_id, code) DO NOTHING;
INSERT INTO departments (id, name, code, description, sku_count, organization_id, created_at) VALUES ('df02cbfb-9524-4f5e-ac5e-b60fa9699b4f', 'Automotive', 'AUT', '', 0, 'supply-yard', '2025-03-17T12:00:00+00:00') ON CONFLICT (organization_id, code) DO NOTHING;
INSERT INTO departments (id, name, code, description, sku_count, organization_id, created_at) VALUES ('39545d12-de83-4c5d-bf49-5be30eac1069', 'Bathroom Material', 'BAM', '', 0, 'supply-yard', '2025-03-17T12:00:00+00:00') ON CONFLICT (organization_id, code) DO NOTHING;
INSERT INTO departments (id, name, code, description, sku_count, organization_id, created_at) VALUES ('67a509db-dc16-4ef9-990d-284989496fe5', 'Bathroom Supplies', 'BAS', '', 0, 'supply-yard', '2025-03-17T12:00:00+00:00') ON CONFLICT (organization_id, code) DO NOTHING;
INSERT INTO departments (id, name, code, description, sku_count, organization_id, created_at) VALUES ('2630c934-d778-466b-af53-6d7e71680192', 'Building Materials', 'BLD', '', 0, 'supply-yard', '2025-03-17T12:00:00+00:00') ON CONFLICT (organization_id, code) DO NOTHING;
INSERT INTO departments (id, name, code, description, sku_count, organization_id, created_at) VALUES ('971e8413-a46b-4739-9226-040e2b206850', 'Caulk', 'CAU', '', 0, 'supply-yard', '2025-03-17T12:00:00+00:00') ON CONFLICT (organization_id, code) DO NOTHING;
INSERT INTO departments (id, name, code, description, sku_count, organization_id, created_at) VALUES ('313f1cc6-179e-4d5c-af10-c531d956a489', 'Cleaning', 'CLN', '', 0, 'supply-yard', '2025-03-17T12:00:00+00:00') ON CONFLICT (organization_id, code) DO NOTHING;
INSERT INTO departments (id, name, code, description, sku_count, organization_id, created_at) VALUES ('8a9ce70d-4245-466f-9063-f7196a68b3ec', 'Concrete', 'CON', '', 0, 'supply-yard', '2025-03-17T12:00:00+00:00') ON CONFLICT (organization_id, code) DO NOTHING;
INSERT INTO departments (id, name, code, description, sku_count, organization_id, created_at) VALUES ('a4c8b4c9-4fbf-4143-8ce1-d5e8a5f227af', 'Door Repair', 'DRP', '', 0, 'supply-yard', '2025-03-17T12:00:00+00:00') ON CONFLICT (organization_id, code) DO NOTHING;
INSERT INTO departments (id, name, code, description, sku_count, organization_id, created_at) VALUES ('6da9b851-883a-44ef-baa4-396cf568d3f0', 'Doors', 'DOR', '', 0, 'supply-yard', '2025-03-17T12:00:00+00:00') ON CONFLICT (organization_id, code) DO NOTHING;
INSERT INTO departments (id, name, code, description, sku_count, organization_id, created_at) VALUES ('1776fb03-b333-4ccf-a02d-7a3f6098ba11', 'Drywall Mud', 'DRM', '', 0, 'supply-yard', '2025-03-17T12:00:00+00:00') ON CONFLICT (organization_id, code) DO NOTHING;
INSERT INTO departments (id, name, code, description, sku_count, organization_id, created_at) VALUES ('3652aa63-495a-4f9c-86fd-11c8d8a6c403', 'Drywall Supplies', 'DRS', '', 0, 'supply-yard', '2025-03-17T12:00:00+00:00') ON CONFLICT (organization_id, code) DO NOTHING;
INSERT INTO departments (id, name, code, description, sku_count, organization_id, created_at) VALUES ('8d82ffd1-6f45-4ad9-a7c4-c80259bf95c7', 'Electrical', 'ELE', '', 0, 'supply-yard', '2025-03-17T12:00:00+00:00') ON CONFLICT (organization_id, code) DO NOTHING;
INSERT INTO departments (id, name, code, description, sku_count, organization_id, created_at) VALUES ('482d8b6f-cc60-40c9-a974-0e0361c95085', 'Electrical - Cords', 'ELC', '', 0, 'supply-yard', '2025-03-17T12:00:00+00:00') ON CONFLICT (organization_id, code) DO NOTHING;
INSERT INTO departments (id, name, code, description, sku_count, organization_id, created_at) VALUES ('4b865b9e-7f54-4c76-8b09-0a8c7f312e0d', 'Electrical - Wire', 'ELW', '', 0, 'supply-yard', '2025-03-17T12:00:00+00:00') ON CONFLICT (organization_id, code) DO NOTHING;
INSERT INTO departments (id, name, code, description, sku_count, organization_id, created_at) VALUES ('0ea1fd4f-3620-429e-a4fd-955e742addb2', 'Fans', 'FAN', '', 0, 'supply-yard', '2025-03-17T12:00:00+00:00') ON CONFLICT (organization_id, code) DO NOTHING;
INSERT INTO departments (id, name, code, description, sku_count, organization_id, created_at) VALUES ('7aa1e663-b73a-4b6d-9d25-d4d9b9c6e707', 'Fasteners', 'FAS', '', 0, 'supply-yard', '2025-03-17T12:00:00+00:00') ON CONFLICT (organization_id, code) DO NOTHING;
INSERT INTO departments (id, name, code, description, sku_count, organization_id, created_at) VALUES ('a6ed9c65-2c07-4c67-8922-964b3f9ab124', 'Flooring', 'FLO', '', 0, 'supply-yard', '2025-03-17T12:00:00+00:00') ON CONFLICT (organization_id, code) DO NOTHING;
INSERT INTO departments (id, name, code, description, sku_count, organization_id, created_at) VALUES ('0cc9c3db-afb7-4b3e-a52a-ad8891e3e29e', 'Fuel', 'FUE', '', 0, 'supply-yard', '2025-03-17T12:00:00+00:00') ON CONFLICT (organization_id, code) DO NOTHING;
INSERT INTO departments (id, name, code, description, sku_count, organization_id, created_at) VALUES ('e0cf443e-67c7-4f2e-a262-bde40d4ed9f5', 'HVAC', 'HVA', '', 0, 'supply-yard', '2025-03-17T12:00:00+00:00') ON CONFLICT (organization_id, code) DO NOTHING;
INSERT INTO departments (id, name, code, description, sku_count, organization_id, created_at) VALUES ('84fcd511-e376-48de-a8cc-1a1554cf33c8', 'HVAC - Filters', 'HVF', '', 0, 'supply-yard', '2025-03-17T12:00:00+00:00') ON CONFLICT (organization_id, code) DO NOTHING;
INSERT INTO departments (id, name, code, description, sku_count, organization_id, created_at) VALUES ('b38da973-e97f-4130-b01f-cb107bf890fb', 'Hand Tool Accessories', 'HTA', '', 0, 'supply-yard', '2025-03-17T12:00:00+00:00') ON CONFLICT (organization_id, code) DO NOTHING;
INSERT INTO departments (id, name, code, description, sku_count, organization_id, created_at) VALUES ('d8563bd7-039a-4428-b36f-900a47909cff', 'Hand Tools', 'HTL', '', 0, 'supply-yard', '2025-03-17T12:00:00+00:00') ON CONFLICT (organization_id, code) DO NOTHING;
INSERT INTO departments (id, name, code, description, sku_count, organization_id, created_at) VALUES ('c194ee03-6629-44bc-91f5-18fa985bfb9a', 'Handles and Knobs', 'HNK', '', 0, 'supply-yard', '2025-03-17T12:00:00+00:00') ON CONFLICT (organization_id, code) DO NOTHING;
INSERT INTO departments (id, name, code, description, sku_count, organization_id, created_at) VALUES ('cd35c4f7-b3f9-4570-a2ce-79271aa1de0c', 'Handrail', 'HRL', '', 0, 'supply-yard', '2025-03-17T12:00:00+00:00') ON CONFLICT (organization_id, code) DO NOTHING;
INSERT INTO departments (id, name, code, description, sku_count, organization_id, created_at) VALUES ('a30d0851-4561-4c32-9459-dbe805305d32', 'Home Protection', 'HPR', '', 0, 'supply-yard', '2025-03-17T12:00:00+00:00') ON CONFLICT (organization_id, code) DO NOTHING;
INSERT INTO departments (id, name, code, description, sku_count, organization_id, created_at) VALUES ('2509a408-d4a9-4400-89cf-f3f672682b84', 'Insulation', 'INS', '', 0, 'supply-yard', '2025-03-17T12:00:00+00:00') ON CONFLICT (organization_id, code) DO NOTHING;
INSERT INTO departments (id, name, code, description, sku_count, organization_id, created_at) VALUES ('3bcb9cc2-ba58-40bb-9931-3665ce6fa66e', 'Keys', 'KEY', '', 0, 'supply-yard', '2025-03-17T12:00:00+00:00') ON CONFLICT (organization_id, code) DO NOTHING;
INSERT INTO departments (id, name, code, description, sku_count, organization_id, created_at) VALUES ('b18001ac-5fba-4fab-a151-ffd7cd481d97', 'Landscaping Supplies', 'LND', '', 0, 'supply-yard', '2025-03-17T12:00:00+00:00') ON CONFLICT (organization_id, code) DO NOTHING;
INSERT INTO departments (id, name, code, description, sku_count, organization_id, created_at) VALUES ('9d267239-cd14-45ab-bd76-958de0872390', 'Light Bulbs', 'LBL', '', 0, 'supply-yard', '2025-03-17T12:00:00+00:00') ON CONFLICT (organization_id, code) DO NOTHING;
INSERT INTO departments (id, name, code, description, sku_count, organization_id, created_at) VALUES ('074a9be7-503b-409c-90fc-95d7d9afd4cd', 'Light Fixtures', 'LFX', '', 0, 'supply-yard', '2025-03-17T12:00:00+00:00') ON CONFLICT (organization_id, code) DO NOTHING;
INSERT INTO departments (id, name, code, description, sku_count, organization_id, created_at) VALUES ('b3aa34d8-3211-4516-9446-b9c5a12329e9', 'Locks/Knobs', 'LOK', '', 0, 'supply-yard', '2025-03-17T12:00:00+00:00') ON CONFLICT (organization_id, code) DO NOTHING;
INSERT INTO departments (id, name, code, description, sku_count, organization_id, created_at) VALUES ('fc684b88-a335-4757-9e2b-008e8cfb509c', 'Lubes', 'LUB', '', 0, 'supply-yard', '2025-03-17T12:00:00+00:00') ON CONFLICT (organization_id, code) DO NOTHING;
INSERT INTO departments (id, name, code, description, sku_count, organization_id, created_at) VALUES ('d7c9d231-8196-4c7c-90ea-3920c24f7b04', 'Lumber', 'LUM', '', 0, 'supply-yard', '2025-03-17T12:00:00+00:00') ON CONFLICT (organization_id, code) DO NOTHING;
INSERT INTO departments (id, name, code, description, sku_count, organization_id, created_at) VALUES ('d019feca-8137-454b-9d8e-eaf9d0a7673d', 'Mailboxes', 'MBX', '', 0, 'supply-yard', '2025-03-17T12:00:00+00:00') ON CONFLICT (organization_id, code) DO NOTHING;
INSERT INTO departments (id, name, code, description, sku_count, organization_id, created_at) VALUES ('021301eb-dbdd-4b08-b8ce-9948ca972738', 'Masonry', 'MAS', '', 0, 'supply-yard', '2025-03-17T12:00:00+00:00') ON CONFLICT (organization_id, code) DO NOTHING;
INSERT INTO departments (id, name, code, description, sku_count, organization_id, created_at) VALUES ('c949633a-2204-40d8-beba-b0aaf1fe4d17', 'Miscellaneous', 'MSC', '', 0, 'supply-yard', '2025-03-17T12:00:00+00:00') ON CONFLICT (organization_id, code) DO NOTHING;
INSERT INTO departments (id, name, code, description, sku_count, organization_id, created_at) VALUES ('eba731a9-bbe1-44f0-91e2-e18a9c4d2bd2', 'Miscellaneous Parts', 'MSP', '', 0, 'supply-yard', '2025-03-17T12:00:00+00:00') ON CONFLICT (organization_id, code) DO NOTHING;
INSERT INTO departments (id, name, code, description, sku_count, organization_id, created_at) VALUES ('8379dc92-110b-42bb-b36f-ac1345b24fa3', 'Paint Products', 'PNT', '', 0, 'supply-yard', '2025-03-17T12:00:00+00:00') ON CONFLICT (organization_id, code) DO NOTHING;
INSERT INTO departments (id, name, code, description, sku_count, organization_id, created_at) VALUES ('5d16f148-b737-4bef-be70-3cad52dc7257', 'Paint Supplies', 'PNS', '', 0, 'supply-yard', '2025-03-17T12:00:00+00:00') ON CONFLICT (organization_id, code) DO NOTHING;
INSERT INTO departments (id, name, code, description, sku_count, organization_id, created_at) VALUES ('5ad75848-59f2-4aa4-9a65-9b1efe789b6e', 'Pest Control', 'PST', '', 0, 'supply-yard', '2025-03-17T12:00:00+00:00') ON CONFLICT (organization_id, code) DO NOTHING;
INSERT INTO departments (id, name, code, description, sku_count, organization_id, created_at) VALUES ('da3d7b59-a6d1-426c-b746-19f90860bfe2', 'Plumbing - Fittings', 'PLF', '', 0, 'supply-yard', '2025-03-17T12:00:00+00:00') ON CONFLICT (organization_id, code) DO NOTHING;
INSERT INTO departments (id, name, code, description, sku_count, organization_id, created_at) VALUES ('720d358e-6649-4249-811f-3870c8639ae2', 'Plumbing - Fixtures', 'PLX', '', 0, 'supply-yard', '2025-03-17T12:00:00+00:00') ON CONFLICT (organization_id, code) DO NOTHING;
INSERT INTO departments (id, name, code, description, sku_count, organization_id, created_at) VALUES ('ff49ad90-6989-4f3d-89f5-fb0a671bf5e2', 'Plumbing - Gas', 'PLG', '', 0, 'supply-yard', '2025-03-17T12:00:00+00:00') ON CONFLICT (organization_id, code) DO NOTHING;
INSERT INTO departments (id, name, code, description, sku_count, organization_id, created_at) VALUES ('0221dace-7b23-400b-8416-a45595a84d64', 'Plumbing - General', 'PLM', '', 0, 'supply-yard', '2025-03-17T12:00:00+00:00') ON CONFLICT (organization_id, code) DO NOTHING;
INSERT INTO departments (id, name, code, description, sku_count, organization_id, created_at) VALUES ('7d93097e-1cd1-4a51-b022-c2a4531aaca2', 'Plumbing - Pipe', 'PLP', '', 0, 'supply-yard', '2025-03-17T12:00:00+00:00') ON CONFLICT (organization_id, code) DO NOTHING;
INSERT INTO departments (id, name, code, description, sku_count, organization_id, created_at) VALUES ('62dfe2cd-d3be-4719-9f46-4e918820dae8', 'Plumbing - Sink Repair', 'PSR', '', 0, 'supply-yard', '2025-03-17T12:00:00+00:00') ON CONFLICT (organization_id, code) DO NOTHING;
INSERT INTO departments (id, name, code, description, sku_count, organization_id, created_at) VALUES ('f2e7d787-ce79-4954-bfba-0cffd633fa6d', 'Plumbing - Sinks', 'PSK', '', 0, 'supply-yard', '2025-03-17T12:00:00+00:00') ON CONFLICT (organization_id, code) DO NOTHING;
INSERT INTO departments (id, name, code, description, sku_count, organization_id, created_at) VALUES ('4090221f-84c8-4c25-9d7d-034b86f968aa', 'Plumbing - Toilet Repair', 'PTR', '', 0, 'supply-yard', '2025-03-17T12:00:00+00:00') ON CONFLICT (organization_id, code) DO NOTHING;
INSERT INTO departments (id, name, code, description, sku_count, organization_id, created_at) VALUES ('94a52241-9698-4440-a8be-7928615aafa2', 'Power Tool Accessories', 'PTA', '', 0, 'supply-yard', '2025-03-17T12:00:00+00:00') ON CONFLICT (organization_id, code) DO NOTHING;
INSERT INTO departments (id, name, code, description, sku_count, organization_id, created_at) VALUES ('3c591a21-b8a6-4b96-85cf-9e64cfc90235', 'Power Tools', 'PWR', '', 0, 'supply-yard', '2025-03-17T12:00:00+00:00') ON CONFLICT (organization_id, code) DO NOTHING;
INSERT INTO departments (id, name, code, description, sku_count, organization_id, created_at) VALUES ('9c0f385b-e255-42aa-b228-89de1e6c51cc', 'Roofing Supplies', 'ROF', '', 0, 'supply-yard', '2025-03-17T12:00:00+00:00') ON CONFLICT (organization_id, code) DO NOTHING;
INSERT INTO departments (id, name, code, description, sku_count, organization_id, created_at) VALUES ('83350dfc-87d7-45b3-bfc3-005ebd48940f', 'Safety', 'SAF', '', 0, 'supply-yard', '2025-03-17T12:00:00+00:00') ON CONFLICT (organization_id, code) DO NOTHING;
INSERT INTO departments (id, name, code, description, sku_count, organization_id, created_at) VALUES ('e4669d5a-c881-456c-911c-dc5501fcceff', 'Small Appliances', 'SMA', '', 0, 'supply-yard', '2025-03-17T12:00:00+00:00') ON CONFLICT (organization_id, code) DO NOTHING;
INSERT INTO departments (id, name, code, description, sku_count, organization_id, created_at) VALUES ('9e1bd547-d1a1-4d3a-88c2-241ac6e81c77', 'Trash Cans', 'TRS', '', 0, 'supply-yard', '2025-03-17T12:00:00+00:00') ON CONFLICT (organization_id, code) DO NOTHING;
INSERT INTO departments (id, name, code, description, sku_count, organization_id, created_at) VALUES ('8843fe56-849c-443a-b4a7-0c505177a852', 'Window', 'WIN', '', 0, 'supply-yard', '2025-03-17T12:00:00+00:00') ON CONFLICT (organization_id, code) DO NOTHING;
INSERT INTO departments (id, name, code, description, sku_count, organization_id, created_at) VALUES ('c3cb0d79-43d5-4fa9-b5a3-eddbb42e1d62', 'Winter', 'WNT', '', 0, 'supply-yard', '2025-03-17T12:00:00+00:00') ON CONFLICT (organization_id, code) DO NOTHING;
INSERT INTO users (id, email, password, name, role, company, billing_entity, phone, is_active, organization_id, created_at) VALUES ('db3a2209-7b14-42e3-9c7b-8ab0b774f22b', 'admin@supplyyard.com', '$2b$12$LJ3m4ys3Lg8U0cOqXn6xAOQzf3LYwnBR6FmPXjBZ5VQ9IJ6Lqt3jC', 'Marcus Chen', 'admin', '', '', '', 1, 'supply-yard', '2025-12-17T12:00:00+00:00') ON CONFLICT (email) DO UPDATE SET password = EXCLUDED.password, name = EXCLUDED.name, role = EXCLUDED.role;
INSERT INTO users (id, email, password, name, role, company, billing_entity, phone, is_active, organization_id, created_at) VALUES ('4d5ff6c9-6ac2-4929-bd5f-e4197c10d009', 'mike@rivridge.com', '$2b$12$LJ3m4ys3Lg8U0cOqXn6xAOQzf3LYwnBR6FmPXjBZ5VQ9IJ6Lqt3jC', 'Mike Torres', 'contractor', 'Riva Ridge Property Mgmt', 'Riva Ridge Property Mgmt', '', 1, 'supply-yard', '2025-12-17T12:00:00+00:00') ON CONFLICT (email) DO UPDATE SET password = EXCLUDED.password, name = EXCLUDED.name, role = EXCLUDED.role;
INSERT INTO users (id, email, password, name, role, company, billing_entity, phone, is_active, organization_id, created_at) VALUES ('0565b2d4-2c7d-4b5e-9aa7-a2a05d387224', 'sarah@summitpm.com', '$2b$12$LJ3m4ys3Lg8U0cOqXn6xAOQzf3LYwnBR6FmPXjBZ5VQ9IJ6Lqt3jC', 'Sarah Okafor', 'contractor', 'Summit Property Group', 'Summit Property Group', '', 1, 'supply-yard', '2025-12-17T12:00:00+00:00') ON CONFLICT (email) DO UPDATE SET password = EXCLUDED.password, name = EXCLUDED.name, role = EXCLUDED.role;
INSERT INTO vendors (id, name, contact_name, email, phone, address, organization_id, created_at) VALUES ('80627dc3-b450-4baf-8625-e36e1dc4d5cc', 'Emery Jensen Distribution', 'Pat Emery', 'orders@emeryjensen.com', '555-0101', '2400 Industrial Pkwy, Elkhart IN', 'supply-yard', '2025-09-18T12:00:00+00:00') ON CONFLICT DO NOTHING;
INSERT INTO vendors (id, name, contact_name, email, phone, address, organization_id, created_at) VALUES ('3416f02d-424d-4d69-8557-997907d232f1', 'Sherwin-Williams', 'Alex Rivera', 'pro@sherwin.com', '555-0102', '101 W Prospect Ave, Cleveland OH', 'supply-yard', '2025-09-18T12:00:00+00:00') ON CONFLICT DO NOTHING;
INSERT INTO vendors (id, name, contact_name, email, phone, address, organization_id, created_at) VALUES ('9da8de3b-e547-41c5-b35e-19bd384348fd', 'The Home Depot Pro', 'Jordan Lee', 'pro-desk@homedepot.com', '555-0103', '2455 Paces Ferry Rd, Atlanta GA', 'supply-yard', '2025-09-18T12:00:00+00:00') ON CONFLICT DO NOTHING;
INSERT INTO vendors (id, name, contact_name, email, phone, address, organization_id, created_at) VALUES ('cda183a4-da2c-4877-9de9-1b5a8a660b1a', 'Amazon Business', '', 'business@amazon.com', '', '', 'supply-yard', '2025-09-18T12:00:00+00:00') ON CONFLICT DO NOTHING;
INSERT INTO vendors (id, name, contact_name, email, phone, address, organization_id, created_at) VALUES ('e22e944d-a35d-442f-b76e-8e5502452498', 'Deck Expressions', 'Tom Nguyen', 'tom@deckexpressions.com', '555-0105', '834 Lumber Ln, Portland OR', 'supply-yard', '2025-09-18T12:00:00+00:00') ON CONFLICT DO NOTHING;
INSERT INTO billing_entities (id, name, contact_name, contact_email, billing_address, payment_terms, is_active, organization_id, created_at, updated_at) VALUES ('072f39cd-940f-46a5-8555-7158d5a2be31', 'Riva Ridge Property Mgmt', 'Mike Torres', 'mike@rivridge.com', '1200 Mountain View Dr, Ste 400, Vail CO 81657', 'net_30', 1, 'supply-yard', '2025-11-17T12:00:00+00:00', '2025-11-17T12:00:00+00:00') ON CONFLICT (organization_id, name) DO NOTHING;
INSERT INTO billing_entities (id, name, contact_name, contact_email, billing_address, payment_terms, is_active, organization_id, created_at, updated_at) VALUES ('77cd2847-439e-4597-a686-1c36171e8a26', 'Summit Property Group', 'Sarah Okafor', 'sarah@summitpm.com', '890 Summit Blvd, Ste 12, Aspen CO 81611', 'net_30', 1, 'supply-yard', '2025-11-17T12:00:00+00:00', '2025-11-17T12:00:00+00:00') ON CONFLICT (organization_id, name) DO NOTHING;
INSERT INTO billing_entities (id, name, contact_name, contact_email, billing_address, payment_terms, is_active, organization_id, created_at, updated_at) VALUES ('3766b68c-ffd8-4541-a241-f9f10e1e65e0', 'Coastal Living Rentals', 'Jenna Park', 'jenna@coastalrentals.com', '45 Ocean Ave, Ste 3, Monterey CA 93940', 'net_15', 1, 'supply-yard', '2025-11-17T12:00:00+00:00', '2025-11-17T12:00:00+00:00') ON CONFLICT (organization_id, name) DO NOTHING;
INSERT INTO jobs (id, code, name, billing_entity_id, status, service_address, organization_id, created_at, updated_at) VALUES ('d3d9d535-e4fd-4f74-a74a-10aa55bdf58f', 'RR-2026-001', 'Riva Ridge Unit 4A Kitchen Remodel', '072f39cd-940f-46a5-8555-7158d5a2be31', 'active', '1200 Mountain View Dr, Unit 4A, Vail CO', 'supply-yard', '2026-02-15T12:00:00+00:00', '2026-02-15T12:00:00+00:00') ON CONFLICT (organization_id, code) DO NOTHING;
INSERT INTO jobs (id, code, name, billing_entity_id, status, service_address, organization_id, created_at, updated_at) VALUES ('d5d57f53-b9da-4331-8813-80a9c859b9d9', 'RR-2026-002', 'Riva Ridge Unit 7B Bathroom Renovation', '072f39cd-940f-46a5-8555-7158d5a2be31', 'active', '1200 Mountain View Dr, Unit 7B, Vail CO', 'supply-yard', '2026-02-15T12:00:00+00:00', '2026-02-15T12:00:00+00:00') ON CONFLICT (organization_id, code) DO NOTHING;
INSERT INTO jobs (id, code, name, billing_entity_id, status, service_address, organization_id, created_at, updated_at) VALUES ('574cc0fa-3d83-4cd0-9242-37b95ec07032', 'SP-2026-001', 'Summit Pines Deck Replacement', '77cd2847-439e-4597-a686-1c36171e8a26', 'active', '345 Pine Ridge Rd, Aspen CO', 'supply-yard', '2026-02-15T12:00:00+00:00', '2026-02-15T12:00:00+00:00') ON CONFLICT (organization_id, code) DO NOTHING;
INSERT INTO jobs (id, code, name, billing_entity_id, status, service_address, organization_id, created_at, updated_at) VALUES ('d6cd329b-56ea-490c-b6ba-37fa309a2d5b', 'SP-2026-002', 'Summit Pines Electrical Upgrade', '77cd2847-439e-4597-a686-1c36171e8a26', 'active', '345 Pine Ridge Rd, Aspen CO', 'supply-yard', '2026-02-15T12:00:00+00:00', '2026-02-15T12:00:00+00:00') ON CONFLICT (organization_id, code) DO NOTHING;
INSERT INTO jobs (id, code, name, billing_entity_id, status, service_address, organization_id, created_at, updated_at) VALUES ('498e1a0e-9fe9-4807-9d4d-5b7409809f67', 'CL-2026-001', 'Coastal Exterior Repaint', '3766b68c-ffd8-4541-a241-f9f10e1e65e0', 'active', '45 Ocean Ave, Monterey CA', 'supply-yard', '2026-02-15T12:00:00+00:00', '2026-02-15T12:00:00+00:00') ON CONFLICT (organization_id, code) DO NOTHING;
INSERT INTO addresses (id, label, line1, line2, city, state, postal_code, country, billing_entity_id, job_id, organization_id, created_at) VALUES ('bf1d3d67-683e-4711-b36d-b7b83cae9cc3', 'Riva Ridge Office', '1200 Mountain View Dr', 'Ste 400', 'Vail', 'CO', '81657', 'US', '072f39cd-940f-46a5-8555-7158d5a2be31', NULL, 'supply-yard', '2025-11-17T12:00:00+00:00') ON CONFLICT DO NOTHING;
INSERT INTO addresses (id, label, line1, line2, city, state, postal_code, country, billing_entity_id, job_id, organization_id, created_at) VALUES ('6ed79465-9c28-43c0-b5ba-52e90d76557e', 'Summit Property Office', '890 Summit Blvd', 'Ste 12', 'Aspen', 'CO', '81611', 'US', '77cd2847-439e-4597-a686-1c36171e8a26', NULL, 'supply-yard', '2025-11-17T12:00:00+00:00') ON CONFLICT DO NOTHING;
INSERT INTO addresses (id, label, line1, line2, city, state, postal_code, country, billing_entity_id, job_id, organization_id, created_at) VALUES ('436e3b3a-eb81-4ee4-8735-df505a690899', 'Coastal Rentals', '45 Ocean Ave', 'Ste 3', 'Monterey', 'CA', '93940', 'US', '3766b68c-ffd8-4541-a241-f9f10e1e65e0', NULL, 'supply-yard', '2025-11-17T12:00:00+00:00') ON CONFLICT DO NOTHING;
INSERT INTO addresses (id, label, line1, line2, city, state, postal_code, country, billing_entity_id, job_id, organization_id, created_at) VALUES ('4d08378b-47e1-4837-a358-094ed5f51621', 'Kitchen Remodel Site', '1200 Mountain View Dr', 'Unit 4A', 'Vail', 'CO', '81657', 'US', NULL, 'd3d9d535-e4fd-4f74-a74a-10aa55bdf58f', 'supply-yard', '2025-11-17T12:00:00+00:00') ON CONFLICT DO NOTHING;
INSERT INTO addresses (id, label, line1, line2, city, state, postal_code, country, billing_entity_id, job_id, organization_id, created_at) VALUES ('d8376ad8-0c75-4e67-9de5-93a8e8072301', 'Deck Replacement Site', '345 Pine Ridge Rd', '', 'Aspen', 'CO', '81611', 'US', NULL, '574cc0fa-3d83-4cd0-9242-37b95ec07032', 'supply-yard', '2025-11-17T12:00:00+00:00') ON CONFLICT DO NOTHING;
INSERT INTO products (id, name, description, category_id, category_name, sku_count, organization_id, created_at, updated_at) VALUES ('fc7cf436-1b5d-464d-8986-6678bf66498b', 'PEX Tubing', '', '7d93097e-1cd1-4a51-b022-c2a4531aaca2', 'PLP', 3, 'supply-yard', '2025-09-18T12:00:00+00:00', '2025-09-18T12:00:00+00:00') ON CONFLICT DO NOTHING;
INSERT INTO skus (id, sku, product_family_id, name, description, price, cost, quantity, min_stock, category_id, category_name, barcode, base_unit, sell_uom, pack_qty, purchase_uom, purchase_pack_qty, variant_label, spec, grade, variant_attrs, organization_id, created_at, updated_at) VALUES ('f509e4c3-86ae-4a0a-9dcd-0d4d4c4b5e51', 'PLP-PEXTUBE-01', 'fc7cf436-1b5d-464d-8986-6678bf66498b', 'PEX-A Tubing 1/2" x 100ft Red', '', 42.99, 24.5, 15, 5, '7d93097e-1cd1-4a51-b022-c2a4531aaca2', 'PLP', '0012345000011', 'foot', '100ft_coil', 1, 'each', 1, '', '', '', '{"diameter": "1/2\"", "color": "red", "length": "100ft"}', 'supply-yard', '2025-09-18T12:00:00+00:00', '2026-03-16T12:00:00+00:00') ON CONFLICT DO NOTHING;
INSERT INTO skus (id, sku, product_family_id, name, description, price, cost, quantity, min_stock, category_id, category_name, barcode, base_unit, sell_uom, pack_qty, purchase_uom, purchase_pack_qty, variant_label, spec, grade, variant_attrs, organization_id, created_at, updated_at) VALUES ('eaf99461-7ce1-4ac4-9571-2c0ce132ad3a', 'PLP-PEXTUBE-02', 'fc7cf436-1b5d-464d-8986-6678bf66498b', 'PEX-A Tubing 1/2" x 100ft Blue', '', 42.99, 24.5, 12, 5, '7d93097e-1cd1-4a51-b022-c2a4531aaca2', 'PLP', '0012345000012', 'foot', '100ft_coil', 1, 'each', 1, '', '', '', '{"diameter": "1/2\"", "color": "blue", "length": "100ft"}', 'supply-yard', '2025-09-18T12:00:00+00:00', '2026-03-16T12:00:00+00:00') ON CONFLICT DO NOTHING;
INSERT INTO skus (id, sku, product_family_id, name, description, price, cost, quantity, min_stock, category_id, category_name, barcode, base_unit, sell_uom, pack_qty, purchase_uom, purchase_pack_qty, variant_label, spec, grade, variant_attrs, organization_id, created_at, updated_at) VALUES ('75b2c67c-3b11-412e-81e5-effbc0fa2833', 'PLP-PEXTUBE-03', 'fc7cf436-1b5d-464d-8986-6678bf66498b', 'PEX-A Tubing 3/4" x 100ft Red', '', 64.99, 38.0, 8, 5, '7d93097e-1cd1-4a51-b022-c2a4531aaca2', 'PLP', '0012345000013', 'foot', '100ft_coil', 1, 'each', 1, '', '', '', '{"diameter": "3/4\"", "color": "red", "length": "100ft"}', 'supply-yard', '2025-09-18T12:00:00+00:00', '2026-03-16T12:00:00+00:00') ON CONFLICT DO NOTHING;
INSERT INTO products (id, name, description, category_id, category_name, sku_count, organization_id, created_at, updated_at) VALUES ('d48a08dd-501a-4ddc-a002-1d9220cd4557', 'SharkBite Push Fittings', '', 'da3d7b59-a6d1-426c-b746-19f90860bfe2', 'PLF', 3, 'supply-yard', '2025-09-18T12:00:00+00:00', '2025-09-18T12:00:00+00:00') ON CONFLICT DO NOTHING;
INSERT INTO skus (id, sku, product_family_id, name, description, price, cost, quantity, min_stock, category_id, category_name, barcode, base_unit, sell_uom, pack_qty, purchase_uom, purchase_pack_qty, variant_label, spec, grade, variant_attrs, organization_id, created_at, updated_at) VALUES ('3d59ce91-308a-4749-bb99-4c8b03d284d8', 'PLF-SHRKBT90-01', 'd48a08dd-501a-4ddc-a002-1d9220cd4557', 'SharkBite 1/2" 90-Degree Elbow', '', 8.49, 4.8, 45, 5, 'da3d7b59-a6d1-426c-b746-19f90860bfe2', 'PLF', '0012345000021', 'each', 'each', 1, 'each', 1, '', '', '', '{"size": "1/2\"", "type": "90-elbow"}', 'supply-yard', '2025-09-18T12:00:00+00:00', '2026-03-16T12:00:00+00:00') ON CONFLICT DO NOTHING;
INSERT INTO skus (id, sku, product_family_id, name, description, price, cost, quantity, min_stock, category_id, category_name, barcode, base_unit, sell_uom, pack_qty, purchase_uom, purchase_pack_qty, variant_label, spec, grade, variant_attrs, organization_id, created_at, updated_at) VALUES ('eaba46e1-5256-40c5-b280-6d8b71cba485', 'PLF-SHRKBTT-01', 'd48a08dd-501a-4ddc-a002-1d9220cd4557', 'SharkBite 1/2" Tee', '', 9.99, 5.6, 38, 5, 'da3d7b59-a6d1-426c-b746-19f90860bfe2', 'PLF', '0012345000022', 'each', 'each', 1, 'each', 1, '', '', '', '{"size": "1/2\"", "type": "tee"}', 'supply-yard', '2025-09-18T12:00:00+00:00', '2026-03-16T12:00:00+00:00') ON CONFLICT DO NOTHING;
INSERT INTO skus (id, sku, product_family_id, name, description, price, cost, quantity, min_stock, category_id, category_name, barcode, base_unit, sell_uom, pack_qty, purchase_uom, purchase_pack_qty, variant_label, spec, grade, variant_attrs, organization_id, created_at, updated_at) VALUES ('3e75a142-ee21-476e-af7d-1ae21892962e', 'PLF-SHRKBTCP-01', 'd48a08dd-501a-4ddc-a002-1d9220cd4557', 'SharkBite 1/2" Coupling', '', 5.99, 3.4, 60, 5, 'da3d7b59-a6d1-426c-b746-19f90860bfe2', 'PLF', '0012345000023', 'each', 'each', 1, 'each', 1, '', '', '', '{"size": "1/2\"", "type": "coupling"}', 'supply-yard', '2025-09-18T12:00:00+00:00', '2026-03-16T12:00:00+00:00') ON CONFLICT DO NOTHING;
INSERT INTO products (id, name, description, category_id, category_name, sku_count, organization_id, created_at, updated_at) VALUES ('4103b839-94f3-487c-a658-613d1060b060', 'Romex NM-B Wire', '', '4b865b9e-7f54-4c76-8b09-0a8c7f312e0d', 'ELW', 2, 'supply-yard', '2025-09-18T12:00:00+00:00', '2025-09-18T12:00:00+00:00') ON CONFLICT DO NOTHING;
INSERT INTO skus (id, sku, product_family_id, name, description, price, cost, quantity, min_stock, category_id, category_name, barcode, base_unit, sell_uom, pack_qty, purchase_uom, purchase_pack_qty, variant_label, spec, grade, variant_attrs, organization_id, created_at, updated_at) VALUES ('97ad374e-3173-4994-b4ac-1f45ce5fbdf1', 'ELW-ROMEX14-01', '4103b839-94f3-487c-a658-613d1060b060', 'Romex 14/2 NM-B 250ft', '', 89.99, 52.0, 6, 5, '4b865b9e-7f54-4c76-8b09-0a8c7f312e0d', 'ELW', '0012345000031', 'foot', '250ft_spool', 1, 'each', 1, '', '', '', '{"gauge": "14/2", "length": "250ft"}', 'supply-yard', '2025-09-18T12:00:00+00:00', '2026-03-16T12:00:00+00:00') ON CONFLICT DO NOTHING;
INSERT INTO skus (id, sku, product_family_id, name, description, price, cost, quantity, min_stock, category_id, category_name, barcode, base_unit, sell_uom, pack_qty, purchase_uom, purchase_pack_qty, variant_label, spec, grade, variant_attrs, organization_id, created_at, updated_at) VALUES ('346fdc27-3bf0-4af2-924e-7091a39b49f0', 'ELW-ROMEX12-01', '4103b839-94f3-487c-a658-613d1060b060', 'Romex 12/2 NM-B 250ft', '', 119.99, 72.0, 4, 5, '4b865b9e-7f54-4c76-8b09-0a8c7f312e0d', 'ELW', '0012345000032', 'foot', '250ft_spool', 1, 'each', 1, '', '', '', '{"gauge": "12/2", "length": "250ft"}', 'supply-yard', '2025-09-18T12:00:00+00:00', '2026-03-16T12:00:00+00:00') ON CONFLICT DO NOTHING;
INSERT INTO products (id, name, description, category_id, category_name, sku_count, organization_id, created_at, updated_at) VALUES ('ca96e294-0215-4fa3-8f43-80372e0c0ec9', 'Leviton Decora Switch', '', '8d82ffd1-6f45-4ad9-a7c4-c80259bf95c7', 'ELE', 2, 'supply-yard', '2025-09-18T12:00:00+00:00', '2025-09-18T12:00:00+00:00') ON CONFLICT DO NOTHING;
INSERT INTO skus (id, sku, product_family_id, name, description, price, cost, quantity, min_stock, category_id, category_name, barcode, base_unit, sell_uom, pack_qty, purchase_uom, purchase_pack_qty, variant_label, spec, grade, variant_attrs, organization_id, created_at, updated_at) VALUES ('2e058e41-1d23-4362-8cfa-203f6dd74d1d', 'ELE-DECORASW-01', 'ca96e294-0215-4fa3-8f43-80372e0c0ec9', 'Leviton Decora 15A Switch White', '', 3.29, 1.6, 80, 5, '8d82ffd1-6f45-4ad9-a7c4-c80259bf95c7', 'ELE', '0012345000041', 'each', 'each', 1, 'each', 1, '', '', '', '{"amperage": "15A", "color": "white"}', 'supply-yard', '2025-09-18T12:00:00+00:00', '2026-03-16T12:00:00+00:00') ON CONFLICT DO NOTHING;
INSERT INTO skus (id, sku, product_family_id, name, description, price, cost, quantity, min_stock, category_id, category_name, barcode, base_unit, sell_uom, pack_qty, purchase_uom, purchase_pack_qty, variant_label, spec, grade, variant_attrs, organization_id, created_at, updated_at) VALUES ('b878533e-062c-4c6e-ace8-4c561a3d0821', 'ELE-DECORASW-02', 'ca96e294-0215-4fa3-8f43-80372e0c0ec9', 'Leviton Decora 15A Switch Ivory', '', 3.29, 1.6, 40, 5, '8d82ffd1-6f45-4ad9-a7c4-c80259bf95c7', 'ELE', '0012345000042', 'each', 'each', 1, 'each', 1, '', '', '', '{"amperage": "15A", "color": "ivory"}', 'supply-yard', '2025-09-18T12:00:00+00:00', '2026-03-16T12:00:00+00:00') ON CONFLICT DO NOTHING;
INSERT INTO products (id, name, description, category_id, category_name, sku_count, organization_id, created_at, updated_at) VALUES ('3babcc8a-7765-42d0-a002-f71a951645a3', 'Leviton GFCI Outlet', '', '8d82ffd1-6f45-4ad9-a7c4-c80259bf95c7', 'ELE', 1, 'supply-yard', '2025-09-18T12:00:00+00:00', '2025-09-18T12:00:00+00:00') ON CONFLICT DO NOTHING;
INSERT INTO skus (id, sku, product_family_id, name, description, price, cost, quantity, min_stock, category_id, category_name, barcode, base_unit, sell_uom, pack_qty, purchase_uom, purchase_pack_qty, variant_label, spec, grade, variant_attrs, organization_id, created_at, updated_at) VALUES ('9e43da00-6093-4bc3-87e2-dc0007d95a73', 'ELE-GFCI15-01', '3babcc8a-7765-42d0-a002-f71a951645a3', 'Leviton GFCI 15A Outlet White', '', 18.99, 10.5, 25, 5, '8d82ffd1-6f45-4ad9-a7c4-c80259bf95c7', 'ELE', '0012345000051', 'each', 'each', 1, 'each', 1, '', '', '', '{"amperage": "15A", "color": "white"}', 'supply-yard', '2025-09-18T12:00:00+00:00', '2026-03-16T12:00:00+00:00') ON CONFLICT DO NOTHING;
INSERT INTO products (id, name, description, category_id, category_name, sku_count, organization_id, created_at, updated_at) VALUES ('08299fd4-8a2f-4c2e-85e7-b9f4d086fe69', 'Sherwin-Williams SuperPaint', '', '8379dc92-110b-42bb-b36f-ac1345b24fa3', 'PNT', 3, 'supply-yard', '2025-09-18T12:00:00+00:00', '2025-09-18T12:00:00+00:00') ON CONFLICT DO NOTHING;
INSERT INTO skus (id, sku, product_family_id, name, description, price, cost, quantity, min_stock, category_id, category_name, barcode, base_unit, sell_uom, pack_qty, purchase_uom, purchase_pack_qty, variant_label, spec, grade, variant_attrs, organization_id, created_at, updated_at) VALUES ('d7174e83-8a60-4243-bfe5-4c0047e101ab', 'PNT-SWSUPER-01', '08299fd4-8a2f-4c2e-85e7-b9f4d086fe69', 'SW SuperPaint Interior Flat - Gallon', '', 52.99, 32.0, 20, 5, '8379dc92-110b-42bb-b36f-ac1345b24fa3', 'PNT', '0012345000061', 'gallon', 'gallon', 1, 'each', 1, '', '', '', '{"finish": "flat", "type": "interior"}', 'supply-yard', '2025-09-18T12:00:00+00:00', '2026-03-16T12:00:00+00:00') ON CONFLICT DO NOTHING;
INSERT INTO skus (id, sku, product_family_id, name, description, price, cost, quantity, min_stock, category_id, category_name, barcode, base_unit, sell_uom, pack_qty, purchase_uom, purchase_pack_qty, variant_label, spec, grade, variant_attrs, organization_id, created_at, updated_at) VALUES ('39d6d056-c36b-4e77-853d-4f0686a6d317', 'PNT-SWSUPER-02', '08299fd4-8a2f-4c2e-85e7-b9f4d086fe69', 'SW SuperPaint Interior Satin - Gallon', '', 56.99, 34.0, 18, 5, '8379dc92-110b-42bb-b36f-ac1345b24fa3', 'PNT', '0012345000062', 'gallon', 'gallon', 1, 'each', 1, '', '', '', '{"finish": "satin", "type": "interior"}', 'supply-yard', '2025-09-18T12:00:00+00:00', '2026-03-16T12:00:00+00:00') ON CONFLICT DO NOTHING;
INSERT INTO skus (id, sku, product_family_id, name, description, price, cost, quantity, min_stock, category_id, category_name, barcode, base_unit, sell_uom, pack_qty, purchase_uom, purchase_pack_qty, variant_label, spec, grade, variant_attrs, organization_id, created_at, updated_at) VALUES ('ecd23bc8-eb47-4209-a297-fff4ca80b6ac', 'PNT-SWSUPER-03', '08299fd4-8a2f-4c2e-85e7-b9f4d086fe69', 'SW SuperPaint Exterior Flat - Gallon', '', 58.99, 36.0, 12, 5, '8379dc92-110b-42bb-b36f-ac1345b24fa3', 'PNT', '0012345000063', 'gallon', 'gallon', 1, 'each', 1, '', '', '', '{"finish": "flat", "type": "exterior"}', 'supply-yard', '2025-09-18T12:00:00+00:00', '2026-03-16T12:00:00+00:00') ON CONFLICT DO NOTHING;
INSERT INTO products (id, name, description, category_id, category_name, sku_count, organization_id, created_at, updated_at) VALUES ('0d74010d-0d1e-4990-ac42-4f155025bc17', 'Paint Rollers', '', '5d16f148-b737-4bef-be70-3cad52dc7257', 'PNS', 2, 'supply-yard', '2025-09-18T12:00:00+00:00', '2025-09-18T12:00:00+00:00') ON CONFLICT DO NOTHING;
INSERT INTO skus (id, sku, product_family_id, name, description, price, cost, quantity, min_stock, category_id, category_name, barcode, base_unit, sell_uom, pack_qty, purchase_uom, purchase_pack_qty, variant_label, spec, grade, variant_attrs, organization_id, created_at, updated_at) VALUES ('1e0588fa-7c95-4f29-9514-e8dd6eca0f34', 'PNS-ROLLER9-01', '0d74010d-0d1e-4990-ac42-4f155025bc17', 'Purdy White Dove 9" Roller Cover 3/8" Nap', '', 8.99, 4.2, 30, 5, '5d16f148-b737-4bef-be70-3cad52dc7257', 'PNS', '0012345000071', 'each', 'each', 1, 'each', 1, '', '', '', '{"size": "9\"", "nap": "3/8\""}', 'supply-yard', '2025-09-18T12:00:00+00:00', '2026-03-16T12:00:00+00:00') ON CONFLICT DO NOTHING;
INSERT INTO skus (id, sku, product_family_id, name, description, price, cost, quantity, min_stock, category_id, category_name, barcode, base_unit, sell_uom, pack_qty, purchase_uom, purchase_pack_qty, variant_label, spec, grade, variant_attrs, organization_id, created_at, updated_at) VALUES ('3fe0349e-a40d-4095-8a33-4e3f5210e8ec', 'PNS-ROLLER9-02', '0d74010d-0d1e-4990-ac42-4f155025bc17', 'Purdy White Dove 9" Roller Cover 1/2" Nap', '', 9.49, 4.5, 25, 5, '5d16f148-b737-4bef-be70-3cad52dc7257', 'PNS', '0012345000072', 'each', 'each', 1, 'each', 1, '', '', '', '{"size": "9\"", "nap": "1/2\""}', 'supply-yard', '2025-09-18T12:00:00+00:00', '2026-03-16T12:00:00+00:00') ON CONFLICT DO NOTHING;
INSERT INTO products (id, name, description, category_id, category_name, sku_count, organization_id, created_at, updated_at) VALUES ('3cadb01f-f810-4aa0-9dc4-16b039df667d', 'Drywall Sheet', '', '2630c934-d778-466b-af53-6d7e71680192', 'BLD', 2, 'supply-yard', '2025-09-18T12:00:00+00:00', '2025-09-18T12:00:00+00:00') ON CONFLICT DO NOTHING;
INSERT INTO skus (id, sku, product_family_id, name, description, price, cost, quantity, min_stock, category_id, category_name, barcode, base_unit, sell_uom, pack_qty, purchase_uom, purchase_pack_qty, variant_label, spec, grade, variant_attrs, organization_id, created_at, updated_at) VALUES ('77b57bd9-5f31-4658-91c1-293dc8c5aa09', 'BLD-DRYWALL-01', '3cadb01f-f810-4aa0-9dc4-16b039df667d', '1/2" x 4x8 Drywall Sheet', '', 14.99, 8.2, 40, 5, '2630c934-d778-466b-af53-6d7e71680192', 'BLD', '0012345000081', 'sheet', 'sheet', 1, 'each', 1, '', '', '', '{"thickness": "1/2\"", "size": "4x8"}', 'supply-yard', '2025-09-18T12:00:00+00:00', '2026-03-16T12:00:00+00:00') ON CONFLICT DO NOTHING;
INSERT INTO skus (id, sku, product_family_id, name, description, price, cost, quantity, min_stock, category_id, category_name, barcode, base_unit, sell_uom, pack_qty, purchase_uom, purchase_pack_qty, variant_label, spec, grade, variant_attrs, organization_id, created_at, updated_at) VALUES ('50fd7bd8-9348-4ac8-9e8d-28e31387add1', 'BLD-DRYWALL-02', '3cadb01f-f810-4aa0-9dc4-16b039df667d', '5/8" x 4x8 Drywall Sheet', '', 17.49, 9.8, 25, 5, '2630c934-d778-466b-af53-6d7e71680192', 'BLD', '0012345000082', 'sheet', 'sheet', 1, 'each', 1, '', '', '', '{"thickness": "5/8\"", "size": "4x8"}', 'supply-yard', '2025-09-18T12:00:00+00:00', '2026-03-16T12:00:00+00:00') ON CONFLICT DO NOTHING;
INSERT INTO products (id, name, description, category_id, category_name, sku_count, organization_id, created_at, updated_at) VALUES ('d2eae233-8cca-4b16-aa87-a52a483b7647', 'Concrete Mix', '', '8a9ce70d-4245-466f-9063-f7196a68b3ec', 'CON', 2, 'supply-yard', '2025-09-18T12:00:00+00:00', '2025-09-18T12:00:00+00:00') ON CONFLICT DO NOTHING;
INSERT INTO skus (id, sku, product_family_id, name, description, price, cost, quantity, min_stock, category_id, category_name, barcode, base_unit, sell_uom, pack_qty, purchase_uom, purchase_pack_qty, variant_label, spec, grade, variant_attrs, organization_id, created_at, updated_at) VALUES ('755a6c4b-5cd1-4af7-bcbe-836dfe26b67c', 'CON-QUIKSET-01', 'd2eae233-8cca-4b16-aa87-a52a483b7647', 'Quikrete Fast-Setting Concrete 50lb', '', 7.49, 4.1, 35, 5, '8a9ce70d-4245-466f-9063-f7196a68b3ec', 'CON', '0012345000091', 'bag', 'bag', 1, 'each', 1, '', '', '', '{"weight": "50lb"}', 'supply-yard', '2025-09-18T12:00:00+00:00', '2026-03-16T12:00:00+00:00') ON CONFLICT DO NOTHING;
INSERT INTO skus (id, sku, product_family_id, name, description, price, cost, quantity, min_stock, category_id, category_name, barcode, base_unit, sell_uom, pack_qty, purchase_uom, purchase_pack_qty, variant_label, spec, grade, variant_attrs, organization_id, created_at, updated_at) VALUES ('ef819876-5cb3-45a4-be6e-a9400156e311', 'CON-QUIKSET-02', 'd2eae233-8cca-4b16-aa87-a52a483b7647', 'Quikrete Fast-Setting Concrete 80lb', '', 9.99, 5.6, 20, 5, '8a9ce70d-4245-466f-9063-f7196a68b3ec', 'CON', '0012345000092', 'bag', 'bag', 1, 'each', 1, '', '', '', '{"weight": "80lb"}', 'supply-yard', '2025-09-18T12:00:00+00:00', '2026-03-16T12:00:00+00:00') ON CONFLICT DO NOTHING;
INSERT INTO products (id, name, description, category_id, category_name, sku_count, organization_id, created_at, updated_at) VALUES ('faaf2d7b-c452-4c6f-a35a-cd43a3b91955', 'Dimensional Lumber', '', 'd7c9d231-8196-4c7c-90ea-3920c24f7b04', 'LUM', 3, 'supply-yard', '2025-09-18T12:00:00+00:00', '2025-09-18T12:00:00+00:00') ON CONFLICT DO NOTHING;
INSERT INTO skus (id, sku, product_family_id, name, description, price, cost, quantity, min_stock, category_id, category_name, barcode, base_unit, sell_uom, pack_qty, purchase_uom, purchase_pack_qty, variant_label, spec, grade, variant_attrs, organization_id, created_at, updated_at) VALUES ('021d2901-91f5-436f-bdcb-466d8e4325d4', 'LUM-STUDS2X4-01', 'faaf2d7b-c452-4c6f-a35a-cd43a3b91955', '2x4x8 SPF Stud', '', 4.29, 2.4, 120, 5, 'd7c9d231-8196-4c7c-90ea-3920c24f7b04', 'LUM', '0012345000101', 'each', 'each', 1, 'each', 1, '', '', '', '{"size": "2x4", "length": "8ft"}', 'supply-yard', '2025-09-18T12:00:00+00:00', '2026-03-16T12:00:00+00:00') ON CONFLICT DO NOTHING;
INSERT INTO skus (id, sku, product_family_id, name, description, price, cost, quantity, min_stock, category_id, category_name, barcode, base_unit, sell_uom, pack_qty, purchase_uom, purchase_pack_qty, variant_label, spec, grade, variant_attrs, organization_id, created_at, updated_at) VALUES ('8857eb9d-8644-44f0-b1b1-a2f8be8122c7', 'LUM-STUDS2X4-02', 'faaf2d7b-c452-4c6f-a35a-cd43a3b91955', '2x4x10 SPF Stud', '', 5.99, 3.4, 60, 5, 'd7c9d231-8196-4c7c-90ea-3920c24f7b04', 'LUM', '0012345000102', 'each', 'each', 1, 'each', 1, '', '', '', '{"size": "2x4", "length": "10ft"}', 'supply-yard', '2025-09-18T12:00:00+00:00', '2026-03-16T12:00:00+00:00') ON CONFLICT DO NOTHING;
INSERT INTO skus (id, sku, product_family_id, name, description, price, cost, quantity, min_stock, category_id, category_name, barcode, base_unit, sell_uom, pack_qty, purchase_uom, purchase_pack_qty, variant_label, spec, grade, variant_attrs, organization_id, created_at, updated_at) VALUES ('8fa78caf-7e72-420e-976b-ec12b14132d4', 'LUM-STUDS2X6-01', 'faaf2d7b-c452-4c6f-a35a-cd43a3b91955', '2x6x8 SPF', '', 6.99, 4.0, 50, 5, 'd7c9d231-8196-4c7c-90ea-3920c24f7b04', 'LUM', '0012345000103', 'each', 'each', 1, 'each', 1, '', '', '', '{"size": "2x6", "length": "8ft"}', 'supply-yard', '2025-09-18T12:00:00+00:00', '2026-03-16T12:00:00+00:00') ON CONFLICT DO NOTHING;
INSERT INTO products (id, name, description, category_id, category_name, sku_count, organization_id, created_at, updated_at) VALUES ('44b9fddb-acc1-450d-aba1-69fd92cd699d', 'Pressure Treated Deck Boards', '', 'd7c9d231-8196-4c7c-90ea-3920c24f7b04', 'LUM', 2, 'supply-yard', '2025-09-18T12:00:00+00:00', '2025-09-18T12:00:00+00:00') ON CONFLICT DO NOTHING;
INSERT INTO skus (id, sku, product_family_id, name, description, price, cost, quantity, min_stock, category_id, category_name, barcode, base_unit, sell_uom, pack_qty, purchase_uom, purchase_pack_qty, variant_label, spec, grade, variant_attrs, organization_id, created_at, updated_at) VALUES ('25e18161-d12e-46f7-862c-9d52a09b30f1', 'LUM-PTDECK-01', '44b9fddb-acc1-450d-aba1-69fd92cd699d', '5/4x6x12 PT Deck Board', '', 14.99, 8.8, 80, 5, 'd7c9d231-8196-4c7c-90ea-3920c24f7b04', 'LUM', '0012345000111', 'each', 'each', 1, 'each', 1, '', '', '', '{"size": "5/4x6", "length": "12ft"}', 'supply-yard', '2025-09-18T12:00:00+00:00', '2026-03-16T12:00:00+00:00') ON CONFLICT DO NOTHING;
INSERT INTO skus (id, sku, product_family_id, name, description, price, cost, quantity, min_stock, category_id, category_name, barcode, base_unit, sell_uom, pack_qty, purchase_uom, purchase_pack_qty, variant_label, spec, grade, variant_attrs, organization_id, created_at, updated_at) VALUES ('dcd16a65-d759-4885-a31b-a39548631179', 'LUM-PTDECK-02', '44b9fddb-acc1-450d-aba1-69fd92cd699d', '5/4x6x16 PT Deck Board', '', 19.99, 11.6, 40, 5, 'd7c9d231-8196-4c7c-90ea-3920c24f7b04', 'LUM', '0012345000112', 'each', 'each', 1, 'each', 1, '', '', '', '{"size": "5/4x6", "length": "16ft"}', 'supply-yard', '2025-09-18T12:00:00+00:00', '2026-03-16T12:00:00+00:00') ON CONFLICT DO NOTHING;
INSERT INTO products (id, name, description, category_id, category_name, sku_count, organization_id, created_at, updated_at) VALUES ('a2e2638d-33e8-4dda-a6ef-dd01d529fa61', 'Deck Screws', '', '7aa1e663-b73a-4b6d-9d25-d4d9b9c6e707', 'FAS', 2, 'supply-yard', '2025-09-18T12:00:00+00:00', '2025-09-18T12:00:00+00:00') ON CONFLICT DO NOTHING;
INSERT INTO skus (id, sku, product_family_id, name, description, price, cost, quantity, min_stock, category_id, category_name, barcode, base_unit, sell_uom, pack_qty, purchase_uom, purchase_pack_qty, variant_label, spec, grade, variant_attrs, organization_id, created_at, updated_at) VALUES ('df11d827-c5cf-487d-8bc2-ff34a4cf1af0', 'FAS-DECKSCR-01', 'a2e2638d-33e8-4dda-a6ef-dd01d529fa61', 'GRK #8 x 2-1/2" Deck Screw 100pk', '', 14.99, 7.8, 50, 5, '7aa1e663-b73a-4b6d-9d25-d4d9b9c6e707', 'FAS', '0012345000121', 'box', 'box', 1, 'each', 1, '', '', '', '{"size": "#8 x 2-1/2\"", "count": "100"}', 'supply-yard', '2025-09-18T12:00:00+00:00', '2026-03-16T12:00:00+00:00') ON CONFLICT DO NOTHING;
INSERT INTO skus (id, sku, product_family_id, name, description, price, cost, quantity, min_stock, category_id, category_name, barcode, base_unit, sell_uom, pack_qty, purchase_uom, purchase_pack_qty, variant_label, spec, grade, variant_attrs, organization_id, created_at, updated_at) VALUES ('7088ba8e-3b18-44b0-b8ae-9a7ce1ac251d', 'FAS-DECKSCR-02', 'a2e2638d-33e8-4dda-a6ef-dd01d529fa61', 'GRK #8 x 3" Deck Screw 100pk', '', 16.49, 8.6, 35, 5, '7aa1e663-b73a-4b6d-9d25-d4d9b9c6e707', 'FAS', '0012345000122', 'box', 'box', 1, 'each', 1, '', '', '', '{"size": "#8 x 3\"", "count": "100"}', 'supply-yard', '2025-09-18T12:00:00+00:00', '2026-03-16T12:00:00+00:00') ON CONFLICT DO NOTHING;
INSERT INTO products (id, name, description, category_id, category_name, sku_count, organization_id, created_at, updated_at) VALUES ('f1e34de7-4fca-4797-a299-85693b75968f', 'Drywall Screws', '', '7aa1e663-b73a-4b6d-9d25-d4d9b9c6e707', 'FAS', 1, 'supply-yard', '2025-09-18T12:00:00+00:00', '2025-09-18T12:00:00+00:00') ON CONFLICT DO NOTHING;
INSERT INTO skus (id, sku, product_family_id, name, description, price, cost, quantity, min_stock, category_id, category_name, barcode, base_unit, sell_uom, pack_qty, purchase_uom, purchase_pack_qty, variant_label, spec, grade, variant_attrs, organization_id, created_at, updated_at) VALUES ('c2286267-8087-4e4b-b5f4-77a514a346d2', 'FAS-DRYSCR-01', 'f1e34de7-4fca-4797-a299-85693b75968f', '#6 x 1-5/8" Drywall Screw 1lb', '', 5.99, 2.8, 40, 5, '7aa1e663-b73a-4b6d-9d25-d4d9b9c6e707', 'FAS', '0012345000131', 'box', 'box', 1, 'each', 1, '', '', '', '{"size": "#6 x 1-5/8\"", "weight": "1lb"}', 'supply-yard', '2025-09-18T12:00:00+00:00', '2026-03-16T12:00:00+00:00') ON CONFLICT DO NOTHING;
INSERT INTO products (id, name, description, category_id, category_name, sku_count, organization_id, created_at, updated_at) VALUES ('53bd4ef2-25d0-468c-b45f-5df7cbbc27d3', 'Furnace Filters', '', '84fcd511-e376-48de-a8cc-1a1554cf33c8', 'HVF', 2, 'supply-yard', '2025-09-18T12:00:00+00:00', '2025-09-18T12:00:00+00:00') ON CONFLICT DO NOTHING;
INSERT INTO skus (id, sku, product_family_id, name, description, price, cost, quantity, min_stock, category_id, category_name, barcode, base_unit, sell_uom, pack_qty, purchase_uom, purchase_pack_qty, variant_label, spec, grade, variant_attrs, organization_id, created_at, updated_at) VALUES ('87cdb1b1-fb2f-49ca-b2d6-404d63f508d6', 'HVF-FILTER16-01', '53bd4ef2-25d0-468c-b45f-5df7cbbc27d3', '16x20x1 MERV 8 Pleated Filter', '', 4.99, 2.2, 60, 5, '84fcd511-e376-48de-a8cc-1a1554cf33c8', 'HVF', '0012345000141', 'each', 'each', 1, 'each', 1, '', '', '', '{"size": "16x20x1", "merv": "8"}', 'supply-yard', '2025-09-18T12:00:00+00:00', '2026-03-16T12:00:00+00:00') ON CONFLICT DO NOTHING;
INSERT INTO skus (id, sku, product_family_id, name, description, price, cost, quantity, min_stock, category_id, category_name, barcode, base_unit, sell_uom, pack_qty, purchase_uom, purchase_pack_qty, variant_label, spec, grade, variant_attrs, organization_id, created_at, updated_at) VALUES ('9d2a2a02-3c0b-460f-a209-9a314b6f7e80', 'HVF-FILTER20-01', '53bd4ef2-25d0-468c-b45f-5df7cbbc27d3', '20x25x1 MERV 11 Pleated Filter', '', 7.99, 3.8, 40, 5, '84fcd511-e376-48de-a8cc-1a1554cf33c8', 'HVF', '0012345000142', 'each', 'each', 1, 'each', 1, '', '', '', '{"size": "20x25x1", "merv": "11"}', 'supply-yard', '2025-09-18T12:00:00+00:00', '2026-03-16T12:00:00+00:00') ON CONFLICT DO NOTHING;
INSERT INTO products (id, name, description, category_id, category_name, sku_count, organization_id, created_at, updated_at) VALUES ('4fd9e93f-8bd1-4045-a494-ae4743703af6', 'Construction Adhesive', '', '4753efba-dd4e-4b40-9c79-78c2090d1649', 'ADH', 2, 'supply-yard', '2025-09-18T12:00:00+00:00', '2025-09-18T12:00:00+00:00') ON CONFLICT DO NOTHING;
INSERT INTO skus (id, sku, product_family_id, name, description, price, cost, quantity, min_stock, category_id, category_name, barcode, base_unit, sell_uom, pack_qty, purchase_uom, purchase_pack_qty, variant_label, spec, grade, variant_attrs, organization_id, created_at, updated_at) VALUES ('1106f62b-d029-4dd1-a380-682f2c5bc9f7', 'ADH-LIQNAIL-01', '4fd9e93f-8bd1-4045-a494-ae4743703af6', 'Liquid Nails Heavy Duty 10oz', '', 5.49, 2.8, 35, 5, '4753efba-dd4e-4b40-9c79-78c2090d1649', 'ADH', '0012345000151', 'tube', 'tube', 1, 'each', 1, '', '', '', '{"volume": "10oz"}', 'supply-yard', '2025-09-18T12:00:00+00:00', '2026-03-16T12:00:00+00:00') ON CONFLICT DO NOTHING;
INSERT INTO skus (id, sku, product_family_id, name, description, price, cost, quantity, min_stock, category_id, category_name, barcode, base_unit, sell_uom, pack_qty, purchase_uom, purchase_pack_qty, variant_label, spec, grade, variant_attrs, organization_id, created_at, updated_at) VALUES ('0a489233-ff0b-478a-b6f5-874a12f2baf4', 'ADH-GORILL-01', '4fd9e93f-8bd1-4045-a494-ae4743703af6', 'Gorilla Construction Adhesive 9oz', '', 6.99, 3.6, 20, 5, '4753efba-dd4e-4b40-9c79-78c2090d1649', 'ADH', '0012345000152', 'tube', 'tube', 1, 'each', 1, '', '', '', '{"volume": "9oz"}', 'supply-yard', '2025-09-18T12:00:00+00:00', '2026-03-16T12:00:00+00:00') ON CONFLICT DO NOTHING;
INSERT INTO products (id, name, description, category_id, category_name, sku_count, organization_id, created_at, updated_at) VALUES ('20c0c853-2abc-47b6-877f-b8d008aa06ee', 'Joint Compound', '', '1776fb03-b333-4ccf-a02d-7a3f6098ba11', 'DRM', 1, 'supply-yard', '2025-09-18T12:00:00+00:00', '2025-09-18T12:00:00+00:00') ON CONFLICT DO NOTHING;
INSERT INTO skus (id, sku, product_family_id, name, description, price, cost, quantity, min_stock, category_id, category_name, barcode, base_unit, sell_uom, pack_qty, purchase_uom, purchase_pack_qty, variant_label, spec, grade, variant_attrs, organization_id, created_at, updated_at) VALUES ('561109f0-aff5-4697-b83a-47203273858d', 'DRM-JNTCMPD-01', '20c0c853-2abc-47b6-877f-b8d008aa06ee', 'USG Plus 3 Joint Compound 4.5gal', '', 18.99, 10.4, 15, 5, '1776fb03-b333-4ccf-a02d-7a3f6098ba11', 'DRM', '0012345000161', 'bucket', 'bucket', 1, 'each', 1, '', '', '', '{"weight": "4.5gal"}', 'supply-yard', '2025-09-18T12:00:00+00:00', '2026-03-16T12:00:00+00:00') ON CONFLICT DO NOTHING;
INSERT INTO products (id, name, description, category_id, category_name, sku_count, organization_id, created_at, updated_at) VALUES ('589e45b1-10e9-4e9a-a97a-32929c740e44', 'Drywall Tape', '', '3652aa63-495a-4f9c-86fd-11c8d8a6c403', 'DRS', 1, 'supply-yard', '2025-09-18T12:00:00+00:00', '2025-09-18T12:00:00+00:00') ON CONFLICT DO NOTHING;
INSERT INTO skus (id, sku, product_family_id, name, description, price, cost, quantity, min_stock, category_id, category_name, barcode, base_unit, sell_uom, pack_qty, purchase_uom, purchase_pack_qty, variant_label, spec, grade, variant_attrs, organization_id, created_at, updated_at) VALUES ('04d47b88-51b5-4b59-bcf5-f1710b43575b', 'DRS-DRYTAPE-01', '589e45b1-10e9-4e9a-a97a-32929c740e44', 'FibaTape Mesh Drywall Tape 300ft', '', 6.99, 3.2, 25, 5, '3652aa63-495a-4f9c-86fd-11c8d8a6c403', 'DRS', '0012345000171', 'roll', 'roll', 1, 'each', 1, '', '', '', '{"length": "300ft"}', 'supply-yard', '2025-09-18T12:00:00+00:00', '2026-03-16T12:00:00+00:00') ON CONFLICT DO NOTHING;
INSERT INTO products (id, name, description, category_id, category_name, sku_count, organization_id, created_at, updated_at) VALUES ('fac38e91-1cea-4e2e-833f-ce4bb276e240', 'Smoke Detectors', '', '83350dfc-87d7-45b3-bfc3-005ebd48940f', 'SAF', 1, 'supply-yard', '2025-09-18T12:00:00+00:00', '2025-09-18T12:00:00+00:00') ON CONFLICT DO NOTHING;
INSERT INTO skus (id, sku, product_family_id, name, description, price, cost, quantity, min_stock, category_id, category_name, barcode, base_unit, sell_uom, pack_qty, purchase_uom, purchase_pack_qty, variant_label, spec, grade, variant_attrs, organization_id, created_at, updated_at) VALUES ('da4457b6-d9f4-4416-9c4d-a6ec64f3165a', 'SAF-KIDDESM-01', 'fac38e91-1cea-4e2e-833f-ce4bb276e240', 'Kidde Hardwired Smoke + CO Detector', '', 42.99, 28.0, 18, 5, '83350dfc-87d7-45b3-bfc3-005ebd48940f', 'SAF', '0012345000181', 'each', 'each', 1, 'each', 1, '', '', '', '{}', 'supply-yard', '2025-09-18T12:00:00+00:00', '2026-03-16T12:00:00+00:00') ON CONFLICT DO NOTHING;
INSERT INTO products (id, name, description, category_id, category_name, sku_count, organization_id, created_at, updated_at) VALUES ('781eee61-a1fe-42b3-adb2-54ee50702f03', 'Roofing Shingles', '', '9c0f385b-e255-42aa-b228-89de1e6c51cc', 'ROF', 1, 'supply-yard', '2025-09-18T12:00:00+00:00', '2025-09-18T12:00:00+00:00') ON CONFLICT DO NOTHING;
INSERT INTO skus (id, sku, product_family_id, name, description, price, cost, quantity, min_stock, category_id, category_name, barcode, base_unit, sell_uom, pack_qty, purchase_uom, purchase_pack_qty, variant_label, spec, grade, variant_attrs, organization_id, created_at, updated_at) VALUES ('799238c1-8a06-4565-8fdb-4eadc4f31707', 'ROF-ARCHTAB-01', '781eee61-a1fe-42b3-adb2-54ee50702f03', 'GAF Timberline Architectural Shingle Bundle', '', 34.99, 22.0, 25, 5, '9c0f385b-e255-42aa-b228-89de1e6c51cc', 'ROF', '0012345000191', 'bundle', 'bundle', 1, 'each', 1, '', '', '', '{"style": "architectural"}', 'supply-yard', '2025-09-18T12:00:00+00:00', '2026-03-16T12:00:00+00:00') ON CONFLICT DO NOTHING;
INSERT INTO products (id, name, description, category_id, category_name, sku_count, organization_id, created_at, updated_at) VALUES ('c2a0b03a-64a7-43b9-94bc-bc0aa249843d', 'Hammers', '', 'd8563bd7-039a-4428-b36f-900a47909cff', 'HTL', 1, 'supply-yard', '2025-09-18T12:00:00+00:00', '2025-09-18T12:00:00+00:00') ON CONFLICT DO NOTHING;
INSERT INTO skus (id, sku, product_family_id, name, description, price, cost, quantity, min_stock, category_id, category_name, barcode, base_unit, sell_uom, pack_qty, purchase_uom, purchase_pack_qty, variant_label, spec, grade, variant_attrs, organization_id, created_at, updated_at) VALUES ('8ca05447-2484-471a-b78d-42a01a72fa1a', 'HTL-FRAMHAM-01', 'c2a0b03a-64a7-43b9-94bc-bc0aa249843d', 'Estwing 22oz Framing Hammer', '', 34.99, 19.0, 10, 5, 'd8563bd7-039a-4428-b36f-900a47909cff', 'HTL', '0012345000201', 'each', 'each', 1, 'each', 1, '', '', '', '{"weight": "22oz"}', 'supply-yard', '2025-09-18T12:00:00+00:00', '2026-03-16T12:00:00+00:00') ON CONFLICT DO NOTHING;
INSERT INTO products (id, name, description, category_id, category_name, sku_count, organization_id, created_at, updated_at) VALUES ('d057d885-52a7-4700-bfb7-6502a8c2abc1', 'Cleanup Supplies', '', '313f1cc6-179e-4d5c-af10-c531d956a489', 'CLN', 1, 'supply-yard', '2025-09-18T12:00:00+00:00', '2025-09-18T12:00:00+00:00') ON CONFLICT DO NOTHING;
INSERT INTO skus (id, sku, product_family_id, name, description, price, cost, quantity, min_stock, category_id, category_name, barcode, base_unit, sell_uom, pack_qty, purchase_uom, purchase_pack_qty, variant_label, spec, grade, variant_attrs, organization_id, created_at, updated_at) VALUES ('289216cb-2c90-40ae-b762-69a374a7aa60', 'CLN-PREPWIPE-01', 'd057d885-52a7-4700-bfb7-6502a8c2abc1', 'Sherwin-Williams Prep & Cleanup Wipes', '', 9.99, 5.2, 30, 5, '313f1cc6-179e-4d5c-af10-c531d956a489', 'CLN', '0012345000211', 'pack', 'pack', 1, 'each', 1, '', '', '', '{}', 'supply-yard', '2025-09-18T12:00:00+00:00', '2026-03-16T12:00:00+00:00') ON CONFLICT DO NOTHING;
INSERT INTO products (id, name, description, category_id, category_name, sku_count, organization_id, created_at, updated_at) VALUES ('ee91c5ce-27e0-41a2-a745-aa53e7554c34', 'Deadbolts', '', 'b3aa34d8-3211-4516-9446-b9c5a12329e9', 'LOK', 2, 'supply-yard', '2025-09-18T12:00:00+00:00', '2025-09-18T12:00:00+00:00') ON CONFLICT DO NOTHING;
INSERT INTO skus (id, sku, product_family_id, name, description, price, cost, quantity, min_stock, category_id, category_name, barcode, base_unit, sell_uom, pack_qty, purchase_uom, purchase_pack_qty, variant_label, spec, grade, variant_attrs, organization_id, created_at, updated_at) VALUES ('61716a2f-3bc2-4bac-b5b2-b6e10d75e99d', 'LOK-KWIKDBL-01', 'ee91c5ce-27e0-41a2-a745-aa53e7554c34', 'Kwikset Deadbolt Satin Nickel', '', 29.99, 16.0, 12, 5, 'b3aa34d8-3211-4516-9446-b9c5a12329e9', 'LOK', '0012345000221', 'each', 'each', 1, 'each', 1, '', '', '', '{"finish": "satin nickel"}', 'supply-yard', '2025-09-18T12:00:00+00:00', '2026-03-16T12:00:00+00:00') ON CONFLICT DO NOTHING;
INSERT INTO skus (id, sku, product_family_id, name, description, price, cost, quantity, min_stock, category_id, category_name, barcode, base_unit, sell_uom, pack_qty, purchase_uom, purchase_pack_qty, variant_label, spec, grade, variant_attrs, organization_id, created_at, updated_at) VALUES ('6f404d02-a49d-4389-ae62-2fad922b53fc', 'LOK-KWIKDBL-02', 'ee91c5ce-27e0-41a2-a745-aa53e7554c34', 'Kwikset Deadbolt Oil-Rubbed Bronze', '', 32.99, 18.0, 8, 5, 'b3aa34d8-3211-4516-9446-b9c5a12329e9', 'LOK', '0012345000222', 'each', 'each', 1, 'each', 1, '', '', '', '{"finish": "oil-rubbed bronze"}', 'supply-yard', '2025-09-18T12:00:00+00:00', '2026-03-16T12:00:00+00:00') ON CONFLICT DO NOTHING;
INSERT INTO products (id, name, description, category_id, category_name, sku_count, organization_id, created_at, updated_at) VALUES ('037c13f6-1a48-4460-85d1-0623fcf1c1ea', 'Fiberglass Insulation', '', '2509a408-d4a9-4400-89cf-f3f672682b84', 'INS', 1, 'supply-yard', '2025-09-18T12:00:00+00:00', '2025-09-18T12:00:00+00:00') ON CONFLICT DO NOTHING;
INSERT INTO skus (id, sku, product_family_id, name, description, price, cost, quantity, min_stock, category_id, category_name, barcode, base_unit, sell_uom, pack_qty, purchase_uom, purchase_pack_qty, variant_label, spec, grade, variant_attrs, organization_id, created_at, updated_at) VALUES ('8f11b463-0036-4ced-80f2-8e675876e1cc', 'INS-OWENR15-01', '037c13f6-1a48-4460-85d1-0623fcf1c1ea', 'Owens Corning R-15 3.5" x 15" x 93" 8-pack', '', 49.99, 28.0, 20, 5, '2509a408-d4a9-4400-89cf-f3f672682b84', 'INS', '0012345000231', 'pack', 'pack', 1, 'each', 1, '', '', '', '{"r_value": "R-15"}', 'supply-yard', '2025-09-18T12:00:00+00:00', '2026-03-16T12:00:00+00:00') ON CONFLICT DO NOTHING;
INSERT INTO products (id, name, description, category_id, category_name, sku_count, organization_id, created_at, updated_at) VALUES ('3909dafc-5401-49e3-9b4d-ad8456266c91', 'LVP Flooring', '', 'a6ed9c65-2c07-4c67-8922-964b3f9ab124', 'FLO', 1, 'supply-yard', '2025-09-18T12:00:00+00:00', '2025-09-18T12:00:00+00:00') ON CONFLICT DO NOTHING;
INSERT INTO skus (id, sku, product_family_id, name, description, price, cost, quantity, min_stock, category_id, category_name, barcode, base_unit, sell_uom, pack_qty, purchase_uom, purchase_pack_qty, variant_label, spec, grade, variant_attrs, organization_id, created_at, updated_at) VALUES ('d9760d12-941d-4e8b-a79f-fe85d933d7db', 'FLO-LVPOAK-01', '3909dafc-5401-49e3-9b4d-ad8456266c91', 'LifeProof Sterling Oak LVP 20.06sqft', '', 42.99, 24.0, 30, 5, 'a6ed9c65-2c07-4c67-8922-964b3f9ab124', 'FLO', '0012345000241', 'box', 'box', 1, 'each', 1, '', '', '', '{"style": "sterling oak", "sqft": "20.06"}', 'supply-yard', '2025-09-18T12:00:00+00:00', '2026-03-16T12:00:00+00:00') ON CONFLICT DO NOTHING;
INSERT INTO vendor_items (id, vendor_id, sku_id, vendor_sku, vendor_name, purchase_uom, purchase_pack_qty, cost, lead_time_days, moq, is_preferred, organization_id, created_at, updated_at) VALUES ('c16db01d-ea9c-4326-a9f2-9dce28402ad8', '9da8de3b-e547-41c5-b35e-19bd384348fd', 'f509e4c3-86ae-4a0a-9dcd-0d4d4c4b5e51', 'PLP-PEXTUBE-01', 'The Home Depot Pro', 'each', 1, 24.5, 5, 1, 1, 'supply-yard', '2025-12-17T12:00:00+00:00', '2025-12-17T12:00:00+00:00') ON CONFLICT (vendor_id, sku_id) DO NOTHING;
INSERT INTO vendor_items (id, vendor_id, sku_id, vendor_sku, vendor_name, purchase_uom, purchase_pack_qty, cost, lead_time_days, moq, is_preferred, organization_id, created_at, updated_at) VALUES ('bec1e69b-f48b-4802-8018-b7589a4a496c', '9da8de3b-e547-41c5-b35e-19bd384348fd', 'eaf99461-7ce1-4ac4-9571-2c0ce132ad3a', 'PLP-PEXTUBE-02', 'The Home Depot Pro', 'each', 1, 24.5, 5, 1, 1, 'supply-yard', '2025-12-17T12:00:00+00:00', '2025-12-17T12:00:00+00:00') ON CONFLICT (vendor_id, sku_id) DO NOTHING;
INSERT INTO vendor_items (id, vendor_id, sku_id, vendor_sku, vendor_name, purchase_uom, purchase_pack_qty, cost, lead_time_days, moq, is_preferred, organization_id, created_at, updated_at) VALUES ('82f0217c-b9fe-4b0e-8c33-e5c2dcb14251', '9da8de3b-e547-41c5-b35e-19bd384348fd', '75b2c67c-3b11-412e-81e5-effbc0fa2833', 'PLP-PEXTUBE-03', 'The Home Depot Pro', 'each', 1, 38.0, 5, 1, 1, 'supply-yard', '2025-12-17T12:00:00+00:00', '2025-12-17T12:00:00+00:00') ON CONFLICT (vendor_id, sku_id) DO NOTHING;
INSERT INTO vendor_items (id, vendor_id, sku_id, vendor_sku, vendor_name, purchase_uom, purchase_pack_qty, cost, lead_time_days, moq, is_preferred, organization_id, created_at, updated_at) VALUES ('002c1814-f4ec-4fbe-85ca-0115fb864f8a', '9da8de3b-e547-41c5-b35e-19bd384348fd', '3d59ce91-308a-4749-bb99-4c8b03d284d8', 'PLF-SHRKBT90-01', 'The Home Depot Pro', 'each', 1, 4.8, 5, 1, 1, 'supply-yard', '2025-12-17T12:00:00+00:00', '2025-12-17T12:00:00+00:00') ON CONFLICT (vendor_id, sku_id) DO NOTHING;
INSERT INTO vendor_items (id, vendor_id, sku_id, vendor_sku, vendor_name, purchase_uom, purchase_pack_qty, cost, lead_time_days, moq, is_preferred, organization_id, created_at, updated_at) VALUES ('162c0e8f-d141-4dda-86c8-7d27d9105166', '9da8de3b-e547-41c5-b35e-19bd384348fd', 'eaba46e1-5256-40c5-b280-6d8b71cba485', 'PLF-SHRKBTT-01', 'The Home Depot Pro', 'each', 1, 5.6, 5, 1, 1, 'supply-yard', '2025-12-17T12:00:00+00:00', '2025-12-17T12:00:00+00:00') ON CONFLICT (vendor_id, sku_id) DO NOTHING;
INSERT INTO vendor_items (id, vendor_id, sku_id, vendor_sku, vendor_name, purchase_uom, purchase_pack_qty, cost, lead_time_days, moq, is_preferred, organization_id, created_at, updated_at) VALUES ('5a3b4db9-830f-4743-91e6-61b9747c4209', '9da8de3b-e547-41c5-b35e-19bd384348fd', '3e75a142-ee21-476e-af7d-1ae21892962e', 'PLF-SHRKBTCP-01', 'The Home Depot Pro', 'each', 1, 3.4, 5, 1, 1, 'supply-yard', '2025-12-17T12:00:00+00:00', '2025-12-17T12:00:00+00:00') ON CONFLICT (vendor_id, sku_id) DO NOTHING;
INSERT INTO vendor_items (id, vendor_id, sku_id, vendor_sku, vendor_name, purchase_uom, purchase_pack_qty, cost, lead_time_days, moq, is_preferred, organization_id, created_at, updated_at) VALUES ('74983513-884e-4e16-8c2f-4631c3155127', '9da8de3b-e547-41c5-b35e-19bd384348fd', '97ad374e-3173-4994-b4ac-1f45ce5fbdf1', 'ELW-ROMEX14-01', 'The Home Depot Pro', 'each', 1, 52.0, 5, 1, 1, 'supply-yard', '2025-12-17T12:00:00+00:00', '2025-12-17T12:00:00+00:00') ON CONFLICT (vendor_id, sku_id) DO NOTHING;
INSERT INTO vendor_items (id, vendor_id, sku_id, vendor_sku, vendor_name, purchase_uom, purchase_pack_qty, cost, lead_time_days, moq, is_preferred, organization_id, created_at, updated_at) VALUES ('a8c85667-c402-46eb-87bc-ac4227433a6f', '9da8de3b-e547-41c5-b35e-19bd384348fd', '346fdc27-3bf0-4af2-924e-7091a39b49f0', 'ELW-ROMEX12-01', 'The Home Depot Pro', 'each', 1, 72.0, 5, 1, 1, 'supply-yard', '2025-12-17T12:00:00+00:00', '2025-12-17T12:00:00+00:00') ON CONFLICT (vendor_id, sku_id) DO NOTHING;
INSERT INTO vendor_items (id, vendor_id, sku_id, vendor_sku, vendor_name, purchase_uom, purchase_pack_qty, cost, lead_time_days, moq, is_preferred, organization_id, created_at, updated_at) VALUES ('a0f88ecc-0f71-417c-9abb-94f476bb9aeb', '9da8de3b-e547-41c5-b35e-19bd384348fd', '2e058e41-1d23-4362-8cfa-203f6dd74d1d', 'ELE-DECORASW-01', 'The Home Depot Pro', 'each', 1, 1.6, 5, 1, 1, 'supply-yard', '2025-12-17T12:00:00+00:00', '2025-12-17T12:00:00+00:00') ON CONFLICT (vendor_id, sku_id) DO NOTHING;
INSERT INTO vendor_items (id, vendor_id, sku_id, vendor_sku, vendor_name, purchase_uom, purchase_pack_qty, cost, lead_time_days, moq, is_preferred, organization_id, created_at, updated_at) VALUES ('3bce2d8d-e284-43e1-999c-fe9a92aa8758', '9da8de3b-e547-41c5-b35e-19bd384348fd', 'b878533e-062c-4c6e-ace8-4c561a3d0821', 'ELE-DECORASW-02', 'The Home Depot Pro', 'each', 1, 1.6, 5, 1, 1, 'supply-yard', '2025-12-17T12:00:00+00:00', '2025-12-17T12:00:00+00:00') ON CONFLICT (vendor_id, sku_id) DO NOTHING;
INSERT INTO vendor_items (id, vendor_id, sku_id, vendor_sku, vendor_name, purchase_uom, purchase_pack_qty, cost, lead_time_days, moq, is_preferred, organization_id, created_at, updated_at) VALUES ('f327393e-131d-47a4-b933-80a8ce312eb1', '9da8de3b-e547-41c5-b35e-19bd384348fd', '9e43da00-6093-4bc3-87e2-dc0007d95a73', 'ELE-GFCI15-01', 'The Home Depot Pro', 'each', 1, 10.5, 5, 1, 1, 'supply-yard', '2025-12-17T12:00:00+00:00', '2025-12-17T12:00:00+00:00') ON CONFLICT (vendor_id, sku_id) DO NOTHING;
INSERT INTO vendor_items (id, vendor_id, sku_id, vendor_sku, vendor_name, purchase_uom, purchase_pack_qty, cost, lead_time_days, moq, is_preferred, organization_id, created_at, updated_at) VALUES ('f6d3be24-0eea-4928-8c7d-c91b243d7cbf', '3416f02d-424d-4d69-8557-997907d232f1', 'd7174e83-8a60-4243-bfe5-4c0047e101ab', 'PNT-SWSUPER-01', 'Sherwin-Williams', 'each', 1, 32.0, 5, 1, 1, 'supply-yard', '2025-12-17T12:00:00+00:00', '2025-12-17T12:00:00+00:00') ON CONFLICT (vendor_id, sku_id) DO NOTHING;
INSERT INTO vendor_items (id, vendor_id, sku_id, vendor_sku, vendor_name, purchase_uom, purchase_pack_qty, cost, lead_time_days, moq, is_preferred, organization_id, created_at, updated_at) VALUES ('ba97082a-db1a-4123-a964-50835eb814e5', '3416f02d-424d-4d69-8557-997907d232f1', '39d6d056-c36b-4e77-853d-4f0686a6d317', 'PNT-SWSUPER-02', 'Sherwin-Williams', 'each', 1, 34.0, 5, 1, 1, 'supply-yard', '2025-12-17T12:00:00+00:00', '2025-12-17T12:00:00+00:00') ON CONFLICT (vendor_id, sku_id) DO NOTHING;
INSERT INTO vendor_items (id, vendor_id, sku_id, vendor_sku, vendor_name, purchase_uom, purchase_pack_qty, cost, lead_time_days, moq, is_preferred, organization_id, created_at, updated_at) VALUES ('6ad53f74-a8fb-47ce-91c0-f9830860cff9', '3416f02d-424d-4d69-8557-997907d232f1', 'ecd23bc8-eb47-4209-a297-fff4ca80b6ac', 'PNT-SWSUPER-03', 'Sherwin-Williams', 'each', 1, 36.0, 5, 1, 1, 'supply-yard', '2025-12-17T12:00:00+00:00', '2025-12-17T12:00:00+00:00') ON CONFLICT (vendor_id, sku_id) DO NOTHING;
INSERT INTO vendor_items (id, vendor_id, sku_id, vendor_sku, vendor_name, purchase_uom, purchase_pack_qty, cost, lead_time_days, moq, is_preferred, organization_id, created_at, updated_at) VALUES ('c38db63f-0510-481e-b8d1-2b285ae38060', '3416f02d-424d-4d69-8557-997907d232f1', '1e0588fa-7c95-4f29-9514-e8dd6eca0f34', 'PNS-ROLLER9-01', 'Sherwin-Williams', 'each', 1, 4.2, 5, 1, 1, 'supply-yard', '2025-12-17T12:00:00+00:00', '2025-12-17T12:00:00+00:00') ON CONFLICT (vendor_id, sku_id) DO NOTHING;
INSERT INTO vendor_items (id, vendor_id, sku_id, vendor_sku, vendor_name, purchase_uom, purchase_pack_qty, cost, lead_time_days, moq, is_preferred, organization_id, created_at, updated_at) VALUES ('82314541-5f53-49ad-a8d2-068fabb2fe3e', '3416f02d-424d-4d69-8557-997907d232f1', '3fe0349e-a40d-4095-8a33-4e3f5210e8ec', 'PNS-ROLLER9-02', 'Sherwin-Williams', 'each', 1, 4.5, 5, 1, 1, 'supply-yard', '2025-12-17T12:00:00+00:00', '2025-12-17T12:00:00+00:00') ON CONFLICT (vendor_id, sku_id) DO NOTHING;
INSERT INTO vendor_items (id, vendor_id, sku_id, vendor_sku, vendor_name, purchase_uom, purchase_pack_qty, cost, lead_time_days, moq, is_preferred, organization_id, created_at, updated_at) VALUES ('9bad9ac3-f36a-4e9b-9341-36f2adc54a87', '80627dc3-b450-4baf-8625-e36e1dc4d5cc', '77b57bd9-5f31-4658-91c1-293dc8c5aa09', 'BLD-DRYWALL-01', 'Emery Jensen Distribution', 'each', 1, 8.2, 5, 1, 1, 'supply-yard', '2025-12-17T12:00:00+00:00', '2025-12-17T12:00:00+00:00') ON CONFLICT (vendor_id, sku_id) DO NOTHING;
INSERT INTO vendor_items (id, vendor_id, sku_id, vendor_sku, vendor_name, purchase_uom, purchase_pack_qty, cost, lead_time_days, moq, is_preferred, organization_id, created_at, updated_at) VALUES ('e15a84af-e3fc-4022-b81e-6cb24ed3650b', '80627dc3-b450-4baf-8625-e36e1dc4d5cc', '50fd7bd8-9348-4ac8-9e8d-28e31387add1', 'BLD-DRYWALL-02', 'Emery Jensen Distribution', 'each', 1, 9.8, 5, 1, 1, 'supply-yard', '2025-12-17T12:00:00+00:00', '2025-12-17T12:00:00+00:00') ON CONFLICT (vendor_id, sku_id) DO NOTHING;
INSERT INTO vendor_items (id, vendor_id, sku_id, vendor_sku, vendor_name, purchase_uom, purchase_pack_qty, cost, lead_time_days, moq, is_preferred, organization_id, created_at, updated_at) VALUES ('37dae012-443e-4286-ad72-42f72be6815d', '80627dc3-b450-4baf-8625-e36e1dc4d5cc', '755a6c4b-5cd1-4af7-bcbe-836dfe26b67c', 'CON-QUIKSET-01', 'Emery Jensen Distribution', 'each', 1, 4.1, 5, 1, 1, 'supply-yard', '2025-12-17T12:00:00+00:00', '2025-12-17T12:00:00+00:00') ON CONFLICT (vendor_id, sku_id) DO NOTHING;
INSERT INTO vendor_items (id, vendor_id, sku_id, vendor_sku, vendor_name, purchase_uom, purchase_pack_qty, cost, lead_time_days, moq, is_preferred, organization_id, created_at, updated_at) VALUES ('a893a9b2-5701-43b4-87fb-92b00b1c4784', '80627dc3-b450-4baf-8625-e36e1dc4d5cc', 'ef819876-5cb3-45a4-be6e-a9400156e311', 'CON-QUIKSET-02', 'Emery Jensen Distribution', 'each', 1, 5.6, 5, 1, 1, 'supply-yard', '2025-12-17T12:00:00+00:00', '2025-12-17T12:00:00+00:00') ON CONFLICT (vendor_id, sku_id) DO NOTHING;
INSERT INTO vendor_items (id, vendor_id, sku_id, vendor_sku, vendor_name, purchase_uom, purchase_pack_qty, cost, lead_time_days, moq, is_preferred, organization_id, created_at, updated_at) VALUES ('a8f77b6d-5b56-4e1c-8524-b1dd2ff1548b', '80627dc3-b450-4baf-8625-e36e1dc4d5cc', '021d2901-91f5-436f-bdcb-466d8e4325d4', 'LUM-STUDS2X4-01', 'Emery Jensen Distribution', 'each', 1, 2.4, 5, 1, 1, 'supply-yard', '2025-12-17T12:00:00+00:00', '2025-12-17T12:00:00+00:00') ON CONFLICT (vendor_id, sku_id) DO NOTHING;
INSERT INTO vendor_items (id, vendor_id, sku_id, vendor_sku, vendor_name, purchase_uom, purchase_pack_qty, cost, lead_time_days, moq, is_preferred, organization_id, created_at, updated_at) VALUES ('7abe4b47-4603-4eed-8620-a9852d27661a', '80627dc3-b450-4baf-8625-e36e1dc4d5cc', '8857eb9d-8644-44f0-b1b1-a2f8be8122c7', 'LUM-STUDS2X4-02', 'Emery Jensen Distribution', 'each', 1, 3.4, 5, 1, 1, 'supply-yard', '2025-12-17T12:00:00+00:00', '2025-12-17T12:00:00+00:00') ON CONFLICT (vendor_id, sku_id) DO NOTHING;
INSERT INTO vendor_items (id, vendor_id, sku_id, vendor_sku, vendor_name, purchase_uom, purchase_pack_qty, cost, lead_time_days, moq, is_preferred, organization_id, created_at, updated_at) VALUES ('f3f95f75-f4bc-4103-a3aa-df079b5df42a', '80627dc3-b450-4baf-8625-e36e1dc4d5cc', '8fa78caf-7e72-420e-976b-ec12b14132d4', 'LUM-STUDS2X6-01', 'Emery Jensen Distribution', 'each', 1, 4.0, 5, 1, 1, 'supply-yard', '2025-12-17T12:00:00+00:00', '2025-12-17T12:00:00+00:00') ON CONFLICT (vendor_id, sku_id) DO NOTHING;
INSERT INTO vendor_items (id, vendor_id, sku_id, vendor_sku, vendor_name, purchase_uom, purchase_pack_qty, cost, lead_time_days, moq, is_preferred, organization_id, created_at, updated_at) VALUES ('79198165-cbf3-410a-8325-fcdd0debcba8', '80627dc3-b450-4baf-8625-e36e1dc4d5cc', '25e18161-d12e-46f7-862c-9d52a09b30f1', 'LUM-PTDECK-01', 'Emery Jensen Distribution', 'each', 1, 8.8, 5, 1, 1, 'supply-yard', '2025-12-17T12:00:00+00:00', '2025-12-17T12:00:00+00:00') ON CONFLICT (vendor_id, sku_id) DO NOTHING;
INSERT INTO vendor_items (id, vendor_id, sku_id, vendor_sku, vendor_name, purchase_uom, purchase_pack_qty, cost, lead_time_days, moq, is_preferred, organization_id, created_at, updated_at) VALUES ('015436e7-2b59-4fb5-891a-c22f7fa4a466', '80627dc3-b450-4baf-8625-e36e1dc4d5cc', 'dcd16a65-d759-4885-a31b-a39548631179', 'LUM-PTDECK-02', 'Emery Jensen Distribution', 'each', 1, 11.6, 5, 1, 1, 'supply-yard', '2025-12-17T12:00:00+00:00', '2025-12-17T12:00:00+00:00') ON CONFLICT (vendor_id, sku_id) DO NOTHING;
INSERT INTO vendor_items (id, vendor_id, sku_id, vendor_sku, vendor_name, purchase_uom, purchase_pack_qty, cost, lead_time_days, moq, is_preferred, organization_id, created_at, updated_at) VALUES ('adf7b439-2f8c-4b5a-a7fd-a05d0bffcfb8', '80627dc3-b450-4baf-8625-e36e1dc4d5cc', 'df11d827-c5cf-487d-8bc2-ff34a4cf1af0', 'FAS-DECKSCR-01', 'Emery Jensen Distribution', 'each', 1, 7.8, 5, 1, 1, 'supply-yard', '2025-12-17T12:00:00+00:00', '2025-12-17T12:00:00+00:00') ON CONFLICT (vendor_id, sku_id) DO NOTHING;
INSERT INTO vendor_items (id, vendor_id, sku_id, vendor_sku, vendor_name, purchase_uom, purchase_pack_qty, cost, lead_time_days, moq, is_preferred, organization_id, created_at, updated_at) VALUES ('c024a678-3ca3-4978-a718-80cda6523e02', '80627dc3-b450-4baf-8625-e36e1dc4d5cc', '7088ba8e-3b18-44b0-b8ae-9a7ce1ac251d', 'FAS-DECKSCR-02', 'Emery Jensen Distribution', 'each', 1, 8.6, 5, 1, 1, 'supply-yard', '2025-12-17T12:00:00+00:00', '2025-12-17T12:00:00+00:00') ON CONFLICT (vendor_id, sku_id) DO NOTHING;
INSERT INTO vendor_items (id, vendor_id, sku_id, vendor_sku, vendor_name, purchase_uom, purchase_pack_qty, cost, lead_time_days, moq, is_preferred, organization_id, created_at, updated_at) VALUES ('117eff18-e7b7-402c-9208-e70016414694', '80627dc3-b450-4baf-8625-e36e1dc4d5cc', 'c2286267-8087-4e4b-b5f4-77a514a346d2', 'FAS-DRYSCR-01', 'Emery Jensen Distribution', 'each', 1, 2.8, 5, 1, 1, 'supply-yard', '2025-12-17T12:00:00+00:00', '2025-12-17T12:00:00+00:00') ON CONFLICT (vendor_id, sku_id) DO NOTHING;
INSERT INTO vendor_items (id, vendor_id, sku_id, vendor_sku, vendor_name, purchase_uom, purchase_pack_qty, cost, lead_time_days, moq, is_preferred, organization_id, created_at, updated_at) VALUES ('e4d3c0ae-d261-49c2-872f-d367b071869b', 'cda183a4-da2c-4877-9de9-1b5a8a660b1a', '87cdb1b1-fb2f-49ca-b2d6-404d63f508d6', 'HVF-FILTER16-01', 'Amazon Business', 'each', 1, 2.2, 5, 1, 1, 'supply-yard', '2025-12-17T12:00:00+00:00', '2025-12-17T12:00:00+00:00') ON CONFLICT (vendor_id, sku_id) DO NOTHING;
INSERT INTO vendor_items (id, vendor_id, sku_id, vendor_sku, vendor_name, purchase_uom, purchase_pack_qty, cost, lead_time_days, moq, is_preferred, organization_id, created_at, updated_at) VALUES ('0f37e48c-7df2-4eef-b15e-a7548f0868d1', 'cda183a4-da2c-4877-9de9-1b5a8a660b1a', '9d2a2a02-3c0b-460f-a209-9a314b6f7e80', 'HVF-FILTER20-01', 'Amazon Business', 'each', 1, 3.8, 5, 1, 1, 'supply-yard', '2025-12-17T12:00:00+00:00', '2025-12-17T12:00:00+00:00') ON CONFLICT (vendor_id, sku_id) DO NOTHING;
INSERT INTO vendor_items (id, vendor_id, sku_id, vendor_sku, vendor_name, purchase_uom, purchase_pack_qty, cost, lead_time_days, moq, is_preferred, organization_id, created_at, updated_at) VALUES ('d4173290-23d7-43c7-9f8f-99e42c04d0ae', 'cda183a4-da2c-4877-9de9-1b5a8a660b1a', '1106f62b-d029-4dd1-a380-682f2c5bc9f7', 'ADH-LIQNAIL-01', 'Amazon Business', 'each', 1, 2.8, 5, 1, 1, 'supply-yard', '2025-12-17T12:00:00+00:00', '2025-12-17T12:00:00+00:00') ON CONFLICT (vendor_id, sku_id) DO NOTHING;
INSERT INTO vendor_items (id, vendor_id, sku_id, vendor_sku, vendor_name, purchase_uom, purchase_pack_qty, cost, lead_time_days, moq, is_preferred, organization_id, created_at, updated_at) VALUES ('330d4e29-5ced-4e17-9239-ddad78bffe8f', 'cda183a4-da2c-4877-9de9-1b5a8a660b1a', '0a489233-ff0b-478a-b6f5-874a12f2baf4', 'ADH-GORILL-01', 'Amazon Business', 'each', 1, 3.6, 5, 1, 1, 'supply-yard', '2025-12-17T12:00:00+00:00', '2025-12-17T12:00:00+00:00') ON CONFLICT (vendor_id, sku_id) DO NOTHING;
INSERT INTO vendor_items (id, vendor_id, sku_id, vendor_sku, vendor_name, purchase_uom, purchase_pack_qty, cost, lead_time_days, moq, is_preferred, organization_id, created_at, updated_at) VALUES ('0762e434-027f-4567-bf06-900613c625b3', '80627dc3-b450-4baf-8625-e36e1dc4d5cc', '561109f0-aff5-4697-b83a-47203273858d', 'DRM-JNTCMPD-01', 'Emery Jensen Distribution', 'each', 1, 10.4, 5, 1, 1, 'supply-yard', '2025-12-17T12:00:00+00:00', '2025-12-17T12:00:00+00:00') ON CONFLICT (vendor_id, sku_id) DO NOTHING;
INSERT INTO vendor_items (id, vendor_id, sku_id, vendor_sku, vendor_name, purchase_uom, purchase_pack_qty, cost, lead_time_days, moq, is_preferred, organization_id, created_at, updated_at) VALUES ('8c116673-d25b-4d35-a3bd-2b2303cd01fa', '80627dc3-b450-4baf-8625-e36e1dc4d5cc', '04d47b88-51b5-4b59-bcf5-f1710b43575b', 'DRS-DRYTAPE-01', 'Emery Jensen Distribution', 'each', 1, 3.2, 5, 1, 1, 'supply-yard', '2025-12-17T12:00:00+00:00', '2025-12-17T12:00:00+00:00') ON CONFLICT (vendor_id, sku_id) DO NOTHING;
INSERT INTO vendor_items (id, vendor_id, sku_id, vendor_sku, vendor_name, purchase_uom, purchase_pack_qty, cost, lead_time_days, moq, is_preferred, organization_id, created_at, updated_at) VALUES ('9fd62687-035a-4193-a93d-63b841d965ef', '9da8de3b-e547-41c5-b35e-19bd384348fd', 'da4457b6-d9f4-4416-9c4d-a6ec64f3165a', 'SAF-KIDDESM-01', 'The Home Depot Pro', 'each', 1, 28.0, 5, 1, 1, 'supply-yard', '2025-12-17T12:00:00+00:00', '2025-12-17T12:00:00+00:00') ON CONFLICT (vendor_id, sku_id) DO NOTHING;
INSERT INTO vendor_items (id, vendor_id, sku_id, vendor_sku, vendor_name, purchase_uom, purchase_pack_qty, cost, lead_time_days, moq, is_preferred, organization_id, created_at, updated_at) VALUES ('5a3aa340-8046-4f80-a003-5d49e70cb403', '80627dc3-b450-4baf-8625-e36e1dc4d5cc', '799238c1-8a06-4565-8fdb-4eadc4f31707', 'ROF-ARCHTAB-01', 'Emery Jensen Distribution', 'each', 1, 22.0, 5, 1, 1, 'supply-yard', '2025-12-17T12:00:00+00:00', '2025-12-17T12:00:00+00:00') ON CONFLICT (vendor_id, sku_id) DO NOTHING;
INSERT INTO vendor_items (id, vendor_id, sku_id, vendor_sku, vendor_name, purchase_uom, purchase_pack_qty, cost, lead_time_days, moq, is_preferred, organization_id, created_at, updated_at) VALUES ('efce511d-b4b6-470a-819f-b9077cfd4ec6', '80627dc3-b450-4baf-8625-e36e1dc4d5cc', '8ca05447-2484-471a-b78d-42a01a72fa1a', 'HTL-FRAMHAM-01', 'Emery Jensen Distribution', 'each', 1, 19.0, 5, 1, 1, 'supply-yard', '2025-12-17T12:00:00+00:00', '2025-12-17T12:00:00+00:00') ON CONFLICT (vendor_id, sku_id) DO NOTHING;
INSERT INTO vendor_items (id, vendor_id, sku_id, vendor_sku, vendor_name, purchase_uom, purchase_pack_qty, cost, lead_time_days, moq, is_preferred, organization_id, created_at, updated_at) VALUES ('d174ad8f-3ad7-4865-9327-a60e9d9c8a57', '3416f02d-424d-4d69-8557-997907d232f1', '289216cb-2c90-40ae-b762-69a374a7aa60', 'CLN-PREPWIPE-01', 'Sherwin-Williams', 'each', 1, 5.2, 5, 1, 1, 'supply-yard', '2025-12-17T12:00:00+00:00', '2025-12-17T12:00:00+00:00') ON CONFLICT (vendor_id, sku_id) DO NOTHING;
INSERT INTO vendor_items (id, vendor_id, sku_id, vendor_sku, vendor_name, purchase_uom, purchase_pack_qty, cost, lead_time_days, moq, is_preferred, organization_id, created_at, updated_at) VALUES ('53939290-4675-4a20-9975-21de34e4cc7b', '9da8de3b-e547-41c5-b35e-19bd384348fd', '61716a2f-3bc2-4bac-b5b2-b6e10d75e99d', 'LOK-KWIKDBL-01', 'The Home Depot Pro', 'each', 1, 16.0, 5, 1, 1, 'supply-yard', '2025-12-17T12:00:00+00:00', '2025-12-17T12:00:00+00:00') ON CONFLICT (vendor_id, sku_id) DO NOTHING;
INSERT INTO vendor_items (id, vendor_id, sku_id, vendor_sku, vendor_name, purchase_uom, purchase_pack_qty, cost, lead_time_days, moq, is_preferred, organization_id, created_at, updated_at) VALUES ('241d0833-fab9-439d-b4e6-4d563ec86b1d', '9da8de3b-e547-41c5-b35e-19bd384348fd', '6f404d02-a49d-4389-ae62-2fad922b53fc', 'LOK-KWIKDBL-02', 'The Home Depot Pro', 'each', 1, 18.0, 5, 1, 1, 'supply-yard', '2025-12-17T12:00:00+00:00', '2025-12-17T12:00:00+00:00') ON CONFLICT (vendor_id, sku_id) DO NOTHING;
INSERT INTO vendor_items (id, vendor_id, sku_id, vendor_sku, vendor_name, purchase_uom, purchase_pack_qty, cost, lead_time_days, moq, is_preferred, organization_id, created_at, updated_at) VALUES ('dd84f411-c7ea-4397-9202-07d06719287d', '9da8de3b-e547-41c5-b35e-19bd384348fd', '8f11b463-0036-4ced-80f2-8e675876e1cc', 'INS-OWENR15-01', 'The Home Depot Pro', 'each', 1, 28.0, 5, 1, 1, 'supply-yard', '2025-12-17T12:00:00+00:00', '2025-12-17T12:00:00+00:00') ON CONFLICT (vendor_id, sku_id) DO NOTHING;
INSERT INTO vendor_items (id, vendor_id, sku_id, vendor_sku, vendor_name, purchase_uom, purchase_pack_qty, cost, lead_time_days, moq, is_preferred, organization_id, created_at, updated_at) VALUES ('08d46681-8431-4be1-9e4b-e313960fabaf', '9da8de3b-e547-41c5-b35e-19bd384348fd', 'd9760d12-941d-4e8b-a79f-fe85d933d7db', 'FLO-LVPOAK-01', 'The Home Depot Pro', 'each', 1, 24.0, 5, 1, 1, 'supply-yard', '2025-12-17T12:00:00+00:00', '2025-12-17T12:00:00+00:00') ON CONFLICT (vendor_id, sku_id) DO NOTHING;
INSERT INTO vendor_items (id, vendor_id, sku_id, vendor_sku, vendor_name, purchase_uom, purchase_pack_qty, cost, lead_time_days, moq, is_preferred, organization_id, created_at, updated_at) VALUES ('73fa6b37-9ebf-4e76-bd53-0003bfda6630', 'e22e944d-a35d-442f-b76e-8e5502452498', '25e18161-d12e-46f7-862c-9d52a09b30f1', 'LUM-PTDECK-01', 'Deck Expressions', 'each', 1, 8.36, 7, 1, 0, 'supply-yard', '2025-12-17T12:00:00+00:00', '2025-12-17T12:00:00+00:00') ON CONFLICT (vendor_id, sku_id) DO NOTHING;
INSERT INTO vendor_items (id, vendor_id, sku_id, vendor_sku, vendor_name, purchase_uom, purchase_pack_qty, cost, lead_time_days, moq, is_preferred, organization_id, created_at, updated_at) VALUES ('a5623a4a-8376-4f05-81d6-7515bb5a8fc7', 'e22e944d-a35d-442f-b76e-8e5502452498', 'dcd16a65-d759-4885-a31b-a39548631179', 'LUM-PTDECK-02', 'Deck Expressions', 'each', 1, 11.02, 7, 1, 0, 'supply-yard', '2025-12-17T12:00:00+00:00', '2025-12-17T12:00:00+00:00') ON CONFLICT (vendor_id, sku_id) DO NOTHING;
INSERT INTO sku_counters (department_code, counter) VALUES ('PLP', 3) ON CONFLICT (department_code) DO UPDATE SET counter = EXCLUDED.counter;
INSERT INTO sku_counters (department_code, counter) VALUES ('PLF', 3) ON CONFLICT (department_code) DO UPDATE SET counter = EXCLUDED.counter;
INSERT INTO sku_counters (department_code, counter) VALUES ('ELW', 2) ON CONFLICT (department_code) DO UPDATE SET counter = EXCLUDED.counter;
INSERT INTO sku_counters (department_code, counter) VALUES ('ELE', 3) ON CONFLICT (department_code) DO UPDATE SET counter = EXCLUDED.counter;
INSERT INTO sku_counters (department_code, counter) VALUES ('PNT', 3) ON CONFLICT (department_code) DO UPDATE SET counter = EXCLUDED.counter;
INSERT INTO sku_counters (department_code, counter) VALUES ('PNS', 2) ON CONFLICT (department_code) DO UPDATE SET counter = EXCLUDED.counter;
INSERT INTO sku_counters (department_code, counter) VALUES ('BLD', 2) ON CONFLICT (department_code) DO UPDATE SET counter = EXCLUDED.counter;
INSERT INTO sku_counters (department_code, counter) VALUES ('CON', 2) ON CONFLICT (department_code) DO UPDATE SET counter = EXCLUDED.counter;
INSERT INTO sku_counters (department_code, counter) VALUES ('LUM', 5) ON CONFLICT (department_code) DO UPDATE SET counter = EXCLUDED.counter;
INSERT INTO sku_counters (department_code, counter) VALUES ('FAS', 3) ON CONFLICT (department_code) DO UPDATE SET counter = EXCLUDED.counter;
INSERT INTO sku_counters (department_code, counter) VALUES ('HVF', 2) ON CONFLICT (department_code) DO UPDATE SET counter = EXCLUDED.counter;
INSERT INTO sku_counters (department_code, counter) VALUES ('ADH', 2) ON CONFLICT (department_code) DO UPDATE SET counter = EXCLUDED.counter;
INSERT INTO sku_counters (department_code, counter) VALUES ('DRM', 1) ON CONFLICT (department_code) DO UPDATE SET counter = EXCLUDED.counter;
INSERT INTO sku_counters (department_code, counter) VALUES ('DRS', 1) ON CONFLICT (department_code) DO UPDATE SET counter = EXCLUDED.counter;
INSERT INTO sku_counters (department_code, counter) VALUES ('SAF', 1) ON CONFLICT (department_code) DO UPDATE SET counter = EXCLUDED.counter;
INSERT INTO sku_counters (department_code, counter) VALUES ('ROF', 1) ON CONFLICT (department_code) DO UPDATE SET counter = EXCLUDED.counter;
INSERT INTO sku_counters (department_code, counter) VALUES ('HTL', 1) ON CONFLICT (department_code) DO UPDATE SET counter = EXCLUDED.counter;
INSERT INTO sku_counters (department_code, counter) VALUES ('CLN', 1) ON CONFLICT (department_code) DO UPDATE SET counter = EXCLUDED.counter;
INSERT INTO sku_counters (department_code, counter) VALUES ('LOK', 2) ON CONFLICT (department_code) DO UPDATE SET counter = EXCLUDED.counter;
INSERT INTO sku_counters (department_code, counter) VALUES ('INS', 1) ON CONFLICT (department_code) DO UPDATE SET counter = EXCLUDED.counter;
INSERT INTO sku_counters (department_code, counter) VALUES ('FLO', 1) ON CONFLICT (department_code) DO UPDATE SET counter = EXCLUDED.counter;
INSERT INTO purchase_orders (id, vendor_id, vendor_name, document_date, total, status, created_by_id, created_by_name, received_at, received_by_id, received_by_name, xero_bill_id, xero_sync_status, created_at, updated_at, organization_id) VALUES ('c7eeb272-92ad-4249-aa66-97a562d0170f', '3416f02d-424d-4d69-8557-997907d232f1', 'Sherwin-Williams', '2026-03-01T12:00:00+00:00', 944.0, 'received', 'db3a2209-7b14-42e3-9c7b-8ab0b774f22b', 'Marcus Chen', '2026-03-03T12:00:00+00:00', 'db3a2209-7b14-42e3-9c7b-8ab0b774f22b', 'Marcus Chen', 'XERO-STUB-BILL-c7eeb272', 'synced', '2026-03-01T12:00:00+00:00', '2026-03-03T12:00:00+00:00', 'supply-yard') ON CONFLICT DO NOTHING;
INSERT INTO purchase_orders (id, vendor_id, vendor_name, document_date, total, status, created_by_id, created_by_name, received_at, received_by_id, received_by_name, xero_sync_status, created_at, updated_at, organization_id) VALUES ('9e242078-25a7-434d-a489-640d659487e9', '9da8de3b-e547-41c5-b35e-19bd384348fd', 'The Home Depot Pro', '2026-03-05T12:00:00+00:00', 658.0, 'received', 'db3a2209-7b14-42e3-9c7b-8ab0b774f22b', 'Marcus Chen', '2026-03-07T12:00:00+00:00', 'db3a2209-7b14-42e3-9c7b-8ab0b774f22b', 'Marcus Chen', 'pending', '2026-03-05T12:00:00+00:00', '2026-03-07T12:00:00+00:00', 'supply-yard') ON CONFLICT DO NOTHING;
INSERT INTO purchase_orders (id, vendor_id, vendor_name, document_date, total, status, created_by_id, created_by_name, xero_sync_status, created_at, updated_at, organization_id) VALUES ('f24c5a23-f542-443a-83c5-b3024fb2d12e', '80627dc3-b450-4baf-8625-e36e1dc4d5cc', 'Emery Jensen Distribution', '2026-03-14T12:00:00+00:00', 585.1999999999999, 'ordered', 'db3a2209-7b14-42e3-9c7b-8ab0b774f22b', 'Marcus Chen', 'pending', '2026-03-14T12:00:00+00:00', '2026-03-14T12:00:00+00:00', 'supply-yard') ON CONFLICT DO NOTHING;
INSERT INTO purchase_orders (id, vendor_id, vendor_name, document_date, total, status, created_by_id, created_by_name, xero_sync_status, created_at, updated_at, organization_id) VALUES ('fcbf80d3-e5eb-4516-b682-804e5293f071', 'e22e944d-a35d-442f-b76e-8e5502452498', 'Deck Expressions', '2026-03-16T12:00:00+00:00', 1009.4, 'ordered', 'db3a2209-7b14-42e3-9c7b-8ab0b774f22b', 'Marcus Chen', 'pending', '2026-03-16T12:00:00+00:00', '2026-03-16T12:00:00+00:00', 'supply-yard') ON CONFLICT DO NOTHING;
INSERT INTO purchase_order_items (id, po_id, name, original_sku, ordered_qty, delivered_qty, unit_price, cost, base_unit, sell_uom, suggested_department, status, sku_id, organization_id) VALUES ('5d9bdc74-17b3-4cfa-9c83-411e633c300a', 'c7eeb272-92ad-4249-aa66-97a562d0170f', 'SW SuperPaint Interior Flat - Gallon', 'PNT-SWSUPER-01', 10, 10, 0, 32.0, 'gallon', 'gallon', 'PNT', 'arrived', 'd7174e83-8a60-4243-bfe5-4c0047e101ab', 'supply-yard') ON CONFLICT DO NOTHING;
INSERT INTO purchase_order_items (id, po_id, name, original_sku, ordered_qty, delivered_qty, unit_price, cost, base_unit, sell_uom, suggested_department, status, sku_id, organization_id) VALUES ('29688875-1dde-4bbf-b5bf-fb56c3b5762e', 'c7eeb272-92ad-4249-aa66-97a562d0170f', 'SW SuperPaint Interior Satin - Gallon', 'PNT-SWSUPER-02', 8, 8, 0, 34.0, 'gallon', 'gallon', 'PNT', 'arrived', '39d6d056-c36b-4e77-853d-4f0686a6d317', 'supply-yard') ON CONFLICT DO NOTHING;
INSERT INTO purchase_order_items (id, po_id, name, original_sku, ordered_qty, delivered_qty, unit_price, cost, base_unit, sell_uom, suggested_department, status, sku_id, organization_id) VALUES ('8b2832b1-c66a-4b0b-b846-92801d25d455', 'c7eeb272-92ad-4249-aa66-97a562d0170f', 'SW SuperPaint Exterior Flat - Gallon', 'PNT-SWSUPER-03', 6, 6, 0, 36.0, 'gallon', 'gallon', 'PNT', 'arrived', 'ecd23bc8-eb47-4209-a297-fff4ca80b6ac', 'supply-yard') ON CONFLICT DO NOTHING;
INSERT INTO purchase_order_items (id, po_id, name, original_sku, ordered_qty, delivered_qty, unit_price, cost, base_unit, sell_uom, suggested_department, status, sku_id, organization_id) VALUES ('1ea23e13-a51f-48a2-9755-6bcd237f4786', 'c7eeb272-92ad-4249-aa66-97a562d0170f', 'Purdy White Dove 9" Roller Cover 3/8" Nap', 'PNS-ROLLER9-01', 20, 20, 0, 4.2, 'each', 'each', 'PNS', 'arrived', '1e0588fa-7c95-4f29-9514-e8dd6eca0f34', 'supply-yard') ON CONFLICT DO NOTHING;
INSERT INTO purchase_order_items (id, po_id, name, original_sku, ordered_qty, delivered_qty, unit_price, cost, base_unit, sell_uom, suggested_department, status, sku_id, organization_id) VALUES ('55aee435-d987-40df-8185-487bb95da54e', 'c7eeb272-92ad-4249-aa66-97a562d0170f', 'Sherwin-Williams Prep & Cleanup Wipes', 'CLN-PREPWIPE-01', 10, 10, 0, 5.2, 'pack', 'pack', 'CLN', 'arrived', '289216cb-2c90-40ae-b762-69a374a7aa60', 'supply-yard') ON CONFLICT DO NOTHING;
INSERT INTO purchase_order_items (id, po_id, name, original_sku, ordered_qty, delivered_qty, unit_price, cost, base_unit, sell_uom, suggested_department, status, sku_id, organization_id) VALUES ('43d03980-5184-4dee-9bcc-e3b7198a78ee', '9e242078-25a7-434d-a489-640d659487e9', 'Romex 14/2 NM-B 250ft', 'ELW-ROMEX14-01', 4, 4, 0, 52.0, 'foot', '250ft_spool', 'ELW', 'arrived', '97ad374e-3173-4994-b4ac-1f45ce5fbdf1', 'supply-yard') ON CONFLICT DO NOTHING;
INSERT INTO purchase_order_items (id, po_id, name, original_sku, ordered_qty, delivered_qty, unit_price, cost, base_unit, sell_uom, suggested_department, status, sku_id, organization_id) VALUES ('ce5f46cc-b4a2-40c5-a13d-3ee08f3e8097', '9e242078-25a7-434d-a489-640d659487e9', 'Romex 12/2 NM-B 250ft', 'ELW-ROMEX12-01', 2, 2, 0, 72.0, 'foot', '250ft_spool', 'ELW', 'arrived', '346fdc27-3bf0-4af2-924e-7091a39b49f0', 'supply-yard') ON CONFLICT DO NOTHING;
INSERT INTO purchase_order_items (id, po_id, name, original_sku, ordered_qty, delivered_qty, unit_price, cost, base_unit, sell_uom, suggested_department, status, sku_id, organization_id) VALUES ('82553df2-ccfd-4aab-9be4-236745ced069', '9e242078-25a7-434d-a489-640d659487e9', 'Leviton GFCI 15A Outlet White', 'ELE-GFCI15-01', 12, 12, 0, 10.5, 'each', 'each', 'ELE', 'arrived', '9e43da00-6093-4bc3-87e2-dc0007d95a73', 'supply-yard') ON CONFLICT DO NOTHING;
INSERT INTO purchase_order_items (id, po_id, name, original_sku, ordered_qty, delivered_qty, unit_price, cost, base_unit, sell_uom, suggested_department, status, sku_id, organization_id) VALUES ('f301c557-fba2-49b9-8a23-8acd5704549a', '9e242078-25a7-434d-a489-640d659487e9', 'SharkBite 1/2" 90-Degree Elbow', 'PLF-SHRKBT90-01', 20, 20, 0, 4.8, 'each', 'each', 'PLF', 'arrived', '3d59ce91-308a-4749-bb99-4c8b03d284d8', 'supply-yard') ON CONFLICT DO NOTHING;
INSERT INTO purchase_order_items (id, po_id, name, original_sku, ordered_qty, delivered_qty, unit_price, cost, base_unit, sell_uom, suggested_department, status, sku_id, organization_id) VALUES ('b64e32c4-3440-4e0c-b869-9a65a03d9dee', '9e242078-25a7-434d-a489-640d659487e9', 'SharkBite 1/2" Tee', 'PLF-SHRKBTT-01', 15, 15, 0, 5.6, 'each', 'each', 'PLF', 'arrived', 'eaba46e1-5256-40c5-b280-6d8b71cba485', 'supply-yard') ON CONFLICT DO NOTHING;
INSERT INTO purchase_order_items (id, po_id, name, original_sku, ordered_qty, delivered_qty, unit_price, cost, base_unit, sell_uom, suggested_department, status, sku_id, organization_id) VALUES ('e7a1620d-24d6-4cae-b71a-bd55da4a118c', 'f24c5a23-f542-443a-83c5-b3024fb2d12e', '2x4x8 SPF Stud', 'LUM-STUDS2X4-01', 50, 0, 0, 2.4, 'each', 'each', 'LUM', 'ordered', '021d2901-91f5-436f-bdcb-466d8e4325d4', 'supply-yard') ON CONFLICT DO NOTHING;
INSERT INTO purchase_order_items (id, po_id, name, original_sku, ordered_qty, delivered_qty, unit_price, cost, base_unit, sell_uom, suggested_department, status, sku_id, organization_id) VALUES ('873a5eb8-fce0-456d-ab5e-223c17213c3f', 'f24c5a23-f542-443a-83c5-b3024fb2d12e', '2x6x8 SPF', 'LUM-STUDS2X6-01', 20, 0, 0, 4.0, 'each', 'each', 'LUM', 'ordered', '8fa78caf-7e72-420e-976b-ec12b14132d4', 'supply-yard') ON CONFLICT DO NOTHING;
INSERT INTO purchase_order_items (id, po_id, name, original_sku, ordered_qty, delivered_qty, unit_price, cost, base_unit, sell_uom, suggested_department, status, sku_id, organization_id) VALUES ('de7206c7-b693-4097-b76f-5932b43f8086', 'f24c5a23-f542-443a-83c5-b3024fb2d12e', '1/2" x 4x8 Drywall Sheet', 'BLD-DRYWALL-01', 30, 0, 0, 8.2, 'sheet', 'sheet', 'BLD', 'ordered', '77b57bd9-5f31-4658-91c1-293dc8c5aa09', 'supply-yard') ON CONFLICT DO NOTHING;
INSERT INTO purchase_order_items (id, po_id, name, original_sku, ordered_qty, delivered_qty, unit_price, cost, base_unit, sell_uom, suggested_department, status, sku_id, organization_id) VALUES ('dc41b875-910c-49da-9e1a-8130f41214b1', 'f24c5a23-f542-443a-83c5-b3024fb2d12e', '#6 x 1-5/8" Drywall Screw 1lb', 'FAS-DRYSCR-01', 20, 0, 0, 2.8, 'box', 'box', 'FAS', 'ordered', 'c2286267-8087-4e4b-b5f4-77a514a346d2', 'supply-yard') ON CONFLICT DO NOTHING;
INSERT INTO purchase_order_items (id, po_id, name, original_sku, ordered_qty, delivered_qty, unit_price, cost, base_unit, sell_uom, suggested_department, status, sku_id, organization_id) VALUES ('1f0a1ac5-6879-4299-8fa2-9d249b3a7833', 'f24c5a23-f542-443a-83c5-b3024fb2d12e', 'USG Plus 3 Joint Compound 4.5gal', 'DRM-JNTCMPD-01', 8, 0, 0, 10.4, 'bucket', 'bucket', 'DRM', 'ordered', '561109f0-aff5-4697-b83a-47203273858d', 'supply-yard') ON CONFLICT DO NOTHING;
INSERT INTO purchase_order_items (id, po_id, name, original_sku, ordered_qty, delivered_qty, unit_price, cost, base_unit, sell_uom, suggested_department, status, sku_id, organization_id) VALUES ('1c7d404a-bbfb-40f4-b05d-f6ee8fb04493', 'fcbf80d3-e5eb-4516-b682-804e5293f071', '5/4x6x12 PT Deck Board', 'LUM-PTDECK-01', 60, 0, 0, 8.8, 'each', 'each', 'LUM', 'ordered', '25e18161-d12e-46f7-862c-9d52a09b30f1', 'supply-yard') ON CONFLICT DO NOTHING;
INSERT INTO purchase_order_items (id, po_id, name, original_sku, ordered_qty, delivered_qty, unit_price, cost, base_unit, sell_uom, suggested_department, status, sku_id, organization_id) VALUES ('27ebe0d3-389b-4a09-b3f4-498597dae055', 'fcbf80d3-e5eb-4516-b682-804e5293f071', '5/4x6x16 PT Deck Board', 'LUM-PTDECK-02', 24, 0, 0, 11.6, 'each', 'each', 'LUM', 'ordered', 'dcd16a65-d759-4885-a31b-a39548631179', 'supply-yard') ON CONFLICT DO NOTHING;
INSERT INTO purchase_order_items (id, po_id, name, original_sku, ordered_qty, delivered_qty, unit_price, cost, base_unit, sell_uom, suggested_department, status, sku_id, organization_id) VALUES ('7814eec9-a467-48f6-9cc2-e1c8125622e5', 'fcbf80d3-e5eb-4516-b682-804e5293f071', 'GRK #8 x 2-1/2" Deck Screw 100pk', 'FAS-DECKSCR-01', 15, 0, 0, 7.8, 'box', 'box', 'FAS', 'ordered', 'df11d827-c5cf-487d-8bc2-ff34a4cf1af0', 'supply-yard') ON CONFLICT DO NOTHING;
INSERT INTO purchase_order_items (id, po_id, name, original_sku, ordered_qty, delivered_qty, unit_price, cost, base_unit, sell_uom, suggested_department, status, sku_id, organization_id) VALUES ('efd5cfc4-5400-4421-9e29-c89fb2a276fc', 'fcbf80d3-e5eb-4516-b682-804e5293f071', 'GRK #8 x 3" Deck Screw 100pk', 'FAS-DECKSCR-02', 10, 0, 0, 8.6, 'box', 'box', 'FAS', 'ordered', '7088ba8e-3b18-44b0-b8ae-9a7ce1ac251d', 'supply-yard') ON CONFLICT DO NOTHING;
INSERT INTO withdrawals (id, items, job_id, service_address, subtotal, tax, tax_rate, total, cost_total, contractor_id, contractor_name, contractor_company, billing_entity, billing_entity_id, payment_status, invoice_id, paid_at, processed_by_id, processed_by_name, organization_id, created_at) VALUES ('67cc2888-01b0-4f6d-9eb1-b5bceca709ed', '[{"sku_id": "f509e4c3-86ae-4a0a-9dcd-0d4d4c4b5e51", "sku": "PLP-PEXTUBE-01", "name": "PEX-A Tubing 1/2\" x 100ft Red", "quantity": 2, "unit_price": 42.99, "cost": 24.5, "unit": "foot", "sell_uom": "100ft_coil", "sell_cost": 24.5, "subtotal": 85.98, "cost_total": 49.0}, {"sku_id": "3d59ce91-308a-4749-bb99-4c8b03d284d8", "sku": "PLF-SHRKBT90-01", "name": "SharkBite 1/2\" 90-Degree Elbow", "quantity": 10, "unit_price": 8.49, "cost": 4.8, "unit": "each", "sell_uom": "each", "sell_cost": 4.8, "subtotal": 84.9, "cost_total": 48.0}, {"sku_id": "eaba46e1-5256-40c5-b280-6d8b71cba485", "sku": "PLF-SHRKBTT-01", "name": "SharkBite 1/2\" Tee", "quantity": 6, "unit_price": 9.99, "cost": 5.6, "unit": "each", "sell_uom": "each", "sell_cost": 5.6, "subtotal": 59.94, "cost_total": 33.6}]', 'RR-2026-001', '1200 Mountain View Dr, Unit 4A, Vail CO', 230.82, 23.08, 0.10, 253.9, 130.6, '4d5ff6c9-6ac2-4929-bd5f-e4197c10d009', 'Mike Torres', '', 'Riva Ridge Property Mgmt', '072f39cd-940f-46a5-8555-7158d5a2be31', 'paid', '72aab2b5-a689-4f6e-bb34-98e709c9f4fe', '2026-03-12T12:00:00+00:00', 'db3a2209-7b14-42e3-9c7b-8ab0b774f22b', 'Marcus Chen', 'supply-yard', '2026-03-05T12:00:00+00:00') ON CONFLICT DO NOTHING;
INSERT INTO withdrawals (id, items, job_id, service_address, subtotal, tax, tax_rate, total, cost_total, contractor_id, contractor_name, contractor_company, billing_entity, billing_entity_id, payment_status, invoice_id, paid_at, processed_by_id, processed_by_name, organization_id, created_at) VALUES ('73606422-b21e-4390-9a29-4a10926b44f4', '[{"sku_id": "2e058e41-1d23-4362-8cfa-203f6dd74d1d", "sku": "ELE-DECORASW-01", "name": "Leviton Decora 15A Switch White", "quantity": 8, "unit_price": 3.29, "cost": 1.6, "unit": "each", "sell_uom": "each", "sell_cost": 1.6, "subtotal": 26.32, "cost_total": 12.8}, {"sku_id": "9e43da00-6093-4bc3-87e2-dc0007d95a73", "sku": "ELE-GFCI15-01", "name": "Leviton GFCI 15A Outlet White", "quantity": 4, "unit_price": 18.99, "cost": 10.5, "unit": "each", "sell_uom": "each", "sell_cost": 10.5, "subtotal": 75.96, "cost_total": 42.0}, {"sku_id": "97ad374e-3173-4994-b4ac-1f45ce5fbdf1", "sku": "ELW-ROMEX14-01", "name": "Romex 14/2 NM-B 250ft", "quantity": 1, "unit_price": 89.99, "cost": 52.0, "unit": "foot", "sell_uom": "250ft_spool", "sell_cost": 52.0, "subtotal": 89.99, "cost_total": 52.0}]', 'RR-2026-001', '1200 Mountain View Dr, Unit 4A, Vail CO', 192.26999999999998, 19.23, 0.10, 211.5, 106.8, '4d5ff6c9-6ac2-4929-bd5f-e4197c10d009', 'Mike Torres', '', 'Riva Ridge Property Mgmt', '072f39cd-940f-46a5-8555-7158d5a2be31', 'invoiced', '5882176f-2785-46be-be3c-230d0a157e54', NULL, 'db3a2209-7b14-42e3-9c7b-8ab0b774f22b', 'Marcus Chen', 'supply-yard', '2026-03-07T12:00:00+00:00') ON CONFLICT DO NOTHING;
INSERT INTO withdrawals (id, items, job_id, service_address, subtotal, tax, tax_rate, total, cost_total, contractor_id, contractor_name, contractor_company, billing_entity, billing_entity_id, payment_status, invoice_id, paid_at, processed_by_id, processed_by_name, organization_id, created_at) VALUES ('9e9e3561-4b08-483e-afa1-f286f4ea67fe', '[{"sku_id": "77b57bd9-5f31-4658-91c1-293dc8c5aa09", "sku": "BLD-DRYWALL-01", "name": "1/2\" x 4x8 Drywall Sheet", "quantity": 12, "unit_price": 14.99, "cost": 8.2, "unit": "sheet", "sell_uom": "sheet", "sell_cost": 8.2, "subtotal": 179.88, "cost_total": 98.4}, {"sku_id": "c2286267-8087-4e4b-b5f4-77a514a346d2", "sku": "FAS-DRYSCR-01", "name": "#6 x 1-5/8\" Drywall Screw 1lb", "quantity": 4, "unit_price": 5.99, "cost": 2.8, "unit": "box", "sell_uom": "box", "sell_cost": 2.8, "subtotal": 23.96, "cost_total": 11.2}, {"sku_id": "561109f0-aff5-4697-b83a-47203273858d", "sku": "DRM-JNTCMPD-01", "name": "USG Plus 3 Joint Compound 4.5gal", "quantity": 2, "unit_price": 18.99, "cost": 10.4, "unit": "bucket", "sell_uom": "bucket", "sell_cost": 10.4, "subtotal": 37.98, "cost_total": 20.8}, {"sku_id": "04d47b88-51b5-4b59-bcf5-f1710b43575b", "sku": "DRS-DRYTAPE-01", "name": "FibaTape Mesh Drywall Tape 300ft", "quantity": 3, "unit_price": 6.99, "cost": 3.2, "unit": "roll", "sell_uom": "roll", "sell_cost": 3.2, "subtotal": 20.97, "cost_total": 9.6}]', 'RR-2026-002', '1200 Mountain View Dr, Unit 7B, Vail CO', 262.78999999999996, 26.28, 0.10, 289.07, 140.0, '4d5ff6c9-6ac2-4929-bd5f-e4197c10d009', 'Mike Torres', '', 'Riva Ridge Property Mgmt', '072f39cd-940f-46a5-8555-7158d5a2be31', 'invoiced', '5882176f-2785-46be-be3c-230d0a157e54', NULL, 'db3a2209-7b14-42e3-9c7b-8ab0b774f22b', 'Marcus Chen', 'supply-yard', '2026-03-09T12:00:00+00:00') ON CONFLICT DO NOTHING;
INSERT INTO withdrawals (id, items, job_id, service_address, subtotal, tax, tax_rate, total, cost_total, contractor_id, contractor_name, contractor_company, billing_entity, billing_entity_id, payment_status, invoice_id, paid_at, processed_by_id, processed_by_name, organization_id, created_at) VALUES ('90610e8b-490d-482d-8155-11470b6e8f1f', '[{"sku_id": "25e18161-d12e-46f7-862c-9d52a09b30f1", "sku": "LUM-PTDECK-01", "name": "5/4x6x12 PT Deck Board", "quantity": 20, "unit_price": 14.99, "cost": 8.8, "unit": "each", "sell_uom": "each", "sell_cost": 8.8, "subtotal": 299.8, "cost_total": 176.0}, {"sku_id": "dcd16a65-d759-4885-a31b-a39548631179", "sku": "LUM-PTDECK-02", "name": "5/4x6x16 PT Deck Board", "quantity": 8, "unit_price": 19.99, "cost": 11.6, "unit": "each", "sell_uom": "each", "sell_cost": 11.6, "subtotal": 159.92, "cost_total": 92.8}, {"sku_id": "df11d827-c5cf-487d-8bc2-ff34a4cf1af0", "sku": "FAS-DECKSCR-01", "name": "GRK #8 x 2-1/2\" Deck Screw 100pk", "quantity": 6, "unit_price": 14.99, "cost": 7.8, "unit": "box", "sell_uom": "box", "sell_cost": 7.8, "subtotal": 89.94, "cost_total": 46.8}]', 'SP-2026-001', '345 Pine Ridge Rd, Aspen CO', 549.66, 54.97, 0.10, 604.63, 315.6, '0565b2d4-2c7d-4b5e-9aa7-a2a05d387224', 'Sarah Okafor', '', 'Summit Property Group', '77cd2847-439e-4597-a686-1c36171e8a26', 'unpaid', NULL, NULL, 'db3a2209-7b14-42e3-9c7b-8ab0b774f22b', 'Marcus Chen', 'supply-yard', '2026-03-11T12:00:00+00:00') ON CONFLICT DO NOTHING;
INSERT INTO withdrawals (id, items, job_id, service_address, subtotal, tax, tax_rate, total, cost_total, contractor_id, contractor_name, contractor_company, billing_entity, billing_entity_id, payment_status, invoice_id, paid_at, processed_by_id, processed_by_name, organization_id, created_at) VALUES ('f480acbb-1d1d-49d8-b221-f93523da5ffe', '[{"sku_id": "021d2901-91f5-436f-bdcb-466d8e4325d4", "sku": "LUM-STUDS2X4-01", "name": "2x4x8 SPF Stud", "quantity": 12, "unit_price": 4.29, "cost": 2.4, "unit": "each", "sell_uom": "each", "sell_cost": 2.4, "subtotal": 51.48, "cost_total": 28.8}, {"sku_id": "8fa78caf-7e72-420e-976b-ec12b14132d4", "sku": "LUM-STUDS2X6-01", "name": "2x6x8 SPF", "quantity": 8, "unit_price": 6.99, "cost": 4.0, "unit": "each", "sell_uom": "each", "sell_cost": 4.0, "subtotal": 55.92, "cost_total": 32.0}, {"sku_id": "755a6c4b-5cd1-4af7-bcbe-836dfe26b67c", "sku": "CON-QUIKSET-01", "name": "Quikrete Fast-Setting Concrete 50lb", "quantity": 6, "unit_price": 7.49, "cost": 4.1, "unit": "bag", "sell_uom": "bag", "sell_cost": 4.1, "subtotal": 44.94, "cost_total": 24.6}]', 'SP-2026-001', '345 Pine Ridge Rd, Aspen CO', 152.34, 15.23, 0.10, 167.57, 85.39999999999999, '0565b2d4-2c7d-4b5e-9aa7-a2a05d387224', 'Sarah Okafor', '', 'Summit Property Group', '77cd2847-439e-4597-a686-1c36171e8a26', 'unpaid', NULL, NULL, 'db3a2209-7b14-42e3-9c7b-8ab0b774f22b', 'Marcus Chen', 'supply-yard', '2026-03-13T12:00:00+00:00') ON CONFLICT DO NOTHING;
INSERT INTO withdrawals (id, items, job_id, service_address, subtotal, tax, tax_rate, total, cost_total, contractor_id, contractor_name, contractor_company, billing_entity, billing_entity_id, payment_status, invoice_id, paid_at, processed_by_id, processed_by_name, organization_id, created_at) VALUES ('b65a99f4-d274-4041-bba8-c07ec78cbf76', '[{"sku_id": "346fdc27-3bf0-4af2-924e-7091a39b49f0", "sku": "ELW-ROMEX12-01", "name": "Romex 12/2 NM-B 250ft", "quantity": 1, "unit_price": 119.99, "cost": 72.0, "unit": "foot", "sell_uom": "250ft_spool", "sell_cost": 72.0, "subtotal": 119.99, "cost_total": 72.0}, {"sku_id": "9e43da00-6093-4bc3-87e2-dc0007d95a73", "sku": "ELE-GFCI15-01", "name": "Leviton GFCI 15A Outlet White", "quantity": 6, "unit_price": 18.99, "cost": 10.5, "unit": "each", "sell_uom": "each", "sell_cost": 10.5, "subtotal": 113.94, "cost_total": 63.0}, {"sku_id": "b878533e-062c-4c6e-ace8-4c561a3d0821", "sku": "ELE-DECORASW-02", "name": "Leviton Decora 15A Switch Ivory", "quantity": 10, "unit_price": 3.29, "cost": 1.6, "unit": "each", "sell_uom": "each", "sell_cost": 1.6, "subtotal": 32.9, "cost_total": 16.0}]', 'SP-2026-002', '345 Pine Ridge Rd, Aspen CO', 266.83, 26.68, 0.10, 293.51, 151.0, '0565b2d4-2c7d-4b5e-9aa7-a2a05d387224', 'Sarah Okafor', '', 'Summit Property Group', '77cd2847-439e-4597-a686-1c36171e8a26', 'unpaid', NULL, NULL, 'db3a2209-7b14-42e3-9c7b-8ab0b774f22b', 'Marcus Chen', 'supply-yard', '2026-03-14T12:00:00+00:00') ON CONFLICT DO NOTHING;
INSERT INTO withdrawals (id, items, job_id, service_address, subtotal, tax, tax_rate, total, cost_total, contractor_id, contractor_name, contractor_company, billing_entity, billing_entity_id, payment_status, invoice_id, paid_at, processed_by_id, processed_by_name, organization_id, created_at) VALUES ('0997ccd3-c21b-4ff3-b413-6ca5a35504fd', '[{"sku_id": "ecd23bc8-eb47-4209-a297-fff4ca80b6ac", "sku": "PNT-SWSUPER-03", "name": "SW SuperPaint Exterior Flat - Gallon", "quantity": 4, "unit_price": 58.99, "cost": 36.0, "unit": "gallon", "sell_uom": "gallon", "sell_cost": 36.0, "subtotal": 235.96, "cost_total": 144.0}, {"sku_id": "1e0588fa-7c95-4f29-9514-e8dd6eca0f34", "sku": "PNS-ROLLER9-01", "name": "Purdy White Dove 9\" Roller Cover 3/8\" Nap", "quantity": 6, "unit_price": 8.99, "cost": 4.2, "unit": "each", "sell_uom": "each", "sell_cost": 4.2, "subtotal": 53.94, "cost_total": 25.2}, {"sku_id": "3fe0349e-a40d-4095-8a33-4e3f5210e8ec", "sku": "PNS-ROLLER9-02", "name": "Purdy White Dove 9\" Roller Cover 1/2\" Nap", "quantity": 4, "unit_price": 9.49, "cost": 4.5, "unit": "each", "sell_uom": "each", "sell_cost": 4.5, "subtotal": 37.96, "cost_total": 18.0}, {"sku_id": "289216cb-2c90-40ae-b762-69a374a7aa60", "sku": "CLN-PREPWIPE-01", "name": "Sherwin-Williams Prep & Cleanup Wipes", "quantity": 3, "unit_price": 9.99, "cost": 5.2, "unit": "pack", "sell_uom": "pack", "sell_cost": 5.2, "subtotal": 29.97, "cost_total": 15.6}]', 'CL-2026-001', '45 Ocean Ave, Monterey CA', 357.83, 35.78, 0.10, 393.61, 202.8, '4d5ff6c9-6ac2-4929-bd5f-e4197c10d009', 'Mike Torres', '', 'Coastal Living Rentals', '3766b68c-ffd8-4541-a241-f9f10e1e65e0', 'paid', 'f6c2d999-9a6b-45ff-beb3-31de09384886', '2026-03-16T12:00:00+00:00', 'db3a2209-7b14-42e3-9c7b-8ab0b774f22b', 'Marcus Chen', 'supply-yard', '2026-03-10T12:00:00+00:00') ON CONFLICT DO NOTHING;
INSERT INTO withdrawals (id, items, job_id, service_address, subtotal, tax, tax_rate, total, cost_total, contractor_id, contractor_name, contractor_company, billing_entity, billing_entity_id, payment_status, invoice_id, paid_at, processed_by_id, processed_by_name, organization_id, created_at) VALUES ('8bcbbdf6-75b3-4ce6-ba54-dfd37a8fc22d', '[{"sku_id": "da4457b6-d9f4-4416-9c4d-a6ec64f3165a", "sku": "SAF-KIDDESM-01", "name": "Kidde Hardwired Smoke + CO Detector", "quantity": 3, "unit_price": 42.99, "cost": 28.0, "unit": "each", "sell_uom": "each", "sell_cost": 28.0, "subtotal": 128.97, "cost_total": 84.0}, {"sku_id": "61716a2f-3bc2-4bac-b5b2-b6e10d75e99d", "sku": "LOK-KWIKDBL-01", "name": "Kwikset Deadbolt Satin Nickel", "quantity": 2, "unit_price": 29.99, "cost": 16.0, "unit": "each", "sell_uom": "each", "sell_cost": 16.0, "subtotal": 59.98, "cost_total": 32.0}, {"sku_id": "1106f62b-d029-4dd1-a380-682f2c5bc9f7", "sku": "ADH-LIQNAIL-01", "name": "Liquid Nails Heavy Duty 10oz", "quantity": 4, "unit_price": 5.49, "cost": 2.8, "unit": "tube", "sell_uom": "tube", "sell_cost": 2.8, "subtotal": 21.96, "cost_total": 11.2}]', 'RR-2026-001', '1200 Mountain View Dr, Unit 4A, Vail CO', 210.91, 21.09, 0.10, 232.0, 127.2, '4d5ff6c9-6ac2-4929-bd5f-e4197c10d009', 'Mike Torres', '', 'Riva Ridge Property Mgmt', '072f39cd-940f-46a5-8555-7158d5a2be31', 'unpaid', NULL, NULL, 'db3a2209-7b14-42e3-9c7b-8ab0b774f22b', 'Marcus Chen', 'supply-yard', '2026-03-16T12:00:00+00:00') ON CONFLICT DO NOTHING;
INSERT INTO withdrawal_items (id, withdrawal_id, sku_id, sku, name, quantity, unit_price, cost, unit, amount, cost_total, sell_uom, sell_cost) VALUES ('bffa336c-eeab-458f-bc33-14548f015727', '67cc2888-01b0-4f6d-9eb1-b5bceca709ed', 'f509e4c3-86ae-4a0a-9dcd-0d4d4c4b5e51', 'PLP-PEXTUBE-01', 'PEX-A Tubing 1/2" x 100ft Red', 2, 42.99, 24.5, 'foot', 85.98, 49.0, '100ft_coil', 24.5) ON CONFLICT DO NOTHING;
INSERT INTO withdrawal_items (id, withdrawal_id, sku_id, sku, name, quantity, unit_price, cost, unit, amount, cost_total, sell_uom, sell_cost) VALUES ('815d2bbc-bb28-42c9-ac2b-b3253e74b9b5', '67cc2888-01b0-4f6d-9eb1-b5bceca709ed', '3d59ce91-308a-4749-bb99-4c8b03d284d8', 'PLF-SHRKBT90-01', 'SharkBite 1/2" 90-Degree Elbow', 10, 8.49, 4.8, 'each', 84.9, 48.0, 'each', 4.8) ON CONFLICT DO NOTHING;
INSERT INTO withdrawal_items (id, withdrawal_id, sku_id, sku, name, quantity, unit_price, cost, unit, amount, cost_total, sell_uom, sell_cost) VALUES ('3bdf8f30-771d-4525-b7c8-432bb2a6cb62', '67cc2888-01b0-4f6d-9eb1-b5bceca709ed', 'eaba46e1-5256-40c5-b280-6d8b71cba485', 'PLF-SHRKBTT-01', 'SharkBite 1/2" Tee', 6, 9.99, 5.6, 'each', 59.94, 33.6, 'each', 5.6) ON CONFLICT DO NOTHING;
INSERT INTO withdrawal_items (id, withdrawal_id, sku_id, sku, name, quantity, unit_price, cost, unit, amount, cost_total, sell_uom, sell_cost) VALUES ('95edce37-4ad7-450c-b4f9-abf74174525b', '73606422-b21e-4390-9a29-4a10926b44f4', '2e058e41-1d23-4362-8cfa-203f6dd74d1d', 'ELE-DECORASW-01', 'Leviton Decora 15A Switch White', 8, 3.29, 1.6, 'each', 26.32, 12.8, 'each', 1.6) ON CONFLICT DO NOTHING;
INSERT INTO withdrawal_items (id, withdrawal_id, sku_id, sku, name, quantity, unit_price, cost, unit, amount, cost_total, sell_uom, sell_cost) VALUES ('bd1ed218-fdd3-4412-8574-697f4364410d', '73606422-b21e-4390-9a29-4a10926b44f4', '9e43da00-6093-4bc3-87e2-dc0007d95a73', 'ELE-GFCI15-01', 'Leviton GFCI 15A Outlet White', 4, 18.99, 10.5, 'each', 75.96, 42.0, 'each', 10.5) ON CONFLICT DO NOTHING;
INSERT INTO withdrawal_items (id, withdrawal_id, sku_id, sku, name, quantity, unit_price, cost, unit, amount, cost_total, sell_uom, sell_cost) VALUES ('d0df463d-5185-4520-8667-dcbffca4e6a1', '73606422-b21e-4390-9a29-4a10926b44f4', '97ad374e-3173-4994-b4ac-1f45ce5fbdf1', 'ELW-ROMEX14-01', 'Romex 14/2 NM-B 250ft', 1, 89.99, 52.0, 'foot', 89.99, 52.0, '250ft_spool', 52.0) ON CONFLICT DO NOTHING;
INSERT INTO withdrawal_items (id, withdrawal_id, sku_id, sku, name, quantity, unit_price, cost, unit, amount, cost_total, sell_uom, sell_cost) VALUES ('b52e71d9-f07c-471d-9073-96a42b76ad60', '9e9e3561-4b08-483e-afa1-f286f4ea67fe', '77b57bd9-5f31-4658-91c1-293dc8c5aa09', 'BLD-DRYWALL-01', '1/2" x 4x8 Drywall Sheet', 12, 14.99, 8.2, 'sheet', 179.88, 98.4, 'sheet', 8.2) ON CONFLICT DO NOTHING;
INSERT INTO withdrawal_items (id, withdrawal_id, sku_id, sku, name, quantity, unit_price, cost, unit, amount, cost_total, sell_uom, sell_cost) VALUES ('3303a613-c0c5-464b-8216-f6ecfed1d48d', '9e9e3561-4b08-483e-afa1-f286f4ea67fe', 'c2286267-8087-4e4b-b5f4-77a514a346d2', 'FAS-DRYSCR-01', '#6 x 1-5/8" Drywall Screw 1lb', 4, 5.99, 2.8, 'box', 23.96, 11.2, 'box', 2.8) ON CONFLICT DO NOTHING;
INSERT INTO withdrawal_items (id, withdrawal_id, sku_id, sku, name, quantity, unit_price, cost, unit, amount, cost_total, sell_uom, sell_cost) VALUES ('888ce104-8c7c-4257-b1fb-071b96a7aa78', '9e9e3561-4b08-483e-afa1-f286f4ea67fe', '561109f0-aff5-4697-b83a-47203273858d', 'DRM-JNTCMPD-01', 'USG Plus 3 Joint Compound 4.5gal', 2, 18.99, 10.4, 'bucket', 37.98, 20.8, 'bucket', 10.4) ON CONFLICT DO NOTHING;
INSERT INTO withdrawal_items (id, withdrawal_id, sku_id, sku, name, quantity, unit_price, cost, unit, amount, cost_total, sell_uom, sell_cost) VALUES ('5023e3ec-26b5-41be-8e0d-2831f0f3cb24', '9e9e3561-4b08-483e-afa1-f286f4ea67fe', '04d47b88-51b5-4b59-bcf5-f1710b43575b', 'DRS-DRYTAPE-01', 'FibaTape Mesh Drywall Tape 300ft', 3, 6.99, 3.2, 'roll', 20.97, 9.6, 'roll', 3.2) ON CONFLICT DO NOTHING;
INSERT INTO withdrawal_items (id, withdrawal_id, sku_id, sku, name, quantity, unit_price, cost, unit, amount, cost_total, sell_uom, sell_cost) VALUES ('b7784a18-a48e-4337-a386-c49285acf2c1', '90610e8b-490d-482d-8155-11470b6e8f1f', '25e18161-d12e-46f7-862c-9d52a09b30f1', 'LUM-PTDECK-01', '5/4x6x12 PT Deck Board', 20, 14.99, 8.8, 'each', 299.8, 176.0, 'each', 8.8) ON CONFLICT DO NOTHING;
INSERT INTO withdrawal_items (id, withdrawal_id, sku_id, sku, name, quantity, unit_price, cost, unit, amount, cost_total, sell_uom, sell_cost) VALUES ('437c1c1b-2350-42fe-ba54-7c23816cda64', '90610e8b-490d-482d-8155-11470b6e8f1f', 'dcd16a65-d759-4885-a31b-a39548631179', 'LUM-PTDECK-02', '5/4x6x16 PT Deck Board', 8, 19.99, 11.6, 'each', 159.92, 92.8, 'each', 11.6) ON CONFLICT DO NOTHING;
INSERT INTO withdrawal_items (id, withdrawal_id, sku_id, sku, name, quantity, unit_price, cost, unit, amount, cost_total, sell_uom, sell_cost) VALUES ('9fe38d70-8668-43e7-a3db-103fab2f30ad', '90610e8b-490d-482d-8155-11470b6e8f1f', 'df11d827-c5cf-487d-8bc2-ff34a4cf1af0', 'FAS-DECKSCR-01', 'GRK #8 x 2-1/2" Deck Screw 100pk', 6, 14.99, 7.8, 'box', 89.94, 46.8, 'box', 7.8) ON CONFLICT DO NOTHING;
INSERT INTO withdrawal_items (id, withdrawal_id, sku_id, sku, name, quantity, unit_price, cost, unit, amount, cost_total, sell_uom, sell_cost) VALUES ('01951f78-f13f-4593-820a-f3333374bcfb', 'f480acbb-1d1d-49d8-b221-f93523da5ffe', '021d2901-91f5-436f-bdcb-466d8e4325d4', 'LUM-STUDS2X4-01', '2x4x8 SPF Stud', 12, 4.29, 2.4, 'each', 51.48, 28.8, 'each', 2.4) ON CONFLICT DO NOTHING;
INSERT INTO withdrawal_items (id, withdrawal_id, sku_id, sku, name, quantity, unit_price, cost, unit, amount, cost_total, sell_uom, sell_cost) VALUES ('da609c9a-1fb8-4555-9c71-478e8d3df3ce', 'f480acbb-1d1d-49d8-b221-f93523da5ffe', '8fa78caf-7e72-420e-976b-ec12b14132d4', 'LUM-STUDS2X6-01', '2x6x8 SPF', 8, 6.99, 4.0, 'each', 55.92, 32.0, 'each', 4.0) ON CONFLICT DO NOTHING;
INSERT INTO withdrawal_items (id, withdrawal_id, sku_id, sku, name, quantity, unit_price, cost, unit, amount, cost_total, sell_uom, sell_cost) VALUES ('ec8fd3e9-fb85-4c53-9e2c-1930234bf228', 'f480acbb-1d1d-49d8-b221-f93523da5ffe', '755a6c4b-5cd1-4af7-bcbe-836dfe26b67c', 'CON-QUIKSET-01', 'Quikrete Fast-Setting Concrete 50lb', 6, 7.49, 4.1, 'bag', 44.94, 24.6, 'bag', 4.1) ON CONFLICT DO NOTHING;
INSERT INTO withdrawal_items (id, withdrawal_id, sku_id, sku, name, quantity, unit_price, cost, unit, amount, cost_total, sell_uom, sell_cost) VALUES ('089f1a78-549a-41e0-aaab-7c36085db687', 'b65a99f4-d274-4041-bba8-c07ec78cbf76', '346fdc27-3bf0-4af2-924e-7091a39b49f0', 'ELW-ROMEX12-01', 'Romex 12/2 NM-B 250ft', 1, 119.99, 72.0, 'foot', 119.99, 72.0, '250ft_spool', 72.0) ON CONFLICT DO NOTHING;
INSERT INTO withdrawal_items (id, withdrawal_id, sku_id, sku, name, quantity, unit_price, cost, unit, amount, cost_total, sell_uom, sell_cost) VALUES ('9edb3fb6-cfda-4a0b-ab5d-dfc3deadfa3b', 'b65a99f4-d274-4041-bba8-c07ec78cbf76', '9e43da00-6093-4bc3-87e2-dc0007d95a73', 'ELE-GFCI15-01', 'Leviton GFCI 15A Outlet White', 6, 18.99, 10.5, 'each', 113.94, 63.0, 'each', 10.5) ON CONFLICT DO NOTHING;
INSERT INTO withdrawal_items (id, withdrawal_id, sku_id, sku, name, quantity, unit_price, cost, unit, amount, cost_total, sell_uom, sell_cost) VALUES ('ebb87b46-c842-49f8-b3f7-aa58aee653e8', 'b65a99f4-d274-4041-bba8-c07ec78cbf76', 'b878533e-062c-4c6e-ace8-4c561a3d0821', 'ELE-DECORASW-02', 'Leviton Decora 15A Switch Ivory', 10, 3.29, 1.6, 'each', 32.9, 16.0, 'each', 1.6) ON CONFLICT DO NOTHING;
INSERT INTO withdrawal_items (id, withdrawal_id, sku_id, sku, name, quantity, unit_price, cost, unit, amount, cost_total, sell_uom, sell_cost) VALUES ('ab0eaf94-ea6f-4561-a1e3-dc8e0f709987', '0997ccd3-c21b-4ff3-b413-6ca5a35504fd', 'ecd23bc8-eb47-4209-a297-fff4ca80b6ac', 'PNT-SWSUPER-03', 'SW SuperPaint Exterior Flat - Gallon', 4, 58.99, 36.0, 'gallon', 235.96, 144.0, 'gallon', 36.0) ON CONFLICT DO NOTHING;
INSERT INTO withdrawal_items (id, withdrawal_id, sku_id, sku, name, quantity, unit_price, cost, unit, amount, cost_total, sell_uom, sell_cost) VALUES ('901da2fe-fcf6-4875-8a62-9526349eb4c9', '0997ccd3-c21b-4ff3-b413-6ca5a35504fd', '1e0588fa-7c95-4f29-9514-e8dd6eca0f34', 'PNS-ROLLER9-01', 'Purdy White Dove 9" Roller Cover 3/8" Nap', 6, 8.99, 4.2, 'each', 53.94, 25.2, 'each', 4.2) ON CONFLICT DO NOTHING;
INSERT INTO withdrawal_items (id, withdrawal_id, sku_id, sku, name, quantity, unit_price, cost, unit, amount, cost_total, sell_uom, sell_cost) VALUES ('11e9f550-dd12-488a-8023-9a509971b69d', '0997ccd3-c21b-4ff3-b413-6ca5a35504fd', '3fe0349e-a40d-4095-8a33-4e3f5210e8ec', 'PNS-ROLLER9-02', 'Purdy White Dove 9" Roller Cover 1/2" Nap', 4, 9.49, 4.5, 'each', 37.96, 18.0, 'each', 4.5) ON CONFLICT DO NOTHING;
INSERT INTO withdrawal_items (id, withdrawal_id, sku_id, sku, name, quantity, unit_price, cost, unit, amount, cost_total, sell_uom, sell_cost) VALUES ('8ae61cc0-b70a-4b60-8733-cdaa00ca0529', '0997ccd3-c21b-4ff3-b413-6ca5a35504fd', '289216cb-2c90-40ae-b762-69a374a7aa60', 'CLN-PREPWIPE-01', 'Sherwin-Williams Prep & Cleanup Wipes', 3, 9.99, 5.2, 'pack', 29.97, 15.6, 'pack', 5.2) ON CONFLICT DO NOTHING;
INSERT INTO withdrawal_items (id, withdrawal_id, sku_id, sku, name, quantity, unit_price, cost, unit, amount, cost_total, sell_uom, sell_cost) VALUES ('fd04744a-b585-422d-abdf-a7db3f93105d', '8bcbbdf6-75b3-4ce6-ba54-dfd37a8fc22d', 'da4457b6-d9f4-4416-9c4d-a6ec64f3165a', 'SAF-KIDDESM-01', 'Kidde Hardwired Smoke + CO Detector', 3, 42.99, 28.0, 'each', 128.97, 84.0, 'each', 28.0) ON CONFLICT DO NOTHING;
INSERT INTO withdrawal_items (id, withdrawal_id, sku_id, sku, name, quantity, unit_price, cost, unit, amount, cost_total, sell_uom, sell_cost) VALUES ('cee2d15f-5378-4429-bdd4-c939c53f6e1b', '8bcbbdf6-75b3-4ce6-ba54-dfd37a8fc22d', '61716a2f-3bc2-4bac-b5b2-b6e10d75e99d', 'LOK-KWIKDBL-01', 'Kwikset Deadbolt Satin Nickel', 2, 29.99, 16.0, 'each', 59.98, 32.0, 'each', 16.0) ON CONFLICT DO NOTHING;
INSERT INTO withdrawal_items (id, withdrawal_id, sku_id, sku, name, quantity, unit_price, cost, unit, amount, cost_total, sell_uom, sell_cost) VALUES ('46f7badf-1910-4170-ad53-23ff4ca1d925', '8bcbbdf6-75b3-4ce6-ba54-dfd37a8fc22d', '1106f62b-d029-4dd1-a380-682f2c5bc9f7', 'ADH-LIQNAIL-01', 'Liquid Nails Heavy Duty 10oz', 4, 5.49, 2.8, 'tube', 21.96, 11.2, 'tube', 2.8) ON CONFLICT DO NOTHING;
INSERT INTO material_requests (id, contractor_id, contractor_name, items, status, job_id, service_address, created_at, organization_id) VALUES ('a668af26-a644-475f-bcd6-b8588954c278', '0565b2d4-2c7d-4b5e-9aa7-a2a05d387224', 'Sarah Okafor', '[{"sku_id": "8f11b463-0036-4ced-80f2-8e675876e1cc", "sku": "INS-OWENR15-01", "name": "Owens Corning R-15 3.5\" x 15\" x 93\" 8-pack", "quantity": 4, "unit_price": 49.99, "cost": 0, "unit": "pack", "sell_uom": "pack", "sell_cost": 0, "subtotal": 199.96, "cost_total": 0}]', 'pending', 'SP-2026-001', '345 Pine Ridge Rd, Aspen CO', '2026-03-17T06:00:00+00:00', 'supply-yard') ON CONFLICT DO NOTHING;
INSERT INTO material_requests (id, contractor_id, contractor_name, items, status, job_id, service_address, created_at, processed_at, processed_by_id, organization_id) VALUES ('c07c9813-2500-438c-84ea-1357159436ca', '4d5ff6c9-6ac2-4929-bd5f-e4197c10d009', 'Mike Torres', '[{"sku_id": "d9760d12-941d-4e8b-a79f-fe85d933d7db", "sku": "FLO-LVPOAK-01", "name": "LifeProof Sterling Oak LVP 20.06sqft", "quantity": 6, "unit_price": 42.99, "cost": 0, "unit": "box", "sell_uom": "box", "sell_cost": 0, "subtotal": 257.94, "cost_total": 0}]', 'processed', 'RR-2026-001', '1200 Mountain View Dr, Unit 4A, Vail CO', '2026-03-15T12:00:00+00:00', '2026-03-16T12:00:00+00:00', 'db3a2209-7b14-42e3-9c7b-8ab0b774f22b', 'supply-yard') ON CONFLICT DO NOTHING;
INSERT INTO invoices (id, invoice_number, billing_entity, billing_entity_id, contact_name, contact_email, status, subtotal, tax, tax_rate, total, amount_credited, invoice_date, due_date, payment_terms, billing_address, currency, xero_sync_status, organization_id, created_at, updated_at) VALUES ('72aab2b5-a689-4f6e-bb34-98e709c9f4fe', 'INV-00001', 'Riva Ridge Property Mgmt', '072f39cd-940f-46a5-8555-7158d5a2be31', 'Mike Torres', 'mike@rivridge.com', 'paid', 230.82, 23.08, 0.10, 253.9, 0, '2026-03-05T12:00:00+00:00', '2026-04-04T12:00:00+00:00', 'net_30', '1200 Mountain View Dr, Ste 400, Vail CO 81657', 'USD', 'synced', 'supply-yard', '2026-03-05T12:00:00+00:00', '2026-03-12T12:00:00+00:00') ON CONFLICT DO NOTHING;
INSERT INTO invoices (id, invoice_number, billing_entity, billing_entity_id, contact_name, contact_email, status, subtotal, tax, tax_rate, total, amount_credited, invoice_date, due_date, payment_terms, billing_address, currency, approved_by_id, approved_at, xero_sync_status, organization_id, created_at, updated_at) VALUES ('5882176f-2785-46be-be3c-230d0a157e54', 'INV-00002', 'Riva Ridge Property Mgmt', '072f39cd-940f-46a5-8555-7158d5a2be31', 'Mike Torres', 'mike@rivridge.com', 'approved', 455.06, 45.51, 0.10, 500.57, 0, '2026-03-09T12:00:00+00:00', '2026-04-08T12:00:00+00:00', 'net_30', '1200 Mountain View Dr, Ste 400, Vail CO 81657', 'USD', 'db3a2209-7b14-42e3-9c7b-8ab0b774f22b', '2026-03-10T12:00:00+00:00', 'synced', 'supply-yard', '2026-03-09T12:00:00+00:00', '2026-03-10T12:00:00+00:00') ON CONFLICT DO NOTHING;
INSERT INTO invoices (id, invoice_number, billing_entity, billing_entity_id, contact_name, contact_email, status, subtotal, tax, tax_rate, total, amount_credited, invoice_date, due_date, payment_terms, billing_address, currency, xero_sync_status, organization_id, created_at, updated_at) VALUES ('f6c2d999-9a6b-45ff-beb3-31de09384886', 'INV-00003', 'Coastal Living Rentals', '3766b68c-ffd8-4541-a241-f9f10e1e65e0', 'Jenna Park', 'jenna@coastalrentals.com', 'paid', 357.83, 35.78, 0.10, 393.61, 0, '2026-03-10T12:00:00+00:00', '2026-03-25T12:00:00+00:00', 'net_15', '45 Ocean Ave, Ste 3, Monterey CA 93940', 'USD', 'synced', 'supply-yard', '2026-03-10T12:00:00+00:00', '2026-03-16T12:00:00+00:00') ON CONFLICT DO NOTHING;
INSERT INTO invoices (id, invoice_number, billing_entity, billing_entity_id, contact_name, contact_email, status, subtotal, tax, tax_rate, total, amount_credited, invoice_date, due_date, payment_terms, billing_address, currency, xero_sync_status, organization_id, created_at, updated_at) VALUES ('25e3e4a5-4000-4cc0-bcd0-6888c2aa0678', 'INV-00004', 'Summit Property Group', '77cd2847-439e-4597-a686-1c36171e8a26', 'Sarah Okafor', 'sarah@summitpm.com', 'draft', 702.0, 70.2, 0.10, 772.2, 0, '2026-03-15T12:00:00+00:00', '2026-04-14T12:00:00+00:00', 'net_30', '890 Summit Blvd, Ste 12, Aspen CO 81611', 'USD', 'pending', 'supply-yard', '2026-03-15T12:00:00+00:00', '2026-03-15T12:00:00+00:00') ON CONFLICT DO NOTHING;
INSERT INTO invoice_withdrawals (invoice_id, withdrawal_id) VALUES ('72aab2b5-a689-4f6e-bb34-98e709c9f4fe', '67cc2888-01b0-4f6d-9eb1-b5bceca709ed') ON CONFLICT DO NOTHING;
INSERT INTO invoice_withdrawals (invoice_id, withdrawal_id) VALUES ('5882176f-2785-46be-be3c-230d0a157e54', '73606422-b21e-4390-9a29-4a10926b44f4') ON CONFLICT DO NOTHING;
INSERT INTO invoice_withdrawals (invoice_id, withdrawal_id) VALUES ('5882176f-2785-46be-be3c-230d0a157e54', '9e9e3561-4b08-483e-afa1-f286f4ea67fe') ON CONFLICT DO NOTHING;
INSERT INTO invoice_withdrawals (invoice_id, withdrawal_id) VALUES ('f6c2d999-9a6b-45ff-beb3-31de09384886', '0997ccd3-c21b-4ff3-b413-6ca5a35504fd') ON CONFLICT DO NOTHING;
INSERT INTO invoice_withdrawals (invoice_id, withdrawal_id) VALUES ('25e3e4a5-4000-4cc0-bcd0-6888c2aa0678', '90610e8b-490d-482d-8155-11470b6e8f1f') ON CONFLICT DO NOTHING;
INSERT INTO invoice_withdrawals (invoice_id, withdrawal_id) VALUES ('25e3e4a5-4000-4cc0-bcd0-6888c2aa0678', 'f480acbb-1d1d-49d8-b221-f93523da5ffe') ON CONFLICT DO NOTHING;
INSERT INTO invoice_line_items (id, invoice_id, description, quantity, unit_price, amount, cost, sku_id, job_id, unit, sell_cost) VALUES ('b49445f0-8dff-4a0a-bf21-7ac5070ef2e6', '72aab2b5-a689-4f6e-bb34-98e709c9f4fe', 'PEX-A Tubing 1/2" x 100ft Red', 2, 42.99, 85.98, 24.5, 'de51abcf-cdae-4525-8d62-5c78e44c1195', 'RR-2026-001', 'foot', 24.5) ON CONFLICT DO NOTHING;
INSERT INTO invoice_line_items (id, invoice_id, description, quantity, unit_price, amount, cost, sku_id, job_id, unit, sell_cost) VALUES ('eae6c7bf-e293-4920-8381-42f6f1dee3f1', '72aab2b5-a689-4f6e-bb34-98e709c9f4fe', 'SharkBite 1/2" 90-Degree Elbow', 10, 8.49, 84.9, 4.8, '61b05898-68ef-445c-84d9-360d6591ec18', 'RR-2026-001', 'each', 4.8) ON CONFLICT DO NOTHING;
INSERT INTO invoice_line_items (id, invoice_id, description, quantity, unit_price, amount, cost, sku_id, job_id, unit, sell_cost) VALUES ('3cb1edfc-073e-46a8-a39f-8735c59896ed', '72aab2b5-a689-4f6e-bb34-98e709c9f4fe', 'SharkBite 1/2" Tee', 6, 9.99, 59.94, 5.6, '40d894bc-f9cf-4214-91f9-121c017491db', 'RR-2026-001', 'each', 5.6) ON CONFLICT DO NOTHING;
INSERT INTO invoice_line_items (id, invoice_id, description, quantity, unit_price, amount, cost, sku_id, job_id, unit, sell_cost) VALUES ('29b2f6a8-97f9-47e2-aa6a-3885a5170e1e', '5882176f-2785-46be-be3c-230d0a157e54', 'Leviton Decora 15A Switch White', 8, 3.29, 26.32, 1.6, '6ae33a60-5957-48bc-a4b3-d2be8eb1521e', 'RR-2026-001', 'each', 1.6) ON CONFLICT DO NOTHING;
INSERT INTO invoice_line_items (id, invoice_id, description, quantity, unit_price, amount, cost, sku_id, job_id, unit, sell_cost) VALUES ('cfe31e43-23ad-479c-b13f-e496eea16ff3', '5882176f-2785-46be-be3c-230d0a157e54', 'Leviton GFCI 15A Outlet White', 4, 18.99, 75.96, 10.5, '53b5debc-f818-43ce-add8-2666a06ad6ff', 'RR-2026-001', 'each', 10.5) ON CONFLICT DO NOTHING;
INSERT INTO invoice_line_items (id, invoice_id, description, quantity, unit_price, amount, cost, sku_id, job_id, unit, sell_cost) VALUES ('3a89295e-0271-4042-97a4-16dbccc2895b', '5882176f-2785-46be-be3c-230d0a157e54', 'Romex 14/2 NM-B 250ft', 1, 89.99, 89.99, 52.0, '3f6231bd-49c5-4af3-969e-0b52da8d9977', 'RR-2026-001', 'foot', 52.0) ON CONFLICT DO NOTHING;
INSERT INTO invoice_line_items (id, invoice_id, description, quantity, unit_price, amount, cost, sku_id, job_id, unit, sell_cost) VALUES ('baf3853d-1000-414c-b6a3-f30ad8fbaf77', '5882176f-2785-46be-be3c-230d0a157e54', '1/2" x 4x8 Drywall Sheet', 12, 14.99, 179.88, 8.2, '3b4751d2-aa8c-41bb-bdb0-7f84b62b703b', 'RR-2026-002', 'sheet', 8.2) ON CONFLICT DO NOTHING;
INSERT INTO invoice_line_items (id, invoice_id, description, quantity, unit_price, amount, cost, sku_id, job_id, unit, sell_cost) VALUES ('768ba5b6-b7f0-4b1a-b0fe-6dc9e9fc818d', '5882176f-2785-46be-be3c-230d0a157e54', '#6 x 1-5/8" Drywall Screw 1lb', 4, 5.99, 23.96, 2.8, '3b295ef4-d464-4be3-8dbb-e9cb6eb9a893', 'RR-2026-002', 'box', 2.8) ON CONFLICT DO NOTHING;
INSERT INTO invoice_line_items (id, invoice_id, description, quantity, unit_price, amount, cost, sku_id, job_id, unit, sell_cost) VALUES ('c5ebd458-c177-4fea-8858-da315bae0722', '5882176f-2785-46be-be3c-230d0a157e54', 'USG Plus 3 Joint Compound 4.5gal', 2, 18.99, 37.98, 10.4, '63f4bb05-e629-455c-9304-2fa2f1dbfcdd', 'RR-2026-002', 'bucket', 10.4) ON CONFLICT DO NOTHING;
INSERT INTO invoice_line_items (id, invoice_id, description, quantity, unit_price, amount, cost, sku_id, job_id, unit, sell_cost) VALUES ('c4e965a6-846d-4e14-b234-194227c9954a', '5882176f-2785-46be-be3c-230d0a157e54', 'FibaTape Mesh Drywall Tape 300ft', 3, 6.99, 20.97, 3.2, '3dc93e36-76bc-476c-91c8-b2f3cc807e02', 'RR-2026-002', 'roll', 3.2) ON CONFLICT DO NOTHING;
INSERT INTO invoice_line_items (id, invoice_id, description, quantity, unit_price, amount, cost, sku_id, job_id, unit, sell_cost) VALUES ('d4a8009a-2e44-44eb-9723-98ef2849623d', 'f6c2d999-9a6b-45ff-beb3-31de09384886', 'SW SuperPaint Exterior Flat - Gallon', 4, 58.99, 235.96, 36.0, '8767b2bd-b3f2-470c-bcbb-7074d5e2fcf3', 'CL-2026-001', 'gallon', 36.0) ON CONFLICT DO NOTHING;
INSERT INTO invoice_line_items (id, invoice_id, description, quantity, unit_price, amount, cost, sku_id, job_id, unit, sell_cost) VALUES ('7c78f1f7-df67-4b1a-8cba-233b1051639f', 'f6c2d999-9a6b-45ff-beb3-31de09384886', 'Purdy White Dove 9" Roller Cover 3/8" Nap', 6, 8.99, 53.94, 4.2, 'f0d93977-f60a-4888-bfd5-6e5a3200b363', 'CL-2026-001', 'each', 4.2) ON CONFLICT DO NOTHING;
INSERT INTO invoice_line_items (id, invoice_id, description, quantity, unit_price, amount, cost, sku_id, job_id, unit, sell_cost) VALUES ('57c5e259-e3e5-4832-8520-62490ee267e5', 'f6c2d999-9a6b-45ff-beb3-31de09384886', 'Purdy White Dove 9" Roller Cover 1/2" Nap', 4, 9.49, 37.96, 4.5, 'b7c23ed7-d7e8-4a33-b999-8765c9b85046', 'CL-2026-001', 'each', 4.5) ON CONFLICT DO NOTHING;
INSERT INTO invoice_line_items (id, invoice_id, description, quantity, unit_price, amount, cost, sku_id, job_id, unit, sell_cost) VALUES ('9119d7c6-2358-401b-8391-10d230f77a55', 'f6c2d999-9a6b-45ff-beb3-31de09384886', 'Sherwin-Williams Prep & Cleanup Wipes', 3, 9.99, 29.97, 5.2, '9f707eef-841f-4485-a3d7-af33312323cc', 'CL-2026-001', 'pack', 5.2) ON CONFLICT DO NOTHING;
INSERT INTO invoice_line_items (id, invoice_id, description, quantity, unit_price, amount, cost, sku_id, job_id, unit, sell_cost) VALUES ('763c35ae-1cf0-4e6a-89e9-5de94fe85b2a', '25e3e4a5-4000-4cc0-bcd0-6888c2aa0678', '5/4x6x12 PT Deck Board', 20, 14.99, 299.8, 8.8, 'b71af781-aa4a-41d1-bbd0-1cb3165b7be2', 'SP-2026-001', 'each', 8.8) ON CONFLICT DO NOTHING;
INSERT INTO invoice_line_items (id, invoice_id, description, quantity, unit_price, amount, cost, sku_id, job_id, unit, sell_cost) VALUES ('47f2eebc-0c14-4bf4-8d24-6abdbe3dead6', '25e3e4a5-4000-4cc0-bcd0-6888c2aa0678', '5/4x6x16 PT Deck Board', 8, 19.99, 159.92, 11.6, '4dd7d11b-b091-4579-9b55-8c3dd8db054d', 'SP-2026-001', 'each', 11.6) ON CONFLICT DO NOTHING;
INSERT INTO invoice_line_items (id, invoice_id, description, quantity, unit_price, amount, cost, sku_id, job_id, unit, sell_cost) VALUES ('024f6d8f-52a8-42c6-b41b-b7387515f269', '25e3e4a5-4000-4cc0-bcd0-6888c2aa0678', 'GRK #8 x 2-1/2" Deck Screw 100pk', 6, 14.99, 89.94, 7.8, 'ff6fee8c-806b-49a6-9f9e-fd046015cd76', 'SP-2026-001', 'box', 7.8) ON CONFLICT DO NOTHING;
INSERT INTO invoice_line_items (id, invoice_id, description, quantity, unit_price, amount, cost, sku_id, job_id, unit, sell_cost) VALUES ('0fe99692-7bed-4604-8343-d8d4d381223d', '25e3e4a5-4000-4cc0-bcd0-6888c2aa0678', '2x4x8 SPF Stud', 12, 4.29, 51.48, 2.4, '56886772-d2ff-474f-aa63-c7c14551336e', 'SP-2026-001', 'each', 2.4) ON CONFLICT DO NOTHING;
INSERT INTO invoice_line_items (id, invoice_id, description, quantity, unit_price, amount, cost, sku_id, job_id, unit, sell_cost) VALUES ('b86efb43-8ce0-4f60-b83c-de2622920516', '25e3e4a5-4000-4cc0-bcd0-6888c2aa0678', '2x6x8 SPF', 8, 6.99, 55.92, 4.0, '7c624f11-4e20-4c0f-a2f7-7c478bf4e2cf', 'SP-2026-001', 'each', 4.0) ON CONFLICT DO NOTHING;
INSERT INTO invoice_line_items (id, invoice_id, description, quantity, unit_price, amount, cost, sku_id, job_id, unit, sell_cost) VALUES ('dde70782-1c53-421c-9829-350a2284865e', '25e3e4a5-4000-4cc0-bcd0-6888c2aa0678', 'Quikrete Fast-Setting Concrete 50lb', 6, 7.49, 44.94, 4.1, '752b943a-24ba-4411-9ee2-51b156f6b99c', 'SP-2026-001', 'bag', 4.1) ON CONFLICT DO NOTHING;
INSERT INTO payments (id, invoice_id, billing_entity_id, amount, method, reference, payment_date, recorded_by_id, organization_id, created_at, updated_at) VALUES ('17180586-a9f4-42ca-9aaa-fd6c0122427a', '72aab2b5-a689-4f6e-bb34-98e709c9f4fe', '072f39cd-940f-46a5-8555-7158d5a2be31', 253.9, 'check', 'CHK-4521', '2026-03-12T12:00:00+00:00', 'db3a2209-7b14-42e3-9c7b-8ab0b774f22b', 'supply-yard', '2026-03-12T12:00:00+00:00', '2026-03-12T12:00:00+00:00') ON CONFLICT DO NOTHING;
INSERT INTO payments (id, invoice_id, billing_entity_id, amount, method, reference, payment_date, recorded_by_id, organization_id, created_at, updated_at) VALUES ('adf303b2-ca87-4de5-9ae8-3d045ce58c47', 'f6c2d999-9a6b-45ff-beb3-31de09384886', '3766b68c-ffd8-4541-a241-f9f10e1e65e0', 393.61, 'bank_transfer', 'ACH-8873', '2026-03-16T12:00:00+00:00', 'db3a2209-7b14-42e3-9c7b-8ab0b774f22b', 'supply-yard', '2026-03-16T12:00:00+00:00', '2026-03-16T12:00:00+00:00') ON CONFLICT DO NOTHING;
INSERT INTO returns (id, withdrawal_id, contractor_id, contractor_name, billing_entity, billing_entity_id, job_id, items, subtotal, tax, total, cost_total, reason, notes, credit_note_id, processed_by_id, processed_by_name, organization_id, created_at, updated_at) VALUES ('db1703c1-a084-4bc6-9c6b-106569bc9c02', '73606422-b21e-4390-9a29-4a10926b44f4', '4d5ff6c9-6ac2-4929-bd5f-e4197c10d009', 'Mike Torres', 'Riva Ridge Property Mgmt', '072f39cd-940f-46a5-8555-7158d5a2be31', 'RR-2026-001', '[{"sku_id": "cbeec2f1-9986-4edd-80f9-26dbad0181b4", "sku": "ELE-GFCI15-01", "name": "Leviton GFCI 15A Outlet White", "quantity": 2, "unit_price": 18.99, "cost": 10.5, "unit": "each", "reason": "damaged", "notes": "Cracked faceplates on arrival"}]', 37.98, 3.8, 41.78, 21.0, 'damaged', 'Cracked faceplates on arrival', '3a827fe5-ec2d-4736-9a83-c69f77f55a93', 'db3a2209-7b14-42e3-9c7b-8ab0b774f22b', 'Marcus Chen', 'supply-yard', '2026-03-08T12:00:00+00:00', '2026-03-08T12:00:00+00:00') ON CONFLICT DO NOTHING;
INSERT INTO credit_notes (id, credit_note_number, invoice_id, return_id, billing_entity, billing_entity_id, status, subtotal, tax, total, xero_sync_status, organization_id, created_at, updated_at) VALUES ('3a827fe5-ec2d-4736-9a83-c69f77f55a93', 'CN-00001', '5882176f-2785-46be-be3c-230d0a157e54', 'db1703c1-a084-4bc6-9c6b-106569bc9c02', 'Riva Ridge Property Mgmt', '072f39cd-940f-46a5-8555-7158d5a2be31', 'applied', 37.98, 3.8, 41.78, 'synced', 'supply-yard', '2026-03-08T12:00:00+00:00', '2026-03-08T12:00:00+00:00') ON CONFLICT DO NOTHING;
INSERT INTO stock_transactions (id, sku_id, sku, product_name, quantity_delta, quantity_before, quantity_after, unit, transaction_type, reference_id, reference_type, user_id, user_name, organization_id, created_at, original_quantity, original_unit) VALUES ('8d3bc6b2-67d5-49aa-9c1c-c9c910c33408', 'f509e4c3-86ae-4a0a-9dcd-0d4d4c4b5e51', 'PLP-PEXTUBE-01', 'PEX-A Tubing 1/2" x 100ft Red', -2, 15, 13, 'foot', 'withdrawal', '67cc2888-01b0-4f6d-9eb1-b5bceca709ed', 'withdrawal', 'db3a2209-7b14-42e3-9c7b-8ab0b774f22b', 'Marcus Chen', 'supply-yard', '2026-03-05T12:00:00+00:00', 2, 'foot') ON CONFLICT DO NOTHING;
INSERT INTO stock_transactions (id, sku_id, sku, product_name, quantity_delta, quantity_before, quantity_after, unit, transaction_type, reference_id, reference_type, user_id, user_name, organization_id, created_at, original_quantity, original_unit) VALUES ('81bd68bf-dc46-410c-bac9-ed79d802f660', '3d59ce91-308a-4749-bb99-4c8b03d284d8', 'PLF-SHRKBT90-01', 'SharkBite 1/2" 90-Degree Elbow', -10, 45, 35, 'each', 'withdrawal', '67cc2888-01b0-4f6d-9eb1-b5bceca709ed', 'withdrawal', 'db3a2209-7b14-42e3-9c7b-8ab0b774f22b', 'Marcus Chen', 'supply-yard', '2026-03-05T12:00:00+00:00', 10, 'each') ON CONFLICT DO NOTHING;
INSERT INTO stock_transactions (id, sku_id, sku, product_name, quantity_delta, quantity_before, quantity_after, unit, transaction_type, reference_id, reference_type, user_id, user_name, organization_id, created_at, original_quantity, original_unit) VALUES ('18c6a17c-f8a4-48da-b528-94a4aebc2820', 'eaba46e1-5256-40c5-b280-6d8b71cba485', 'PLF-SHRKBTT-01', 'SharkBite 1/2" Tee', -6, 38, 32, 'each', 'withdrawal', '67cc2888-01b0-4f6d-9eb1-b5bceca709ed', 'withdrawal', 'db3a2209-7b14-42e3-9c7b-8ab0b774f22b', 'Marcus Chen', 'supply-yard', '2026-03-05T12:00:00+00:00', 6, 'each') ON CONFLICT DO NOTHING;
INSERT INTO stock_transactions (id, sku_id, sku, product_name, quantity_delta, quantity_before, quantity_after, unit, transaction_type, reference_id, reference_type, user_id, user_name, organization_id, created_at, original_quantity, original_unit) VALUES ('7e1c0e8c-2a6e-4ed5-8644-41f93684f008', '2e058e41-1d23-4362-8cfa-203f6dd74d1d', 'ELE-DECORASW-01', 'Leviton Decora 15A Switch White', -8, 80, 72, 'each', 'withdrawal', '73606422-b21e-4390-9a29-4a10926b44f4', 'withdrawal', 'db3a2209-7b14-42e3-9c7b-8ab0b774f22b', 'Marcus Chen', 'supply-yard', '2026-03-07T12:00:00+00:00', 8, 'each') ON CONFLICT DO NOTHING;
INSERT INTO stock_transactions (id, sku_id, sku, product_name, quantity_delta, quantity_before, quantity_after, unit, transaction_type, reference_id, reference_type, user_id, user_name, organization_id, created_at, original_quantity, original_unit) VALUES ('06b57900-9bb4-4c5c-8aaa-6b3e133a47d9', '9e43da00-6093-4bc3-87e2-dc0007d95a73', 'ELE-GFCI15-01', 'Leviton GFCI 15A Outlet White', -4, 25, 21, 'each', 'withdrawal', '73606422-b21e-4390-9a29-4a10926b44f4', 'withdrawal', 'db3a2209-7b14-42e3-9c7b-8ab0b774f22b', 'Marcus Chen', 'supply-yard', '2026-03-07T12:00:00+00:00', 4, 'each') ON CONFLICT DO NOTHING;
INSERT INTO stock_transactions (id, sku_id, sku, product_name, quantity_delta, quantity_before, quantity_after, unit, transaction_type, reference_id, reference_type, user_id, user_name, organization_id, created_at, original_quantity, original_unit) VALUES ('028d4ecb-b91f-499c-8d0d-701b3855bd57', '97ad374e-3173-4994-b4ac-1f45ce5fbdf1', 'ELW-ROMEX14-01', 'Romex 14/2 NM-B 250ft', -1, 6, 5, 'foot', 'withdrawal', '73606422-b21e-4390-9a29-4a10926b44f4', 'withdrawal', 'db3a2209-7b14-42e3-9c7b-8ab0b774f22b', 'Marcus Chen', 'supply-yard', '2026-03-07T12:00:00+00:00', 1, 'foot') ON CONFLICT DO NOTHING;
INSERT INTO stock_transactions (id, sku_id, sku, product_name, quantity_delta, quantity_before, quantity_after, unit, transaction_type, reference_id, reference_type, user_id, user_name, organization_id, created_at, original_quantity, original_unit) VALUES ('ceb509eb-c864-4471-889d-c05550d36c3b', '77b57bd9-5f31-4658-91c1-293dc8c5aa09', 'BLD-DRYWALL-01', '1/2" x 4x8 Drywall Sheet', -12, 40, 28, 'sheet', 'withdrawal', '9e9e3561-4b08-483e-afa1-f286f4ea67fe', 'withdrawal', 'db3a2209-7b14-42e3-9c7b-8ab0b774f22b', 'Marcus Chen', 'supply-yard', '2026-03-09T12:00:00+00:00', 12, 'sheet') ON CONFLICT DO NOTHING;
INSERT INTO stock_transactions (id, sku_id, sku, product_name, quantity_delta, quantity_before, quantity_after, unit, transaction_type, reference_id, reference_type, user_id, user_name, organization_id, created_at, original_quantity, original_unit) VALUES ('cc499e95-36c7-4288-9495-30e0ffd8e087', 'c2286267-8087-4e4b-b5f4-77a514a346d2', 'FAS-DRYSCR-01', '#6 x 1-5/8" Drywall Screw 1lb', -4, 40, 36, 'box', 'withdrawal', '9e9e3561-4b08-483e-afa1-f286f4ea67fe', 'withdrawal', 'db3a2209-7b14-42e3-9c7b-8ab0b774f22b', 'Marcus Chen', 'supply-yard', '2026-03-09T12:00:00+00:00', 4, 'box') ON CONFLICT DO NOTHING;
INSERT INTO stock_transactions (id, sku_id, sku, product_name, quantity_delta, quantity_before, quantity_after, unit, transaction_type, reference_id, reference_type, user_id, user_name, organization_id, created_at, original_quantity, original_unit) VALUES ('4ebedf73-fcbf-419d-ad1d-25e5a9c58246', '561109f0-aff5-4697-b83a-47203273858d', 'DRM-JNTCMPD-01', 'USG Plus 3 Joint Compound 4.5gal', -2, 15, 13, 'bucket', 'withdrawal', '9e9e3561-4b08-483e-afa1-f286f4ea67fe', 'withdrawal', 'db3a2209-7b14-42e3-9c7b-8ab0b774f22b', 'Marcus Chen', 'supply-yard', '2026-03-09T12:00:00+00:00', 2, 'bucket') ON CONFLICT DO NOTHING;
INSERT INTO stock_transactions (id, sku_id, sku, product_name, quantity_delta, quantity_before, quantity_after, unit, transaction_type, reference_id, reference_type, user_id, user_name, organization_id, created_at, original_quantity, original_unit) VALUES ('7ab0f073-d09d-40fb-9a49-e782db3bd1ef', '04d47b88-51b5-4b59-bcf5-f1710b43575b', 'DRS-DRYTAPE-01', 'FibaTape Mesh Drywall Tape 300ft', -3, 25, 22, 'roll', 'withdrawal', '9e9e3561-4b08-483e-afa1-f286f4ea67fe', 'withdrawal', 'db3a2209-7b14-42e3-9c7b-8ab0b774f22b', 'Marcus Chen', 'supply-yard', '2026-03-09T12:00:00+00:00', 3, 'roll') ON CONFLICT DO NOTHING;
INSERT INTO stock_transactions (id, sku_id, sku, product_name, quantity_delta, quantity_before, quantity_after, unit, transaction_type, reference_id, reference_type, user_id, user_name, organization_id, created_at, original_quantity, original_unit) VALUES ('1aca6021-63b7-46dd-ad1b-096212991968', '25e18161-d12e-46f7-862c-9d52a09b30f1', 'LUM-PTDECK-01', '5/4x6x12 PT Deck Board', -20, 80, 60, 'each', 'withdrawal', '90610e8b-490d-482d-8155-11470b6e8f1f', 'withdrawal', 'db3a2209-7b14-42e3-9c7b-8ab0b774f22b', 'Marcus Chen', 'supply-yard', '2026-03-11T12:00:00+00:00', 20, 'each') ON CONFLICT DO NOTHING;
INSERT INTO stock_transactions (id, sku_id, sku, product_name, quantity_delta, quantity_before, quantity_after, unit, transaction_type, reference_id, reference_type, user_id, user_name, organization_id, created_at, original_quantity, original_unit) VALUES ('1643fbed-3d1a-47ee-b200-c418a2ae4154', 'dcd16a65-d759-4885-a31b-a39548631179', 'LUM-PTDECK-02', '5/4x6x16 PT Deck Board', -8, 40, 32, 'each', 'withdrawal', '90610e8b-490d-482d-8155-11470b6e8f1f', 'withdrawal', 'db3a2209-7b14-42e3-9c7b-8ab0b774f22b', 'Marcus Chen', 'supply-yard', '2026-03-11T12:00:00+00:00', 8, 'each') ON CONFLICT DO NOTHING;
INSERT INTO stock_transactions (id, sku_id, sku, product_name, quantity_delta, quantity_before, quantity_after, unit, transaction_type, reference_id, reference_type, user_id, user_name, organization_id, created_at, original_quantity, original_unit) VALUES ('d1cc717a-5e55-4a55-b004-c59ea67e59f7', 'df11d827-c5cf-487d-8bc2-ff34a4cf1af0', 'FAS-DECKSCR-01', 'GRK #8 x 2-1/2" Deck Screw 100pk', -6, 50, 44, 'box', 'withdrawal', '90610e8b-490d-482d-8155-11470b6e8f1f', 'withdrawal', 'db3a2209-7b14-42e3-9c7b-8ab0b774f22b', 'Marcus Chen', 'supply-yard', '2026-03-11T12:00:00+00:00', 6, 'box') ON CONFLICT DO NOTHING;
INSERT INTO stock_transactions (id, sku_id, sku, product_name, quantity_delta, quantity_before, quantity_after, unit, transaction_type, reference_id, reference_type, user_id, user_name, organization_id, created_at, original_quantity, original_unit) VALUES ('9cd88097-6c2e-4172-a122-596988113917', '021d2901-91f5-436f-bdcb-466d8e4325d4', 'LUM-STUDS2X4-01', '2x4x8 SPF Stud', -12, 120, 108, 'each', 'withdrawal', 'f480acbb-1d1d-49d8-b221-f93523da5ffe', 'withdrawal', 'db3a2209-7b14-42e3-9c7b-8ab0b774f22b', 'Marcus Chen', 'supply-yard', '2026-03-13T12:00:00+00:00', 12, 'each') ON CONFLICT DO NOTHING;
INSERT INTO stock_transactions (id, sku_id, sku, product_name, quantity_delta, quantity_before, quantity_after, unit, transaction_type, reference_id, reference_type, user_id, user_name, organization_id, created_at, original_quantity, original_unit) VALUES ('0b2bf9af-d878-43ff-bd21-1095a25baa30', '8fa78caf-7e72-420e-976b-ec12b14132d4', 'LUM-STUDS2X6-01', '2x6x8 SPF', -8, 50, 42, 'each', 'withdrawal', 'f480acbb-1d1d-49d8-b221-f93523da5ffe', 'withdrawal', 'db3a2209-7b14-42e3-9c7b-8ab0b774f22b', 'Marcus Chen', 'supply-yard', '2026-03-13T12:00:00+00:00', 8, 'each') ON CONFLICT DO NOTHING;
INSERT INTO stock_transactions (id, sku_id, sku, product_name, quantity_delta, quantity_before, quantity_after, unit, transaction_type, reference_id, reference_type, user_id, user_name, organization_id, created_at, original_quantity, original_unit) VALUES ('8af91158-5770-4aa2-8f0b-bb9bd2920cb9', '755a6c4b-5cd1-4af7-bcbe-836dfe26b67c', 'CON-QUIKSET-01', 'Quikrete Fast-Setting Concrete 50lb', -6, 35, 29, 'bag', 'withdrawal', 'f480acbb-1d1d-49d8-b221-f93523da5ffe', 'withdrawal', 'db3a2209-7b14-42e3-9c7b-8ab0b774f22b', 'Marcus Chen', 'supply-yard', '2026-03-13T12:00:00+00:00', 6, 'bag') ON CONFLICT DO NOTHING;
INSERT INTO stock_transactions (id, sku_id, sku, product_name, quantity_delta, quantity_before, quantity_after, unit, transaction_type, reference_id, reference_type, user_id, user_name, organization_id, created_at, original_quantity, original_unit) VALUES ('24c643a2-5196-4da4-afbc-a68dedd38bcc', '346fdc27-3bf0-4af2-924e-7091a39b49f0', 'ELW-ROMEX12-01', 'Romex 12/2 NM-B 250ft', -1, 4, 3, 'foot', 'withdrawal', 'b65a99f4-d274-4041-bba8-c07ec78cbf76', 'withdrawal', 'db3a2209-7b14-42e3-9c7b-8ab0b774f22b', 'Marcus Chen', 'supply-yard', '2026-03-14T12:00:00+00:00', 1, 'foot') ON CONFLICT DO NOTHING;
INSERT INTO stock_transactions (id, sku_id, sku, product_name, quantity_delta, quantity_before, quantity_after, unit, transaction_type, reference_id, reference_type, user_id, user_name, organization_id, created_at, original_quantity, original_unit) VALUES ('7870f4db-c463-49e3-b959-1caa00aead9a', '9e43da00-6093-4bc3-87e2-dc0007d95a73', 'ELE-GFCI15-01', 'Leviton GFCI 15A Outlet White', -6, 25, 19, 'each', 'withdrawal', 'b65a99f4-d274-4041-bba8-c07ec78cbf76', 'withdrawal', 'db3a2209-7b14-42e3-9c7b-8ab0b774f22b', 'Marcus Chen', 'supply-yard', '2026-03-14T12:00:00+00:00', 6, 'each') ON CONFLICT DO NOTHING;
INSERT INTO stock_transactions (id, sku_id, sku, product_name, quantity_delta, quantity_before, quantity_after, unit, transaction_type, reference_id, reference_type, user_id, user_name, organization_id, created_at, original_quantity, original_unit) VALUES ('4937fb40-6d04-4b5a-9cfd-542bc5f20e3c', 'b878533e-062c-4c6e-ace8-4c561a3d0821', 'ELE-DECORASW-02', 'Leviton Decora 15A Switch Ivory', -10, 40, 30, 'each', 'withdrawal', 'b65a99f4-d274-4041-bba8-c07ec78cbf76', 'withdrawal', 'db3a2209-7b14-42e3-9c7b-8ab0b774f22b', 'Marcus Chen', 'supply-yard', '2026-03-14T12:00:00+00:00', 10, 'each') ON CONFLICT DO NOTHING;
INSERT INTO stock_transactions (id, sku_id, sku, product_name, quantity_delta, quantity_before, quantity_after, unit, transaction_type, reference_id, reference_type, user_id, user_name, organization_id, created_at, original_quantity, original_unit) VALUES ('6911533b-8646-49cf-8028-10d3ffc62fa0', 'ecd23bc8-eb47-4209-a297-fff4ca80b6ac', 'PNT-SWSUPER-03', 'SW SuperPaint Exterior Flat - Gallon', -4, 12, 8, 'gallon', 'withdrawal', '0997ccd3-c21b-4ff3-b413-6ca5a35504fd', 'withdrawal', 'db3a2209-7b14-42e3-9c7b-8ab0b774f22b', 'Marcus Chen', 'supply-yard', '2026-03-10T12:00:00+00:00', 4, 'gallon') ON CONFLICT DO NOTHING;
INSERT INTO stock_transactions (id, sku_id, sku, product_name, quantity_delta, quantity_before, quantity_after, unit, transaction_type, reference_id, reference_type, user_id, user_name, organization_id, created_at, original_quantity, original_unit) VALUES ('272c3f9c-7a73-4030-963c-440dd7ac843a', '1e0588fa-7c95-4f29-9514-e8dd6eca0f34', 'PNS-ROLLER9-01', 'Purdy White Dove 9" Roller Cover 3/8" Nap', -6, 30, 24, 'each', 'withdrawal', '0997ccd3-c21b-4ff3-b413-6ca5a35504fd', 'withdrawal', 'db3a2209-7b14-42e3-9c7b-8ab0b774f22b', 'Marcus Chen', 'supply-yard', '2026-03-10T12:00:00+00:00', 6, 'each') ON CONFLICT DO NOTHING;
INSERT INTO stock_transactions (id, sku_id, sku, product_name, quantity_delta, quantity_before, quantity_after, unit, transaction_type, reference_id, reference_type, user_id, user_name, organization_id, created_at, original_quantity, original_unit) VALUES ('74d1422d-97c5-462e-b131-5e4a746088c5', '3fe0349e-a40d-4095-8a33-4e3f5210e8ec', 'PNS-ROLLER9-02', 'Purdy White Dove 9" Roller Cover 1/2" Nap', -4, 25, 21, 'each', 'withdrawal', '0997ccd3-c21b-4ff3-b413-6ca5a35504fd', 'withdrawal', 'db3a2209-7b14-42e3-9c7b-8ab0b774f22b', 'Marcus Chen', 'supply-yard', '2026-03-10T12:00:00+00:00', 4, 'each') ON CONFLICT DO NOTHING;
INSERT INTO stock_transactions (id, sku_id, sku, product_name, quantity_delta, quantity_before, quantity_after, unit, transaction_type, reference_id, reference_type, user_id, user_name, organization_id, created_at, original_quantity, original_unit) VALUES ('0247f845-68cb-46db-869b-bf7d02bdf82b', '289216cb-2c90-40ae-b762-69a374a7aa60', 'CLN-PREPWIPE-01', 'Sherwin-Williams Prep & Cleanup Wipes', -3, 30, 27, 'pack', 'withdrawal', '0997ccd3-c21b-4ff3-b413-6ca5a35504fd', 'withdrawal', 'db3a2209-7b14-42e3-9c7b-8ab0b774f22b', 'Marcus Chen', 'supply-yard', '2026-03-10T12:00:00+00:00', 3, 'pack') ON CONFLICT DO NOTHING;
INSERT INTO stock_transactions (id, sku_id, sku, product_name, quantity_delta, quantity_before, quantity_after, unit, transaction_type, reference_id, reference_type, user_id, user_name, organization_id, created_at, original_quantity, original_unit) VALUES ('d343b479-26ae-4cea-8793-5d62f4a833ca', 'da4457b6-d9f4-4416-9c4d-a6ec64f3165a', 'SAF-KIDDESM-01', 'Kidde Hardwired Smoke + CO Detector', -3, 18, 15, 'each', 'withdrawal', '8bcbbdf6-75b3-4ce6-ba54-dfd37a8fc22d', 'withdrawal', 'db3a2209-7b14-42e3-9c7b-8ab0b774f22b', 'Marcus Chen', 'supply-yard', '2026-03-16T12:00:00+00:00', 3, 'each') ON CONFLICT DO NOTHING;
INSERT INTO stock_transactions (id, sku_id, sku, product_name, quantity_delta, quantity_before, quantity_after, unit, transaction_type, reference_id, reference_type, user_id, user_name, organization_id, created_at, original_quantity, original_unit) VALUES ('772bfbc2-7f92-4174-9fe5-3713da567c3b', '61716a2f-3bc2-4bac-b5b2-b6e10d75e99d', 'LOK-KWIKDBL-01', 'Kwikset Deadbolt Satin Nickel', -2, 12, 10, 'each', 'withdrawal', '8bcbbdf6-75b3-4ce6-ba54-dfd37a8fc22d', 'withdrawal', 'db3a2209-7b14-42e3-9c7b-8ab0b774f22b', 'Marcus Chen', 'supply-yard', '2026-03-16T12:00:00+00:00', 2, 'each') ON CONFLICT DO NOTHING;
INSERT INTO stock_transactions (id, sku_id, sku, product_name, quantity_delta, quantity_before, quantity_after, unit, transaction_type, reference_id, reference_type, user_id, user_name, organization_id, created_at, original_quantity, original_unit) VALUES ('3b955e11-8c1f-47e0-bad5-7236f21fb693', '1106f62b-d029-4dd1-a380-682f2c5bc9f7', 'ADH-LIQNAIL-01', 'Liquid Nails Heavy Duty 10oz', -4, 35, 31, 'tube', 'withdrawal', '8bcbbdf6-75b3-4ce6-ba54-dfd37a8fc22d', 'withdrawal', 'db3a2209-7b14-42e3-9c7b-8ab0b774f22b', 'Marcus Chen', 'supply-yard', '2026-03-16T12:00:00+00:00', 4, 'tube') ON CONFLICT DO NOTHING;
INSERT INTO stock_transactions (id, sku_id, sku, product_name, quantity_delta, quantity_before, quantity_after, unit, transaction_type, reference_id, reference_type, user_id, user_name, organization_id, created_at, original_quantity, original_unit) VALUES ('ff3087dd-adca-4cfe-9e84-0efb59b7c11b', 'd7174e83-8a60-4243-bfe5-4c0047e101ab', 'PNT-SWSUPER-01', 'SW SuperPaint Interior Flat - Gallon', 10, 20, 30, 'gallon', 'po_receipt', 'c7eeb272-92ad-4249-aa66-97a562d0170f', 'purchase_order', 'db3a2209-7b14-42e3-9c7b-8ab0b774f22b', 'Marcus Chen', 'supply-yard', '2026-03-03T12:00:00+00:00', 10, 'gallon') ON CONFLICT DO NOTHING;
INSERT INTO stock_transactions (id, sku_id, sku, product_name, quantity_delta, quantity_before, quantity_after, unit, transaction_type, reference_id, reference_type, user_id, user_name, organization_id, created_at, original_quantity, original_unit) VALUES ('55fab516-6777-4f4a-9c21-fd733131223e', '39d6d056-c36b-4e77-853d-4f0686a6d317', 'PNT-SWSUPER-02', 'SW SuperPaint Interior Satin - Gallon', 8, 18, 26, 'gallon', 'po_receipt', 'c7eeb272-92ad-4249-aa66-97a562d0170f', 'purchase_order', 'db3a2209-7b14-42e3-9c7b-8ab0b774f22b', 'Marcus Chen', 'supply-yard', '2026-03-03T12:00:00+00:00', 8, 'gallon') ON CONFLICT DO NOTHING;
INSERT INTO stock_transactions (id, sku_id, sku, product_name, quantity_delta, quantity_before, quantity_after, unit, transaction_type, reference_id, reference_type, user_id, user_name, organization_id, created_at, original_quantity, original_unit) VALUES ('ce7083ae-d9ac-400e-a149-94413d23bcba', 'ecd23bc8-eb47-4209-a297-fff4ca80b6ac', 'PNT-SWSUPER-03', 'SW SuperPaint Exterior Flat - Gallon', 6, 12, 18, 'gallon', 'po_receipt', 'c7eeb272-92ad-4249-aa66-97a562d0170f', 'purchase_order', 'db3a2209-7b14-42e3-9c7b-8ab0b774f22b', 'Marcus Chen', 'supply-yard', '2026-03-03T12:00:00+00:00', 6, 'gallon') ON CONFLICT DO NOTHING;
INSERT INTO stock_transactions (id, sku_id, sku, product_name, quantity_delta, quantity_before, quantity_after, unit, transaction_type, reference_id, reference_type, user_id, user_name, organization_id, created_at, original_quantity, original_unit) VALUES ('038e5343-9230-4b52-9230-8c41ebe82bbe', '1e0588fa-7c95-4f29-9514-e8dd6eca0f34', 'PNS-ROLLER9-01', 'Purdy White Dove 9" Roller Cover 3/8" Nap', 20, 30, 50, 'each', 'po_receipt', 'c7eeb272-92ad-4249-aa66-97a562d0170f', 'purchase_order', 'db3a2209-7b14-42e3-9c7b-8ab0b774f22b', 'Marcus Chen', 'supply-yard', '2026-03-03T12:00:00+00:00', 20, 'each') ON CONFLICT DO NOTHING;
INSERT INTO stock_transactions (id, sku_id, sku, product_name, quantity_delta, quantity_before, quantity_after, unit, transaction_type, reference_id, reference_type, user_id, user_name, organization_id, created_at, original_quantity, original_unit) VALUES ('c5f9bdc2-0feb-4f05-9e86-46531b396db9', '289216cb-2c90-40ae-b762-69a374a7aa60', 'CLN-PREPWIPE-01', 'Sherwin-Williams Prep & Cleanup Wipes', 10, 30, 40, 'pack', 'po_receipt', 'c7eeb272-92ad-4249-aa66-97a562d0170f', 'purchase_order', 'db3a2209-7b14-42e3-9c7b-8ab0b774f22b', 'Marcus Chen', 'supply-yard', '2026-03-03T12:00:00+00:00', 10, 'pack') ON CONFLICT DO NOTHING;
INSERT INTO stock_transactions (id, sku_id, sku, product_name, quantity_delta, quantity_before, quantity_after, unit, transaction_type, reference_id, reference_type, user_id, user_name, organization_id, created_at, original_quantity, original_unit) VALUES ('fcbda1f9-f24c-4208-89fe-e6a4ed0d9e10', '97ad374e-3173-4994-b4ac-1f45ce5fbdf1', 'ELW-ROMEX14-01', 'Romex 14/2 NM-B 250ft', 4, 6, 10, 'foot', 'po_receipt', '9e242078-25a7-434d-a489-640d659487e9', 'purchase_order', 'db3a2209-7b14-42e3-9c7b-8ab0b774f22b', 'Marcus Chen', 'supply-yard', '2026-03-07T12:00:00+00:00', 4, 'foot') ON CONFLICT DO NOTHING;
INSERT INTO stock_transactions (id, sku_id, sku, product_name, quantity_delta, quantity_before, quantity_after, unit, transaction_type, reference_id, reference_type, user_id, user_name, organization_id, created_at, original_quantity, original_unit) VALUES ('2bd3d205-4460-4eac-b8a2-496fe4579e78', '346fdc27-3bf0-4af2-924e-7091a39b49f0', 'ELW-ROMEX12-01', 'Romex 12/2 NM-B 250ft', 2, 4, 6, 'foot', 'po_receipt', '9e242078-25a7-434d-a489-640d659487e9', 'purchase_order', 'db3a2209-7b14-42e3-9c7b-8ab0b774f22b', 'Marcus Chen', 'supply-yard', '2026-03-07T12:00:00+00:00', 2, 'foot') ON CONFLICT DO NOTHING;
INSERT INTO stock_transactions (id, sku_id, sku, product_name, quantity_delta, quantity_before, quantity_after, unit, transaction_type, reference_id, reference_type, user_id, user_name, organization_id, created_at, original_quantity, original_unit) VALUES ('adb46ee3-391f-4fb0-9591-01dc40caf905', '9e43da00-6093-4bc3-87e2-dc0007d95a73', 'ELE-GFCI15-01', 'Leviton GFCI 15A Outlet White', 12, 25, 37, 'each', 'po_receipt', '9e242078-25a7-434d-a489-640d659487e9', 'purchase_order', 'db3a2209-7b14-42e3-9c7b-8ab0b774f22b', 'Marcus Chen', 'supply-yard', '2026-03-07T12:00:00+00:00', 12, 'each') ON CONFLICT DO NOTHING;
INSERT INTO stock_transactions (id, sku_id, sku, product_name, quantity_delta, quantity_before, quantity_after, unit, transaction_type, reference_id, reference_type, user_id, user_name, organization_id, created_at, original_quantity, original_unit) VALUES ('48a99a02-c1d3-43f9-bc20-7063b731ab0e', '3d59ce91-308a-4749-bb99-4c8b03d284d8', 'PLF-SHRKBT90-01', 'SharkBite 1/2" 90-Degree Elbow', 20, 45, 65, 'each', 'po_receipt', '9e242078-25a7-434d-a489-640d659487e9', 'purchase_order', 'db3a2209-7b14-42e3-9c7b-8ab0b774f22b', 'Marcus Chen', 'supply-yard', '2026-03-07T12:00:00+00:00', 20, 'each') ON CONFLICT DO NOTHING;
INSERT INTO stock_transactions (id, sku_id, sku, product_name, quantity_delta, quantity_before, quantity_after, unit, transaction_type, reference_id, reference_type, user_id, user_name, organization_id, created_at, original_quantity, original_unit) VALUES ('0e90e7ef-5707-4337-96fe-32a65efe0039', 'eaba46e1-5256-40c5-b280-6d8b71cba485', 'PLF-SHRKBTT-01', 'SharkBite 1/2" Tee', 15, 38, 53, 'each', 'po_receipt', '9e242078-25a7-434d-a489-640d659487e9', 'purchase_order', 'db3a2209-7b14-42e3-9c7b-8ab0b774f22b', 'Marcus Chen', 'supply-yard', '2026-03-07T12:00:00+00:00', 15, 'each') ON CONFLICT DO NOTHING;
INSERT INTO financial_ledger (id, journal_id, account, amount, quantity, unit, unit_cost, department, job_id, billing_entity, billing_entity_id, contractor_id, sku_id, performed_by_user_id, reference_type, reference_id, organization_id, created_at) VALUES ('647d06b4-c827-4005-b30f-29c28254e819', 'b4014eea-a2d0-4686-98f9-66f74b7cb6bc', 'revenue', 85.98, 2, 'foot', 42.99, 'Plumbing - Pipe', 'RR-2026-001', 'Riva Ridge Property Mgmt', '072f39cd-940f-46a5-8555-7158d5a2be31', '4d5ff6c9-6ac2-4929-bd5f-e4197c10d009', 'e89baa30-d398-492e-a5b2-0d6045a3fcf9', 'db3a2209-7b14-42e3-9c7b-8ab0b774f22b', 'withdrawal', '67cc2888-01b0-4f6d-9eb1-b5bceca709ed', 'supply-yard', '2026-03-05T12:00:00+00:00') ON CONFLICT DO NOTHING;
INSERT INTO financial_ledger (id, journal_id, account, amount, quantity, unit, unit_cost, department, job_id, billing_entity, billing_entity_id, contractor_id, sku_id, performed_by_user_id, reference_type, reference_id, organization_id, created_at) VALUES ('ee1cd674-d3be-4931-8fc0-a896511d2ef3', 'b4014eea-a2d0-4686-98f9-66f74b7cb6bc', 'cogs', 49.0, 2, 'foot', 24.5, 'Plumbing - Pipe', 'RR-2026-001', 'Riva Ridge Property Mgmt', '072f39cd-940f-46a5-8555-7158d5a2be31', '4d5ff6c9-6ac2-4929-bd5f-e4197c10d009', 'e89baa30-d398-492e-a5b2-0d6045a3fcf9', 'db3a2209-7b14-42e3-9c7b-8ab0b774f22b', 'withdrawal', '67cc2888-01b0-4f6d-9eb1-b5bceca709ed', 'supply-yard', '2026-03-05T12:00:00+00:00') ON CONFLICT DO NOTHING;
INSERT INTO financial_ledger (id, journal_id, account, amount, quantity, unit, unit_cost, department, job_id, billing_entity, billing_entity_id, contractor_id, sku_id, performed_by_user_id, reference_type, reference_id, organization_id, created_at) VALUES ('245a25ca-937b-4924-9077-c1f00b519853', 'b4014eea-a2d0-4686-98f9-66f74b7cb6bc', 'inventory', -49.0, 2, 'foot', 24.5, 'Plumbing - Pipe', 'RR-2026-001', 'Riva Ridge Property Mgmt', '072f39cd-940f-46a5-8555-7158d5a2be31', '4d5ff6c9-6ac2-4929-bd5f-e4197c10d009', 'e89baa30-d398-492e-a5b2-0d6045a3fcf9', 'db3a2209-7b14-42e3-9c7b-8ab0b774f22b', 'withdrawal', '67cc2888-01b0-4f6d-9eb1-b5bceca709ed', 'supply-yard', '2026-03-05T12:00:00+00:00') ON CONFLICT DO NOTHING;
INSERT INTO financial_ledger (id, journal_id, account, amount, quantity, unit, unit_cost, department, job_id, billing_entity, billing_entity_id, contractor_id, sku_id, performed_by_user_id, reference_type, reference_id, organization_id, created_at) VALUES ('bed760fb-174e-4417-bb33-47dae8e544eb', 'b4014eea-a2d0-4686-98f9-66f74b7cb6bc', 'revenue', 84.9, 10, 'each', 8.49, 'Plumbing - Fittings', 'RR-2026-001', 'Riva Ridge Property Mgmt', '072f39cd-940f-46a5-8555-7158d5a2be31', '4d5ff6c9-6ac2-4929-bd5f-e4197c10d009', '02642d12-172e-47d9-aaae-4d597ba0d3c4', 'db3a2209-7b14-42e3-9c7b-8ab0b774f22b', 'withdrawal', '67cc2888-01b0-4f6d-9eb1-b5bceca709ed', 'supply-yard', '2026-03-05T12:00:00+00:00') ON CONFLICT DO NOTHING;
INSERT INTO financial_ledger (id, journal_id, account, amount, quantity, unit, unit_cost, department, job_id, billing_entity, billing_entity_id, contractor_id, sku_id, performed_by_user_id, reference_type, reference_id, organization_id, created_at) VALUES ('420abde0-573b-4ca3-8fa7-5196dc4613b1', 'b4014eea-a2d0-4686-98f9-66f74b7cb6bc', 'cogs', 48.0, 10, 'each', 4.8, 'Plumbing - Fittings', 'RR-2026-001', 'Riva Ridge Property Mgmt', '072f39cd-940f-46a5-8555-7158d5a2be31', '4d5ff6c9-6ac2-4929-bd5f-e4197c10d009', '02642d12-172e-47d9-aaae-4d597ba0d3c4', 'db3a2209-7b14-42e3-9c7b-8ab0b774f22b', 'withdrawal', '67cc2888-01b0-4f6d-9eb1-b5bceca709ed', 'supply-yard', '2026-03-05T12:00:00+00:00') ON CONFLICT DO NOTHING;
INSERT INTO financial_ledger (id, journal_id, account, amount, quantity, unit, unit_cost, department, job_id, billing_entity, billing_entity_id, contractor_id, sku_id, performed_by_user_id, reference_type, reference_id, organization_id, created_at) VALUES ('021c0bc1-0ccf-4f91-81cd-762197b9d06b', 'b4014eea-a2d0-4686-98f9-66f74b7cb6bc', 'inventory', -48.0, 10, 'each', 4.8, 'Plumbing - Fittings', 'RR-2026-001', 'Riva Ridge Property Mgmt', '072f39cd-940f-46a5-8555-7158d5a2be31', '4d5ff6c9-6ac2-4929-bd5f-e4197c10d009', '02642d12-172e-47d9-aaae-4d597ba0d3c4', 'db3a2209-7b14-42e3-9c7b-8ab0b774f22b', 'withdrawal', '67cc2888-01b0-4f6d-9eb1-b5bceca709ed', 'supply-yard', '2026-03-05T12:00:00+00:00') ON CONFLICT DO NOTHING;
INSERT INTO financial_ledger (id, journal_id, account, amount, quantity, unit, unit_cost, department, job_id, billing_entity, billing_entity_id, contractor_id, sku_id, performed_by_user_id, reference_type, reference_id, organization_id, created_at) VALUES ('14388c70-5610-4d9d-93ce-35e2791b3c37', 'b4014eea-a2d0-4686-98f9-66f74b7cb6bc', 'revenue', 59.94, 6, 'each', 9.99, 'Plumbing - Fittings', 'RR-2026-001', 'Riva Ridge Property Mgmt', '072f39cd-940f-46a5-8555-7158d5a2be31', '4d5ff6c9-6ac2-4929-bd5f-e4197c10d009', 'ebba603f-33a2-45dc-acc1-f5ad1148d396', 'db3a2209-7b14-42e3-9c7b-8ab0b774f22b', 'withdrawal', '67cc2888-01b0-4f6d-9eb1-b5bceca709ed', 'supply-yard', '2026-03-05T12:00:00+00:00') ON CONFLICT DO NOTHING;
INSERT INTO financial_ledger (id, journal_id, account, amount, quantity, unit, unit_cost, department, job_id, billing_entity, billing_entity_id, contractor_id, sku_id, performed_by_user_id, reference_type, reference_id, organization_id, created_at) VALUES ('85e8d9b8-374b-4b60-94c4-36b409f09006', 'b4014eea-a2d0-4686-98f9-66f74b7cb6bc', 'cogs', 33.6, 6, 'each', 5.6, 'Plumbing - Fittings', 'RR-2026-001', 'Riva Ridge Property Mgmt', '072f39cd-940f-46a5-8555-7158d5a2be31', '4d5ff6c9-6ac2-4929-bd5f-e4197c10d009', 'ebba603f-33a2-45dc-acc1-f5ad1148d396', 'db3a2209-7b14-42e3-9c7b-8ab0b774f22b', 'withdrawal', '67cc2888-01b0-4f6d-9eb1-b5bceca709ed', 'supply-yard', '2026-03-05T12:00:00+00:00') ON CONFLICT DO NOTHING;
INSERT INTO financial_ledger (id, journal_id, account, amount, quantity, unit, unit_cost, department, job_id, billing_entity, billing_entity_id, contractor_id, sku_id, performed_by_user_id, reference_type, reference_id, organization_id, created_at) VALUES ('beb3f023-08de-4149-ba45-ef0dccc43295', 'b4014eea-a2d0-4686-98f9-66f74b7cb6bc', 'inventory', -33.6, 6, 'each', 5.6, 'Plumbing - Fittings', 'RR-2026-001', 'Riva Ridge Property Mgmt', '072f39cd-940f-46a5-8555-7158d5a2be31', '4d5ff6c9-6ac2-4929-bd5f-e4197c10d009', 'ebba603f-33a2-45dc-acc1-f5ad1148d396', 'db3a2209-7b14-42e3-9c7b-8ab0b774f22b', 'withdrawal', '67cc2888-01b0-4f6d-9eb1-b5bceca709ed', 'supply-yard', '2026-03-05T12:00:00+00:00') ON CONFLICT DO NOTHING;
INSERT INTO financial_ledger (id, journal_id, account, amount, job_id, billing_entity, billing_entity_id, contractor_id, performed_by_user_id, reference_type, reference_id, organization_id, created_at) VALUES ('45df03a3-6517-4ec0-a732-54263493cf41', 'b4014eea-a2d0-4686-98f9-66f74b7cb6bc', 'tax_collected', 23.08, 'RR-2026-001', 'Riva Ridge Property Mgmt', '072f39cd-940f-46a5-8555-7158d5a2be31', '4d5ff6c9-6ac2-4929-bd5f-e4197c10d009', 'db3a2209-7b14-42e3-9c7b-8ab0b774f22b', 'withdrawal', '67cc2888-01b0-4f6d-9eb1-b5bceca709ed', 'supply-yard', '2026-03-05T12:00:00+00:00') ON CONFLICT DO NOTHING;
INSERT INTO financial_ledger (id, journal_id, account, amount, job_id, billing_entity, billing_entity_id, contractor_id, performed_by_user_id, reference_type, reference_id, organization_id, created_at) VALUES ('47f5c072-d855-4062-8533-a18bf01f07ab', 'b4014eea-a2d0-4686-98f9-66f74b7cb6bc', 'accounts_receivable', 253.9, 'RR-2026-001', 'Riva Ridge Property Mgmt', '072f39cd-940f-46a5-8555-7158d5a2be31', '4d5ff6c9-6ac2-4929-bd5f-e4197c10d009', 'db3a2209-7b14-42e3-9c7b-8ab0b774f22b', 'withdrawal', '67cc2888-01b0-4f6d-9eb1-b5bceca709ed', 'supply-yard', '2026-03-05T12:00:00+00:00') ON CONFLICT DO NOTHING;
INSERT INTO financial_ledger (id, journal_id, account, amount, quantity, unit, unit_cost, department, job_id, billing_entity, billing_entity_id, contractor_id, sku_id, performed_by_user_id, reference_type, reference_id, organization_id, created_at) VALUES ('69c8f494-3724-4fae-a035-91543444317e', '4a436ade-9949-4782-8262-ab2a43dec58a', 'revenue', 26.32, 8, 'each', 3.29, 'Electrical', 'RR-2026-001', 'Riva Ridge Property Mgmt', '072f39cd-940f-46a5-8555-7158d5a2be31', '4d5ff6c9-6ac2-4929-bd5f-e4197c10d009', '939311e9-c2d0-4a88-9e16-fb0c434bf9f4', 'db3a2209-7b14-42e3-9c7b-8ab0b774f22b', 'withdrawal', '73606422-b21e-4390-9a29-4a10926b44f4', 'supply-yard', '2026-03-07T12:00:00+00:00') ON CONFLICT DO NOTHING;
INSERT INTO financial_ledger (id, journal_id, account, amount, quantity, unit, unit_cost, department, job_id, billing_entity, billing_entity_id, contractor_id, sku_id, performed_by_user_id, reference_type, reference_id, organization_id, created_at) VALUES ('5b47b250-b305-420d-b99a-12ea61fd46eb', '4a436ade-9949-4782-8262-ab2a43dec58a', 'cogs', 12.8, 8, 'each', 1.6, 'Electrical', 'RR-2026-001', 'Riva Ridge Property Mgmt', '072f39cd-940f-46a5-8555-7158d5a2be31', '4d5ff6c9-6ac2-4929-bd5f-e4197c10d009', '939311e9-c2d0-4a88-9e16-fb0c434bf9f4', 'db3a2209-7b14-42e3-9c7b-8ab0b774f22b', 'withdrawal', '73606422-b21e-4390-9a29-4a10926b44f4', 'supply-yard', '2026-03-07T12:00:00+00:00') ON CONFLICT DO NOTHING;
INSERT INTO financial_ledger (id, journal_id, account, amount, quantity, unit, unit_cost, department, job_id, billing_entity, billing_entity_id, contractor_id, sku_id, performed_by_user_id, reference_type, reference_id, organization_id, created_at) VALUES ('21e899db-684c-46f8-8fac-7cc52d0c6e17', '4a436ade-9949-4782-8262-ab2a43dec58a', 'inventory', -12.8, 8, 'each', 1.6, 'Electrical', 'RR-2026-001', 'Riva Ridge Property Mgmt', '072f39cd-940f-46a5-8555-7158d5a2be31', '4d5ff6c9-6ac2-4929-bd5f-e4197c10d009', '939311e9-c2d0-4a88-9e16-fb0c434bf9f4', 'db3a2209-7b14-42e3-9c7b-8ab0b774f22b', 'withdrawal', '73606422-b21e-4390-9a29-4a10926b44f4', 'supply-yard', '2026-03-07T12:00:00+00:00') ON CONFLICT DO NOTHING;
INSERT INTO financial_ledger (id, journal_id, account, amount, quantity, unit, unit_cost, department, job_id, billing_entity, billing_entity_id, contractor_id, sku_id, performed_by_user_id, reference_type, reference_id, organization_id, created_at) VALUES ('b2ed1095-07cb-4826-8fd9-96e95b60c85e', '4a436ade-9949-4782-8262-ab2a43dec58a', 'revenue', 75.96, 4, 'each', 18.99, 'Electrical', 'RR-2026-001', 'Riva Ridge Property Mgmt', '072f39cd-940f-46a5-8555-7158d5a2be31', '4d5ff6c9-6ac2-4929-bd5f-e4197c10d009', '10ec274b-cdc6-4650-b318-83194c3106f6', 'db3a2209-7b14-42e3-9c7b-8ab0b774f22b', 'withdrawal', '73606422-b21e-4390-9a29-4a10926b44f4', 'supply-yard', '2026-03-07T12:00:00+00:00') ON CONFLICT DO NOTHING;
INSERT INTO financial_ledger (id, journal_id, account, amount, quantity, unit, unit_cost, department, job_id, billing_entity, billing_entity_id, contractor_id, sku_id, performed_by_user_id, reference_type, reference_id, organization_id, created_at) VALUES ('60b433c9-f79c-4b9d-b47b-7dd4dee92c82', '4a436ade-9949-4782-8262-ab2a43dec58a', 'cogs', 42.0, 4, 'each', 10.5, 'Electrical', 'RR-2026-001', 'Riva Ridge Property Mgmt', '072f39cd-940f-46a5-8555-7158d5a2be31', '4d5ff6c9-6ac2-4929-bd5f-e4197c10d009', '10ec274b-cdc6-4650-b318-83194c3106f6', 'db3a2209-7b14-42e3-9c7b-8ab0b774f22b', 'withdrawal', '73606422-b21e-4390-9a29-4a10926b44f4', 'supply-yard', '2026-03-07T12:00:00+00:00') ON CONFLICT DO NOTHING;
INSERT INTO financial_ledger (id, journal_id, account, amount, quantity, unit, unit_cost, department, job_id, billing_entity, billing_entity_id, contractor_id, sku_id, performed_by_user_id, reference_type, reference_id, organization_id, created_at) VALUES ('32cbdadd-2092-4d52-bc56-e0393d6123b2', '4a436ade-9949-4782-8262-ab2a43dec58a', 'inventory', -42.0, 4, 'each', 10.5, 'Electrical', 'RR-2026-001', 'Riva Ridge Property Mgmt', '072f39cd-940f-46a5-8555-7158d5a2be31', '4d5ff6c9-6ac2-4929-bd5f-e4197c10d009', '10ec274b-cdc6-4650-b318-83194c3106f6', 'db3a2209-7b14-42e3-9c7b-8ab0b774f22b', 'withdrawal', '73606422-b21e-4390-9a29-4a10926b44f4', 'supply-yard', '2026-03-07T12:00:00+00:00') ON CONFLICT DO NOTHING;
INSERT INTO financial_ledger (id, journal_id, account, amount, quantity, unit, unit_cost, department, job_id, billing_entity, billing_entity_id, contractor_id, sku_id, performed_by_user_id, reference_type, reference_id, organization_id, created_at) VALUES ('4e6395b6-21ca-4577-9e01-9edcca82c997', '4a436ade-9949-4782-8262-ab2a43dec58a', 'revenue', 89.99, 1, 'foot', 89.99, 'Electrical - Wire', 'RR-2026-001', 'Riva Ridge Property Mgmt', '072f39cd-940f-46a5-8555-7158d5a2be31', '4d5ff6c9-6ac2-4929-bd5f-e4197c10d009', 'e9b7859f-8cf2-48c1-935e-9be8d927d831', 'db3a2209-7b14-42e3-9c7b-8ab0b774f22b', 'withdrawal', '73606422-b21e-4390-9a29-4a10926b44f4', 'supply-yard', '2026-03-07T12:00:00+00:00') ON CONFLICT DO NOTHING;
INSERT INTO financial_ledger (id, journal_id, account, amount, quantity, unit, unit_cost, department, job_id, billing_entity, billing_entity_id, contractor_id, sku_id, performed_by_user_id, reference_type, reference_id, organization_id, created_at) VALUES ('2491257e-24f6-49a5-8779-52bcc98fd269', '4a436ade-9949-4782-8262-ab2a43dec58a', 'cogs', 52.0, 1, 'foot', 52.0, 'Electrical - Wire', 'RR-2026-001', 'Riva Ridge Property Mgmt', '072f39cd-940f-46a5-8555-7158d5a2be31', '4d5ff6c9-6ac2-4929-bd5f-e4197c10d009', 'e9b7859f-8cf2-48c1-935e-9be8d927d831', 'db3a2209-7b14-42e3-9c7b-8ab0b774f22b', 'withdrawal', '73606422-b21e-4390-9a29-4a10926b44f4', 'supply-yard', '2026-03-07T12:00:00+00:00') ON CONFLICT DO NOTHING;
INSERT INTO financial_ledger (id, journal_id, account, amount, quantity, unit, unit_cost, department, job_id, billing_entity, billing_entity_id, contractor_id, sku_id, performed_by_user_id, reference_type, reference_id, organization_id, created_at) VALUES ('98a06e80-e23d-45dd-9e37-ea7e7c9eaea3', '4a436ade-9949-4782-8262-ab2a43dec58a', 'inventory', -52.0, 1, 'foot', 52.0, 'Electrical - Wire', 'RR-2026-001', 'Riva Ridge Property Mgmt', '072f39cd-940f-46a5-8555-7158d5a2be31', '4d5ff6c9-6ac2-4929-bd5f-e4197c10d009', 'e9b7859f-8cf2-48c1-935e-9be8d927d831', 'db3a2209-7b14-42e3-9c7b-8ab0b774f22b', 'withdrawal', '73606422-b21e-4390-9a29-4a10926b44f4', 'supply-yard', '2026-03-07T12:00:00+00:00') ON CONFLICT DO NOTHING;
INSERT INTO financial_ledger (id, journal_id, account, amount, job_id, billing_entity, billing_entity_id, contractor_id, performed_by_user_id, reference_type, reference_id, organization_id, created_at) VALUES ('0b8a0b10-c3dd-4ac2-88fc-6589676f020c', '4a436ade-9949-4782-8262-ab2a43dec58a', 'tax_collected', 19.23, 'RR-2026-001', 'Riva Ridge Property Mgmt', '072f39cd-940f-46a5-8555-7158d5a2be31', '4d5ff6c9-6ac2-4929-bd5f-e4197c10d009', 'db3a2209-7b14-42e3-9c7b-8ab0b774f22b', 'withdrawal', '73606422-b21e-4390-9a29-4a10926b44f4', 'supply-yard', '2026-03-07T12:00:00+00:00') ON CONFLICT DO NOTHING;
INSERT INTO financial_ledger (id, journal_id, account, amount, job_id, billing_entity, billing_entity_id, contractor_id, performed_by_user_id, reference_type, reference_id, organization_id, created_at) VALUES ('8b6594bd-cf31-4c30-bb03-0949f4034085', '4a436ade-9949-4782-8262-ab2a43dec58a', 'accounts_receivable', 211.5, 'RR-2026-001', 'Riva Ridge Property Mgmt', '072f39cd-940f-46a5-8555-7158d5a2be31', '4d5ff6c9-6ac2-4929-bd5f-e4197c10d009', 'db3a2209-7b14-42e3-9c7b-8ab0b774f22b', 'withdrawal', '73606422-b21e-4390-9a29-4a10926b44f4', 'supply-yard', '2026-03-07T12:00:00+00:00') ON CONFLICT DO NOTHING;
INSERT INTO financial_ledger (id, journal_id, account, amount, quantity, unit, unit_cost, department, job_id, billing_entity, billing_entity_id, contractor_id, sku_id, performed_by_user_id, reference_type, reference_id, organization_id, created_at) VALUES ('d3a7296b-1a23-439d-af4f-8cb32082b799', '4644ab7f-180f-44cc-adf4-4ca4164f2326', 'revenue', 179.88, 12, 'sheet', 14.99, 'Building Materials', 'RR-2026-002', 'Riva Ridge Property Mgmt', '072f39cd-940f-46a5-8555-7158d5a2be31', '4d5ff6c9-6ac2-4929-bd5f-e4197c10d009', '82e68759-0266-4a7a-a527-845761a39972', 'db3a2209-7b14-42e3-9c7b-8ab0b774f22b', 'withdrawal', '9e9e3561-4b08-483e-afa1-f286f4ea67fe', 'supply-yard', '2026-03-09T12:00:00+00:00') ON CONFLICT DO NOTHING;
INSERT INTO financial_ledger (id, journal_id, account, amount, quantity, unit, unit_cost, department, job_id, billing_entity, billing_entity_id, contractor_id, sku_id, performed_by_user_id, reference_type, reference_id, organization_id, created_at) VALUES ('2c284e49-2a1e-4f21-b064-344b5951486c', '4644ab7f-180f-44cc-adf4-4ca4164f2326', 'cogs', 98.4, 12, 'sheet', 8.2, 'Building Materials', 'RR-2026-002', 'Riva Ridge Property Mgmt', '072f39cd-940f-46a5-8555-7158d5a2be31', '4d5ff6c9-6ac2-4929-bd5f-e4197c10d009', '82e68759-0266-4a7a-a527-845761a39972', 'db3a2209-7b14-42e3-9c7b-8ab0b774f22b', 'withdrawal', '9e9e3561-4b08-483e-afa1-f286f4ea67fe', 'supply-yard', '2026-03-09T12:00:00+00:00') ON CONFLICT DO NOTHING;
INSERT INTO financial_ledger (id, journal_id, account, amount, quantity, unit, unit_cost, department, job_id, billing_entity, billing_entity_id, contractor_id, sku_id, performed_by_user_id, reference_type, reference_id, organization_id, created_at) VALUES ('3c521fbb-92e4-4695-9119-2fb0244fcdc2', '4644ab7f-180f-44cc-adf4-4ca4164f2326', 'inventory', -98.4, 12, 'sheet', 8.2, 'Building Materials', 'RR-2026-002', 'Riva Ridge Property Mgmt', '072f39cd-940f-46a5-8555-7158d5a2be31', '4d5ff6c9-6ac2-4929-bd5f-e4197c10d009', '82e68759-0266-4a7a-a527-845761a39972', 'db3a2209-7b14-42e3-9c7b-8ab0b774f22b', 'withdrawal', '9e9e3561-4b08-483e-afa1-f286f4ea67fe', 'supply-yard', '2026-03-09T12:00:00+00:00') ON CONFLICT DO NOTHING;
INSERT INTO financial_ledger (id, journal_id, account, amount, quantity, unit, unit_cost, department, job_id, billing_entity, billing_entity_id, contractor_id, sku_id, performed_by_user_id, reference_type, reference_id, organization_id, created_at) VALUES ('f27eeb9b-4fc6-493c-a5b2-7154e5f0beac', '4644ab7f-180f-44cc-adf4-4ca4164f2326', 'revenue', 23.96, 4, 'box', 5.99, 'Fasteners', 'RR-2026-002', 'Riva Ridge Property Mgmt', '072f39cd-940f-46a5-8555-7158d5a2be31', '4d5ff6c9-6ac2-4929-bd5f-e4197c10d009', '631ffbca-4170-4821-9011-d8eb64f33bc7', 'db3a2209-7b14-42e3-9c7b-8ab0b774f22b', 'withdrawal', '9e9e3561-4b08-483e-afa1-f286f4ea67fe', 'supply-yard', '2026-03-09T12:00:00+00:00') ON CONFLICT DO NOTHING;
INSERT INTO financial_ledger (id, journal_id, account, amount, quantity, unit, unit_cost, department, job_id, billing_entity, billing_entity_id, contractor_id, sku_id, performed_by_user_id, reference_type, reference_id, organization_id, created_at) VALUES ('96a7f60a-011f-4cc2-82a4-12bc2c1e5d71', '4644ab7f-180f-44cc-adf4-4ca4164f2326', 'cogs', 11.2, 4, 'box', 2.8, 'Fasteners', 'RR-2026-002', 'Riva Ridge Property Mgmt', '072f39cd-940f-46a5-8555-7158d5a2be31', '4d5ff6c9-6ac2-4929-bd5f-e4197c10d009', '631ffbca-4170-4821-9011-d8eb64f33bc7', 'db3a2209-7b14-42e3-9c7b-8ab0b774f22b', 'withdrawal', '9e9e3561-4b08-483e-afa1-f286f4ea67fe', 'supply-yard', '2026-03-09T12:00:00+00:00') ON CONFLICT DO NOTHING;
INSERT INTO financial_ledger (id, journal_id, account, amount, quantity, unit, unit_cost, department, job_id, billing_entity, billing_entity_id, contractor_id, sku_id, performed_by_user_id, reference_type, reference_id, organization_id, created_at) VALUES ('2a2972e4-2f52-4578-a03a-a3cba4e09fb3', '4644ab7f-180f-44cc-adf4-4ca4164f2326', 'inventory', -11.2, 4, 'box', 2.8, 'Fasteners', 'RR-2026-002', 'Riva Ridge Property Mgmt', '072f39cd-940f-46a5-8555-7158d5a2be31', '4d5ff6c9-6ac2-4929-bd5f-e4197c10d009', '631ffbca-4170-4821-9011-d8eb64f33bc7', 'db3a2209-7b14-42e3-9c7b-8ab0b774f22b', 'withdrawal', '9e9e3561-4b08-483e-afa1-f286f4ea67fe', 'supply-yard', '2026-03-09T12:00:00+00:00') ON CONFLICT DO NOTHING;
INSERT INTO financial_ledger (id, journal_id, account, amount, quantity, unit, unit_cost, department, job_id, billing_entity, billing_entity_id, contractor_id, sku_id, performed_by_user_id, reference_type, reference_id, organization_id, created_at) VALUES ('e2a91f89-a825-42a8-9e03-ee1afee71222', '4644ab7f-180f-44cc-adf4-4ca4164f2326', 'revenue', 37.98, 2, 'bucket', 18.99, 'Drywall Mud', 'RR-2026-002', 'Riva Ridge Property Mgmt', '072f39cd-940f-46a5-8555-7158d5a2be31', '4d5ff6c9-6ac2-4929-bd5f-e4197c10d009', '5eeaa770-f9ab-41b9-8a4b-1909dd00a4db', 'db3a2209-7b14-42e3-9c7b-8ab0b774f22b', 'withdrawal', '9e9e3561-4b08-483e-afa1-f286f4ea67fe', 'supply-yard', '2026-03-09T12:00:00+00:00') ON CONFLICT DO NOTHING;
INSERT INTO financial_ledger (id, journal_id, account, amount, quantity, unit, unit_cost, department, job_id, billing_entity, billing_entity_id, contractor_id, sku_id, performed_by_user_id, reference_type, reference_id, organization_id, created_at) VALUES ('6afb2b7b-c890-4eac-8007-fe9d09082ab7', '4644ab7f-180f-44cc-adf4-4ca4164f2326', 'cogs', 20.8, 2, 'bucket', 10.4, 'Drywall Mud', 'RR-2026-002', 'Riva Ridge Property Mgmt', '072f39cd-940f-46a5-8555-7158d5a2be31', '4d5ff6c9-6ac2-4929-bd5f-e4197c10d009', '5eeaa770-f9ab-41b9-8a4b-1909dd00a4db', 'db3a2209-7b14-42e3-9c7b-8ab0b774f22b', 'withdrawal', '9e9e3561-4b08-483e-afa1-f286f4ea67fe', 'supply-yard', '2026-03-09T12:00:00+00:00') ON CONFLICT DO NOTHING;
INSERT INTO financial_ledger (id, journal_id, account, amount, quantity, unit, unit_cost, department, job_id, billing_entity, billing_entity_id, contractor_id, sku_id, performed_by_user_id, reference_type, reference_id, organization_id, created_at) VALUES ('33a08384-220c-4ce6-b62a-177f4bdfa173', '4644ab7f-180f-44cc-adf4-4ca4164f2326', 'inventory', -20.8, 2, 'bucket', 10.4, 'Drywall Mud', 'RR-2026-002', 'Riva Ridge Property Mgmt', '072f39cd-940f-46a5-8555-7158d5a2be31', '4d5ff6c9-6ac2-4929-bd5f-e4197c10d009', '5eeaa770-f9ab-41b9-8a4b-1909dd00a4db', 'db3a2209-7b14-42e3-9c7b-8ab0b774f22b', 'withdrawal', '9e9e3561-4b08-483e-afa1-f286f4ea67fe', 'supply-yard', '2026-03-09T12:00:00+00:00') ON CONFLICT DO NOTHING;
INSERT INTO financial_ledger (id, journal_id, account, amount, quantity, unit, unit_cost, department, job_id, billing_entity, billing_entity_id, contractor_id, sku_id, performed_by_user_id, reference_type, reference_id, organization_id, created_at) VALUES ('7ffd5760-0672-4a1c-8d59-d3e883bb0168', '4644ab7f-180f-44cc-adf4-4ca4164f2326', 'revenue', 20.97, 3, 'roll', 6.99, 'Drywall Supplies', 'RR-2026-002', 'Riva Ridge Property Mgmt', '072f39cd-940f-46a5-8555-7158d5a2be31', '4d5ff6c9-6ac2-4929-bd5f-e4197c10d009', '3bc9d60e-dc90-46d5-bf74-5a6db5bc9610', 'db3a2209-7b14-42e3-9c7b-8ab0b774f22b', 'withdrawal', '9e9e3561-4b08-483e-afa1-f286f4ea67fe', 'supply-yard', '2026-03-09T12:00:00+00:00') ON CONFLICT DO NOTHING;
INSERT INTO financial_ledger (id, journal_id, account, amount, quantity, unit, unit_cost, department, job_id, billing_entity, billing_entity_id, contractor_id, sku_id, performed_by_user_id, reference_type, reference_id, organization_id, created_at) VALUES ('30816c0e-5be1-4f00-849b-51b0d4f0eb3a', '4644ab7f-180f-44cc-adf4-4ca4164f2326', 'cogs', 9.6, 3, 'roll', 3.2, 'Drywall Supplies', 'RR-2026-002', 'Riva Ridge Property Mgmt', '072f39cd-940f-46a5-8555-7158d5a2be31', '4d5ff6c9-6ac2-4929-bd5f-e4197c10d009', '3bc9d60e-dc90-46d5-bf74-5a6db5bc9610', 'db3a2209-7b14-42e3-9c7b-8ab0b774f22b', 'withdrawal', '9e9e3561-4b08-483e-afa1-f286f4ea67fe', 'supply-yard', '2026-03-09T12:00:00+00:00') ON CONFLICT DO NOTHING;
INSERT INTO financial_ledger (id, journal_id, account, amount, quantity, unit, unit_cost, department, job_id, billing_entity, billing_entity_id, contractor_id, sku_id, performed_by_user_id, reference_type, reference_id, organization_id, created_at) VALUES ('6bd33795-16c0-4916-b03e-897082e6ee75', '4644ab7f-180f-44cc-adf4-4ca4164f2326', 'inventory', -9.6, 3, 'roll', 3.2, 'Drywall Supplies', 'RR-2026-002', 'Riva Ridge Property Mgmt', '072f39cd-940f-46a5-8555-7158d5a2be31', '4d5ff6c9-6ac2-4929-bd5f-e4197c10d009', '3bc9d60e-dc90-46d5-bf74-5a6db5bc9610', 'db3a2209-7b14-42e3-9c7b-8ab0b774f22b', 'withdrawal', '9e9e3561-4b08-483e-afa1-f286f4ea67fe', 'supply-yard', '2026-03-09T12:00:00+00:00') ON CONFLICT DO NOTHING;
INSERT INTO financial_ledger (id, journal_id, account, amount, job_id, billing_entity, billing_entity_id, contractor_id, performed_by_user_id, reference_type, reference_id, organization_id, created_at) VALUES ('e1c935fe-e68e-4121-b3a4-8a75e5eccb2e', '4644ab7f-180f-44cc-adf4-4ca4164f2326', 'tax_collected', 26.28, 'RR-2026-002', 'Riva Ridge Property Mgmt', '072f39cd-940f-46a5-8555-7158d5a2be31', '4d5ff6c9-6ac2-4929-bd5f-e4197c10d009', 'db3a2209-7b14-42e3-9c7b-8ab0b774f22b', 'withdrawal', '9e9e3561-4b08-483e-afa1-f286f4ea67fe', 'supply-yard', '2026-03-09T12:00:00+00:00') ON CONFLICT DO NOTHING;
INSERT INTO financial_ledger (id, journal_id, account, amount, job_id, billing_entity, billing_entity_id, contractor_id, performed_by_user_id, reference_type, reference_id, organization_id, created_at) VALUES ('84040204-5ba8-465c-a103-e151dcd8ec1b', '4644ab7f-180f-44cc-adf4-4ca4164f2326', 'accounts_receivable', 289.07, 'RR-2026-002', 'Riva Ridge Property Mgmt', '072f39cd-940f-46a5-8555-7158d5a2be31', '4d5ff6c9-6ac2-4929-bd5f-e4197c10d009', 'db3a2209-7b14-42e3-9c7b-8ab0b774f22b', 'withdrawal', '9e9e3561-4b08-483e-afa1-f286f4ea67fe', 'supply-yard', '2026-03-09T12:00:00+00:00') ON CONFLICT DO NOTHING;
INSERT INTO financial_ledger (id, journal_id, account, amount, quantity, unit, unit_cost, department, job_id, billing_entity, billing_entity_id, contractor_id, sku_id, performed_by_user_id, reference_type, reference_id, organization_id, created_at) VALUES ('aae483e2-20f7-4859-a9ed-d361fb5772bb', 'c7089f5f-18e1-4565-9c97-7a1375b94324', 'revenue', 299.8, 20, 'each', 14.99, 'Lumber', 'SP-2026-001', 'Summit Property Group', '77cd2847-439e-4597-a686-1c36171e8a26', '0565b2d4-2c7d-4b5e-9aa7-a2a05d387224', '7fbcca27-1a36-4839-a77a-ec4a2f9fbc3e', 'db3a2209-7b14-42e3-9c7b-8ab0b774f22b', 'withdrawal', '90610e8b-490d-482d-8155-11470b6e8f1f', 'supply-yard', '2026-03-11T12:00:00+00:00') ON CONFLICT DO NOTHING;
INSERT INTO financial_ledger (id, journal_id, account, amount, quantity, unit, unit_cost, department, job_id, billing_entity, billing_entity_id, contractor_id, sku_id, performed_by_user_id, reference_type, reference_id, organization_id, created_at) VALUES ('16b30f17-eeee-495a-8053-402582ec5ee4', 'c7089f5f-18e1-4565-9c97-7a1375b94324', 'cogs', 176.0, 20, 'each', 8.8, 'Lumber', 'SP-2026-001', 'Summit Property Group', '77cd2847-439e-4597-a686-1c36171e8a26', '0565b2d4-2c7d-4b5e-9aa7-a2a05d387224', '7fbcca27-1a36-4839-a77a-ec4a2f9fbc3e', 'db3a2209-7b14-42e3-9c7b-8ab0b774f22b', 'withdrawal', '90610e8b-490d-482d-8155-11470b6e8f1f', 'supply-yard', '2026-03-11T12:00:00+00:00') ON CONFLICT DO NOTHING;
INSERT INTO financial_ledger (id, journal_id, account, amount, quantity, unit, unit_cost, department, job_id, billing_entity, billing_entity_id, contractor_id, sku_id, performed_by_user_id, reference_type, reference_id, organization_id, created_at) VALUES ('2b97b36c-6a4b-42a1-b7d1-f89ac4bbd061', 'c7089f5f-18e1-4565-9c97-7a1375b94324', 'inventory', -176.0, 20, 'each', 8.8, 'Lumber', 'SP-2026-001', 'Summit Property Group', '77cd2847-439e-4597-a686-1c36171e8a26', '0565b2d4-2c7d-4b5e-9aa7-a2a05d387224', '7fbcca27-1a36-4839-a77a-ec4a2f9fbc3e', 'db3a2209-7b14-42e3-9c7b-8ab0b774f22b', 'withdrawal', '90610e8b-490d-482d-8155-11470b6e8f1f', 'supply-yard', '2026-03-11T12:00:00+00:00') ON CONFLICT DO NOTHING;
INSERT INTO financial_ledger (id, journal_id, account, amount, quantity, unit, unit_cost, department, job_id, billing_entity, billing_entity_id, contractor_id, sku_id, performed_by_user_id, reference_type, reference_id, organization_id, created_at) VALUES ('5492a1f5-8d49-4cc5-9cfa-e7b866f91b9a', 'c7089f5f-18e1-4565-9c97-7a1375b94324', 'revenue', 159.92, 8, 'each', 19.99, 'Lumber', 'SP-2026-001', 'Summit Property Group', '77cd2847-439e-4597-a686-1c36171e8a26', '0565b2d4-2c7d-4b5e-9aa7-a2a05d387224', '2284cfe0-518f-4e90-b9c2-60e0c1de1edb', 'db3a2209-7b14-42e3-9c7b-8ab0b774f22b', 'withdrawal', '90610e8b-490d-482d-8155-11470b6e8f1f', 'supply-yard', '2026-03-11T12:00:00+00:00') ON CONFLICT DO NOTHING;
INSERT INTO financial_ledger (id, journal_id, account, amount, quantity, unit, unit_cost, department, job_id, billing_entity, billing_entity_id, contractor_id, sku_id, performed_by_user_id, reference_type, reference_id, organization_id, created_at) VALUES ('ed5d0bbb-dfea-49fb-aa59-1bc7f8b8f6b2', 'c7089f5f-18e1-4565-9c97-7a1375b94324', 'cogs', 92.8, 8, 'each', 11.6, 'Lumber', 'SP-2026-001', 'Summit Property Group', '77cd2847-439e-4597-a686-1c36171e8a26', '0565b2d4-2c7d-4b5e-9aa7-a2a05d387224', '2284cfe0-518f-4e90-b9c2-60e0c1de1edb', 'db3a2209-7b14-42e3-9c7b-8ab0b774f22b', 'withdrawal', '90610e8b-490d-482d-8155-11470b6e8f1f', 'supply-yard', '2026-03-11T12:00:00+00:00') ON CONFLICT DO NOTHING;
INSERT INTO financial_ledger (id, journal_id, account, amount, quantity, unit, unit_cost, department, job_id, billing_entity, billing_entity_id, contractor_id, sku_id, performed_by_user_id, reference_type, reference_id, organization_id, created_at) VALUES ('4e85ec57-fc04-432b-af1e-2fc0a9fd85af', 'c7089f5f-18e1-4565-9c97-7a1375b94324', 'inventory', -92.8, 8, 'each', 11.6, 'Lumber', 'SP-2026-001', 'Summit Property Group', '77cd2847-439e-4597-a686-1c36171e8a26', '0565b2d4-2c7d-4b5e-9aa7-a2a05d387224', '2284cfe0-518f-4e90-b9c2-60e0c1de1edb', 'db3a2209-7b14-42e3-9c7b-8ab0b774f22b', 'withdrawal', '90610e8b-490d-482d-8155-11470b6e8f1f', 'supply-yard', '2026-03-11T12:00:00+00:00') ON CONFLICT DO NOTHING;
INSERT INTO financial_ledger (id, journal_id, account, amount, quantity, unit, unit_cost, department, job_id, billing_entity, billing_entity_id, contractor_id, sku_id, performed_by_user_id, reference_type, reference_id, organization_id, created_at) VALUES ('f4e5113d-42dc-41f9-8c98-ce1cc06eb818', 'c7089f5f-18e1-4565-9c97-7a1375b94324', 'revenue', 89.94, 6, 'box', 14.99, 'Fasteners', 'SP-2026-001', 'Summit Property Group', '77cd2847-439e-4597-a686-1c36171e8a26', '0565b2d4-2c7d-4b5e-9aa7-a2a05d387224', '91c439a3-85ac-4bd2-a530-a93b2f795125', 'db3a2209-7b14-42e3-9c7b-8ab0b774f22b', 'withdrawal', '90610e8b-490d-482d-8155-11470b6e8f1f', 'supply-yard', '2026-03-11T12:00:00+00:00') ON CONFLICT DO NOTHING;
INSERT INTO financial_ledger (id, journal_id, account, amount, quantity, unit, unit_cost, department, job_id, billing_entity, billing_entity_id, contractor_id, sku_id, performed_by_user_id, reference_type, reference_id, organization_id, created_at) VALUES ('b75d07f0-3f71-4823-8f97-93999804af35', 'c7089f5f-18e1-4565-9c97-7a1375b94324', 'cogs', 46.8, 6, 'box', 7.8, 'Fasteners', 'SP-2026-001', 'Summit Property Group', '77cd2847-439e-4597-a686-1c36171e8a26', '0565b2d4-2c7d-4b5e-9aa7-a2a05d387224', '91c439a3-85ac-4bd2-a530-a93b2f795125', 'db3a2209-7b14-42e3-9c7b-8ab0b774f22b', 'withdrawal', '90610e8b-490d-482d-8155-11470b6e8f1f', 'supply-yard', '2026-03-11T12:00:00+00:00') ON CONFLICT DO NOTHING;
INSERT INTO financial_ledger (id, journal_id, account, amount, quantity, unit, unit_cost, department, job_id, billing_entity, billing_entity_id, contractor_id, sku_id, performed_by_user_id, reference_type, reference_id, organization_id, created_at) VALUES ('e0da98e7-4fbb-4b7f-b7b2-ca922fe9973e', 'c7089f5f-18e1-4565-9c97-7a1375b94324', 'inventory', -46.8, 6, 'box', 7.8, 'Fasteners', 'SP-2026-001', 'Summit Property Group', '77cd2847-439e-4597-a686-1c36171e8a26', '0565b2d4-2c7d-4b5e-9aa7-a2a05d387224', '91c439a3-85ac-4bd2-a530-a93b2f795125', 'db3a2209-7b14-42e3-9c7b-8ab0b774f22b', 'withdrawal', '90610e8b-490d-482d-8155-11470b6e8f1f', 'supply-yard', '2026-03-11T12:00:00+00:00') ON CONFLICT DO NOTHING;
INSERT INTO financial_ledger (id, journal_id, account, amount, job_id, billing_entity, billing_entity_id, contractor_id, performed_by_user_id, reference_type, reference_id, organization_id, created_at) VALUES ('fe2c089e-53c6-4200-b301-db476fbf99e9', 'c7089f5f-18e1-4565-9c97-7a1375b94324', 'tax_collected', 54.97, 'SP-2026-001', 'Summit Property Group', '77cd2847-439e-4597-a686-1c36171e8a26', '0565b2d4-2c7d-4b5e-9aa7-a2a05d387224', 'db3a2209-7b14-42e3-9c7b-8ab0b774f22b', 'withdrawal', '90610e8b-490d-482d-8155-11470b6e8f1f', 'supply-yard', '2026-03-11T12:00:00+00:00') ON CONFLICT DO NOTHING;
INSERT INTO financial_ledger (id, journal_id, account, amount, job_id, billing_entity, billing_entity_id, contractor_id, performed_by_user_id, reference_type, reference_id, organization_id, created_at) VALUES ('082ab566-5b61-4e30-a1a7-4e17df9467f4', 'c7089f5f-18e1-4565-9c97-7a1375b94324', 'accounts_receivable', 604.63, 'SP-2026-001', 'Summit Property Group', '77cd2847-439e-4597-a686-1c36171e8a26', '0565b2d4-2c7d-4b5e-9aa7-a2a05d387224', 'db3a2209-7b14-42e3-9c7b-8ab0b774f22b', 'withdrawal', '90610e8b-490d-482d-8155-11470b6e8f1f', 'supply-yard', '2026-03-11T12:00:00+00:00') ON CONFLICT DO NOTHING;
INSERT INTO financial_ledger (id, journal_id, account, amount, quantity, unit, unit_cost, department, job_id, billing_entity, billing_entity_id, contractor_id, sku_id, performed_by_user_id, reference_type, reference_id, organization_id, created_at) VALUES ('20e352ee-3c40-4c58-b80b-6915337af1e0', 'a42c30e6-91a0-4f65-97e5-0f4fedf06d55', 'revenue', 51.48, 12, 'each', 4.29, 'Lumber', 'SP-2026-001', 'Summit Property Group', '77cd2847-439e-4597-a686-1c36171e8a26', '0565b2d4-2c7d-4b5e-9aa7-a2a05d387224', '8746c4f9-1c41-46a6-8856-e6730801b7d2', 'db3a2209-7b14-42e3-9c7b-8ab0b774f22b', 'withdrawal', 'f480acbb-1d1d-49d8-b221-f93523da5ffe', 'supply-yard', '2026-03-13T12:00:00+00:00') ON CONFLICT DO NOTHING;
INSERT INTO financial_ledger (id, journal_id, account, amount, quantity, unit, unit_cost, department, job_id, billing_entity, billing_entity_id, contractor_id, sku_id, performed_by_user_id, reference_type, reference_id, organization_id, created_at) VALUES ('a35fd920-2d67-401f-a777-8269001ac1ae', 'a42c30e6-91a0-4f65-97e5-0f4fedf06d55', 'cogs', 28.8, 12, 'each', 2.4, 'Lumber', 'SP-2026-001', 'Summit Property Group', '77cd2847-439e-4597-a686-1c36171e8a26', '0565b2d4-2c7d-4b5e-9aa7-a2a05d387224', '8746c4f9-1c41-46a6-8856-e6730801b7d2', 'db3a2209-7b14-42e3-9c7b-8ab0b774f22b', 'withdrawal', 'f480acbb-1d1d-49d8-b221-f93523da5ffe', 'supply-yard', '2026-03-13T12:00:00+00:00') ON CONFLICT DO NOTHING;
INSERT INTO financial_ledger (id, journal_id, account, amount, quantity, unit, unit_cost, department, job_id, billing_entity, billing_entity_id, contractor_id, sku_id, performed_by_user_id, reference_type, reference_id, organization_id, created_at) VALUES ('a8af2102-daf5-40a6-b0c2-bea70dddbac5', 'a42c30e6-91a0-4f65-97e5-0f4fedf06d55', 'inventory', -28.8, 12, 'each', 2.4, 'Lumber', 'SP-2026-001', 'Summit Property Group', '77cd2847-439e-4597-a686-1c36171e8a26', '0565b2d4-2c7d-4b5e-9aa7-a2a05d387224', '8746c4f9-1c41-46a6-8856-e6730801b7d2', 'db3a2209-7b14-42e3-9c7b-8ab0b774f22b', 'withdrawal', 'f480acbb-1d1d-49d8-b221-f93523da5ffe', 'supply-yard', '2026-03-13T12:00:00+00:00') ON CONFLICT DO NOTHING;
INSERT INTO financial_ledger (id, journal_id, account, amount, quantity, unit, unit_cost, department, job_id, billing_entity, billing_entity_id, contractor_id, sku_id, performed_by_user_id, reference_type, reference_id, organization_id, created_at) VALUES ('af188cb2-9b1d-41a7-a1c3-84ab783ed18c', 'a42c30e6-91a0-4f65-97e5-0f4fedf06d55', 'revenue', 55.92, 8, 'each', 6.99, 'Lumber', 'SP-2026-001', 'Summit Property Group', '77cd2847-439e-4597-a686-1c36171e8a26', '0565b2d4-2c7d-4b5e-9aa7-a2a05d387224', '521061f3-281d-4df0-b421-48f7ed2135ae', 'db3a2209-7b14-42e3-9c7b-8ab0b774f22b', 'withdrawal', 'f480acbb-1d1d-49d8-b221-f93523da5ffe', 'supply-yard', '2026-03-13T12:00:00+00:00') ON CONFLICT DO NOTHING;
INSERT INTO financial_ledger (id, journal_id, account, amount, quantity, unit, unit_cost, department, job_id, billing_entity, billing_entity_id, contractor_id, sku_id, performed_by_user_id, reference_type, reference_id, organization_id, created_at) VALUES ('705abd1a-2a81-4bdb-900a-08ed3b2ebcfe', 'a42c30e6-91a0-4f65-97e5-0f4fedf06d55', 'cogs', 32.0, 8, 'each', 4.0, 'Lumber', 'SP-2026-001', 'Summit Property Group', '77cd2847-439e-4597-a686-1c36171e8a26', '0565b2d4-2c7d-4b5e-9aa7-a2a05d387224', '521061f3-281d-4df0-b421-48f7ed2135ae', 'db3a2209-7b14-42e3-9c7b-8ab0b774f22b', 'withdrawal', 'f480acbb-1d1d-49d8-b221-f93523da5ffe', 'supply-yard', '2026-03-13T12:00:00+00:00') ON CONFLICT DO NOTHING;
INSERT INTO financial_ledger (id, journal_id, account, amount, quantity, unit, unit_cost, department, job_id, billing_entity, billing_entity_id, contractor_id, sku_id, performed_by_user_id, reference_type, reference_id, organization_id, created_at) VALUES ('47f9115a-96c2-429c-bf4b-85c2935b9c27', 'a42c30e6-91a0-4f65-97e5-0f4fedf06d55', 'inventory', -32.0, 8, 'each', 4.0, 'Lumber', 'SP-2026-001', 'Summit Property Group', '77cd2847-439e-4597-a686-1c36171e8a26', '0565b2d4-2c7d-4b5e-9aa7-a2a05d387224', '521061f3-281d-4df0-b421-48f7ed2135ae', 'db3a2209-7b14-42e3-9c7b-8ab0b774f22b', 'withdrawal', 'f480acbb-1d1d-49d8-b221-f93523da5ffe', 'supply-yard', '2026-03-13T12:00:00+00:00') ON CONFLICT DO NOTHING;
INSERT INTO financial_ledger (id, journal_id, account, amount, quantity, unit, unit_cost, department, job_id, billing_entity, billing_entity_id, contractor_id, sku_id, performed_by_user_id, reference_type, reference_id, organization_id, created_at) VALUES ('f058b84a-c615-4a0f-be75-36e749aa3ed1', 'a42c30e6-91a0-4f65-97e5-0f4fedf06d55', 'revenue', 44.94, 6, 'bag', 7.49, 'Concrete', 'SP-2026-001', 'Summit Property Group', '77cd2847-439e-4597-a686-1c36171e8a26', '0565b2d4-2c7d-4b5e-9aa7-a2a05d387224', '78870b57-b137-4e66-ac87-cb62f9b00fab', 'db3a2209-7b14-42e3-9c7b-8ab0b774f22b', 'withdrawal', 'f480acbb-1d1d-49d8-b221-f93523da5ffe', 'supply-yard', '2026-03-13T12:00:00+00:00') ON CONFLICT DO NOTHING;
INSERT INTO financial_ledger (id, journal_id, account, amount, quantity, unit, unit_cost, department, job_id, billing_entity, billing_entity_id, contractor_id, sku_id, performed_by_user_id, reference_type, reference_id, organization_id, created_at) VALUES ('46f13cf3-997a-4e71-8c6b-4f37b1fb6e01', 'a42c30e6-91a0-4f65-97e5-0f4fedf06d55', 'cogs', 24.6, 6, 'bag', 4.1, 'Concrete', 'SP-2026-001', 'Summit Property Group', '77cd2847-439e-4597-a686-1c36171e8a26', '0565b2d4-2c7d-4b5e-9aa7-a2a05d387224', '78870b57-b137-4e66-ac87-cb62f9b00fab', 'db3a2209-7b14-42e3-9c7b-8ab0b774f22b', 'withdrawal', 'f480acbb-1d1d-49d8-b221-f93523da5ffe', 'supply-yard', '2026-03-13T12:00:00+00:00') ON CONFLICT DO NOTHING;
INSERT INTO financial_ledger (id, journal_id, account, amount, quantity, unit, unit_cost, department, job_id, billing_entity, billing_entity_id, contractor_id, sku_id, performed_by_user_id, reference_type, reference_id, organization_id, created_at) VALUES ('0ef0d77c-ac54-4e6a-964c-4b7572239c8a', 'a42c30e6-91a0-4f65-97e5-0f4fedf06d55', 'inventory', -24.6, 6, 'bag', 4.1, 'Concrete', 'SP-2026-001', 'Summit Property Group', '77cd2847-439e-4597-a686-1c36171e8a26', '0565b2d4-2c7d-4b5e-9aa7-a2a05d387224', '78870b57-b137-4e66-ac87-cb62f9b00fab', 'db3a2209-7b14-42e3-9c7b-8ab0b774f22b', 'withdrawal', 'f480acbb-1d1d-49d8-b221-f93523da5ffe', 'supply-yard', '2026-03-13T12:00:00+00:00') ON CONFLICT DO NOTHING;
INSERT INTO financial_ledger (id, journal_id, account, amount, job_id, billing_entity, billing_entity_id, contractor_id, performed_by_user_id, reference_type, reference_id, organization_id, created_at) VALUES ('c91e79c9-e8dd-4fb0-8548-f467c19c66b3', 'a42c30e6-91a0-4f65-97e5-0f4fedf06d55', 'tax_collected', 15.23, 'SP-2026-001', 'Summit Property Group', '77cd2847-439e-4597-a686-1c36171e8a26', '0565b2d4-2c7d-4b5e-9aa7-a2a05d387224', 'db3a2209-7b14-42e3-9c7b-8ab0b774f22b', 'withdrawal', 'f480acbb-1d1d-49d8-b221-f93523da5ffe', 'supply-yard', '2026-03-13T12:00:00+00:00') ON CONFLICT DO NOTHING;
INSERT INTO financial_ledger (id, journal_id, account, amount, job_id, billing_entity, billing_entity_id, contractor_id, performed_by_user_id, reference_type, reference_id, organization_id, created_at) VALUES ('b295c249-0d73-4053-bfa7-700ee1083a5b', 'a42c30e6-91a0-4f65-97e5-0f4fedf06d55', 'accounts_receivable', 167.57, 'SP-2026-001', 'Summit Property Group', '77cd2847-439e-4597-a686-1c36171e8a26', '0565b2d4-2c7d-4b5e-9aa7-a2a05d387224', 'db3a2209-7b14-42e3-9c7b-8ab0b774f22b', 'withdrawal', 'f480acbb-1d1d-49d8-b221-f93523da5ffe', 'supply-yard', '2026-03-13T12:00:00+00:00') ON CONFLICT DO NOTHING;
INSERT INTO financial_ledger (id, journal_id, account, amount, quantity, unit, unit_cost, department, job_id, billing_entity, billing_entity_id, contractor_id, sku_id, performed_by_user_id, reference_type, reference_id, organization_id, created_at) VALUES ('5a6a4cae-f7fd-4dd9-8d02-6712d0ce6c9b', '6df50c06-5dc0-4b36-a36b-6c9d4cc1fe1a', 'revenue', 119.99, 1, 'foot', 119.99, 'Electrical - Wire', 'SP-2026-002', 'Summit Property Group', '77cd2847-439e-4597-a686-1c36171e8a26', '0565b2d4-2c7d-4b5e-9aa7-a2a05d387224', 'df25513c-987b-448c-ab87-562745ff25d1', 'db3a2209-7b14-42e3-9c7b-8ab0b774f22b', 'withdrawal', 'b65a99f4-d274-4041-bba8-c07ec78cbf76', 'supply-yard', '2026-03-14T12:00:00+00:00') ON CONFLICT DO NOTHING;
INSERT INTO financial_ledger (id, journal_id, account, amount, quantity, unit, unit_cost, department, job_id, billing_entity, billing_entity_id, contractor_id, sku_id, performed_by_user_id, reference_type, reference_id, organization_id, created_at) VALUES ('d06a836f-c284-494b-adba-f0cf9a9dcd14', '6df50c06-5dc0-4b36-a36b-6c9d4cc1fe1a', 'cogs', 72.0, 1, 'foot', 72.0, 'Electrical - Wire', 'SP-2026-002', 'Summit Property Group', '77cd2847-439e-4597-a686-1c36171e8a26', '0565b2d4-2c7d-4b5e-9aa7-a2a05d387224', 'df25513c-987b-448c-ab87-562745ff25d1', 'db3a2209-7b14-42e3-9c7b-8ab0b774f22b', 'withdrawal', 'b65a99f4-d274-4041-bba8-c07ec78cbf76', 'supply-yard', '2026-03-14T12:00:00+00:00') ON CONFLICT DO NOTHING;
INSERT INTO financial_ledger (id, journal_id, account, amount, quantity, unit, unit_cost, department, job_id, billing_entity, billing_entity_id, contractor_id, sku_id, performed_by_user_id, reference_type, reference_id, organization_id, created_at) VALUES ('19d7a2bf-67e7-4563-a3f7-a84f26bcfa13', '6df50c06-5dc0-4b36-a36b-6c9d4cc1fe1a', 'inventory', -72.0, 1, 'foot', 72.0, 'Electrical - Wire', 'SP-2026-002', 'Summit Property Group', '77cd2847-439e-4597-a686-1c36171e8a26', '0565b2d4-2c7d-4b5e-9aa7-a2a05d387224', 'df25513c-987b-448c-ab87-562745ff25d1', 'db3a2209-7b14-42e3-9c7b-8ab0b774f22b', 'withdrawal', 'b65a99f4-d274-4041-bba8-c07ec78cbf76', 'supply-yard', '2026-03-14T12:00:00+00:00') ON CONFLICT DO NOTHING;
INSERT INTO financial_ledger (id, journal_id, account, amount, quantity, unit, unit_cost, department, job_id, billing_entity, billing_entity_id, contractor_id, sku_id, performed_by_user_id, reference_type, reference_id, organization_id, created_at) VALUES ('49615c8a-212a-482b-b2e1-ab63731e0fe3', '6df50c06-5dc0-4b36-a36b-6c9d4cc1fe1a', 'revenue', 113.94, 6, 'each', 18.99, 'Electrical', 'SP-2026-002', 'Summit Property Group', '77cd2847-439e-4597-a686-1c36171e8a26', '0565b2d4-2c7d-4b5e-9aa7-a2a05d387224', '10ec274b-cdc6-4650-b318-83194c3106f6', 'db3a2209-7b14-42e3-9c7b-8ab0b774f22b', 'withdrawal', 'b65a99f4-d274-4041-bba8-c07ec78cbf76', 'supply-yard', '2026-03-14T12:00:00+00:00') ON CONFLICT DO NOTHING;
INSERT INTO financial_ledger (id, journal_id, account, amount, quantity, unit, unit_cost, department, job_id, billing_entity, billing_entity_id, contractor_id, sku_id, performed_by_user_id, reference_type, reference_id, organization_id, created_at) VALUES ('2fda4b41-cfb1-4e8d-8a57-08e1dacd8a2c', '6df50c06-5dc0-4b36-a36b-6c9d4cc1fe1a', 'cogs', 63.0, 6, 'each', 10.5, 'Electrical', 'SP-2026-002', 'Summit Property Group', '77cd2847-439e-4597-a686-1c36171e8a26', '0565b2d4-2c7d-4b5e-9aa7-a2a05d387224', '10ec274b-cdc6-4650-b318-83194c3106f6', 'db3a2209-7b14-42e3-9c7b-8ab0b774f22b', 'withdrawal', 'b65a99f4-d274-4041-bba8-c07ec78cbf76', 'supply-yard', '2026-03-14T12:00:00+00:00') ON CONFLICT DO NOTHING;
INSERT INTO financial_ledger (id, journal_id, account, amount, quantity, unit, unit_cost, department, job_id, billing_entity, billing_entity_id, contractor_id, sku_id, performed_by_user_id, reference_type, reference_id, organization_id, created_at) VALUES ('e79d6684-cd8f-4669-a10f-8a289bc8baf9', '6df50c06-5dc0-4b36-a36b-6c9d4cc1fe1a', 'inventory', -63.0, 6, 'each', 10.5, 'Electrical', 'SP-2026-002', 'Summit Property Group', '77cd2847-439e-4597-a686-1c36171e8a26', '0565b2d4-2c7d-4b5e-9aa7-a2a05d387224', '10ec274b-cdc6-4650-b318-83194c3106f6', 'db3a2209-7b14-42e3-9c7b-8ab0b774f22b', 'withdrawal', 'b65a99f4-d274-4041-bba8-c07ec78cbf76', 'supply-yard', '2026-03-14T12:00:00+00:00') ON CONFLICT DO NOTHING;
INSERT INTO financial_ledger (id, journal_id, account, amount, quantity, unit, unit_cost, department, job_id, billing_entity, billing_entity_id, contractor_id, sku_id, performed_by_user_id, reference_type, reference_id, organization_id, created_at) VALUES ('eec4c7cc-4622-4ae3-9141-46327bb98aa2', '6df50c06-5dc0-4b36-a36b-6c9d4cc1fe1a', 'revenue', 32.9, 10, 'each', 3.29, 'Electrical', 'SP-2026-002', 'Summit Property Group', '77cd2847-439e-4597-a686-1c36171e8a26', '0565b2d4-2c7d-4b5e-9aa7-a2a05d387224', 'e79b6a75-8d27-47c5-b0f2-90b7e2d73bdb', 'db3a2209-7b14-42e3-9c7b-8ab0b774f22b', 'withdrawal', 'b65a99f4-d274-4041-bba8-c07ec78cbf76', 'supply-yard', '2026-03-14T12:00:00+00:00') ON CONFLICT DO NOTHING;
INSERT INTO financial_ledger (id, journal_id, account, amount, quantity, unit, unit_cost, department, job_id, billing_entity, billing_entity_id, contractor_id, sku_id, performed_by_user_id, reference_type, reference_id, organization_id, created_at) VALUES ('d0415eab-a5e8-49cf-a405-1857774c1214', '6df50c06-5dc0-4b36-a36b-6c9d4cc1fe1a', 'cogs', 16.0, 10, 'each', 1.6, 'Electrical', 'SP-2026-002', 'Summit Property Group', '77cd2847-439e-4597-a686-1c36171e8a26', '0565b2d4-2c7d-4b5e-9aa7-a2a05d387224', 'e79b6a75-8d27-47c5-b0f2-90b7e2d73bdb', 'db3a2209-7b14-42e3-9c7b-8ab0b774f22b', 'withdrawal', 'b65a99f4-d274-4041-bba8-c07ec78cbf76', 'supply-yard', '2026-03-14T12:00:00+00:00') ON CONFLICT DO NOTHING;
INSERT INTO financial_ledger (id, journal_id, account, amount, quantity, unit, unit_cost, department, job_id, billing_entity, billing_entity_id, contractor_id, sku_id, performed_by_user_id, reference_type, reference_id, organization_id, created_at) VALUES ('bcc41493-eb98-4b5a-a18a-a57ba0293e46', '6df50c06-5dc0-4b36-a36b-6c9d4cc1fe1a', 'inventory', -16.0, 10, 'each', 1.6, 'Electrical', 'SP-2026-002', 'Summit Property Group', '77cd2847-439e-4597-a686-1c36171e8a26', '0565b2d4-2c7d-4b5e-9aa7-a2a05d387224', 'e79b6a75-8d27-47c5-b0f2-90b7e2d73bdb', 'db3a2209-7b14-42e3-9c7b-8ab0b774f22b', 'withdrawal', 'b65a99f4-d274-4041-bba8-c07ec78cbf76', 'supply-yard', '2026-03-14T12:00:00+00:00') ON CONFLICT DO NOTHING;
INSERT INTO financial_ledger (id, journal_id, account, amount, job_id, billing_entity, billing_entity_id, contractor_id, performed_by_user_id, reference_type, reference_id, organization_id, created_at) VALUES ('227fed65-b92e-4a95-a165-6efd22707ba6', '6df50c06-5dc0-4b36-a36b-6c9d4cc1fe1a', 'tax_collected', 26.68, 'SP-2026-002', 'Summit Property Group', '77cd2847-439e-4597-a686-1c36171e8a26', '0565b2d4-2c7d-4b5e-9aa7-a2a05d387224', 'db3a2209-7b14-42e3-9c7b-8ab0b774f22b', 'withdrawal', 'b65a99f4-d274-4041-bba8-c07ec78cbf76', 'supply-yard', '2026-03-14T12:00:00+00:00') ON CONFLICT DO NOTHING;
INSERT INTO financial_ledger (id, journal_id, account, amount, job_id, billing_entity, billing_entity_id, contractor_id, performed_by_user_id, reference_type, reference_id, organization_id, created_at) VALUES ('bdfed55f-c9e1-4304-b0bd-cdde84bc24bb', '6df50c06-5dc0-4b36-a36b-6c9d4cc1fe1a', 'accounts_receivable', 293.51, 'SP-2026-002', 'Summit Property Group', '77cd2847-439e-4597-a686-1c36171e8a26', '0565b2d4-2c7d-4b5e-9aa7-a2a05d387224', 'db3a2209-7b14-42e3-9c7b-8ab0b774f22b', 'withdrawal', 'b65a99f4-d274-4041-bba8-c07ec78cbf76', 'supply-yard', '2026-03-14T12:00:00+00:00') ON CONFLICT DO NOTHING;
INSERT INTO financial_ledger (id, journal_id, account, amount, quantity, unit, unit_cost, department, job_id, billing_entity, billing_entity_id, contractor_id, sku_id, performed_by_user_id, reference_type, reference_id, organization_id, created_at) VALUES ('e7fa3f46-6b77-4165-b2ad-ce0e6461fd8d', '258d73a5-202e-4e00-b334-717ced0fa000', 'revenue', 235.96, 4, 'gallon', 58.99, 'Paint Products', 'CL-2026-001', 'Coastal Living Rentals', '3766b68c-ffd8-4541-a241-f9f10e1e65e0', '4d5ff6c9-6ac2-4929-bd5f-e4197c10d009', '5df1310c-e994-4a3a-a156-4c1161e832a8', 'db3a2209-7b14-42e3-9c7b-8ab0b774f22b', 'withdrawal', '0997ccd3-c21b-4ff3-b413-6ca5a35504fd', 'supply-yard', '2026-03-10T12:00:00+00:00') ON CONFLICT DO NOTHING;
INSERT INTO financial_ledger (id, journal_id, account, amount, quantity, unit, unit_cost, department, job_id, billing_entity, billing_entity_id, contractor_id, sku_id, performed_by_user_id, reference_type, reference_id, organization_id, created_at) VALUES ('ac95b38e-783e-4133-8069-659e093eb319', '258d73a5-202e-4e00-b334-717ced0fa000', 'cogs', 144.0, 4, 'gallon', 36.0, 'Paint Products', 'CL-2026-001', 'Coastal Living Rentals', '3766b68c-ffd8-4541-a241-f9f10e1e65e0', '4d5ff6c9-6ac2-4929-bd5f-e4197c10d009', '5df1310c-e994-4a3a-a156-4c1161e832a8', 'db3a2209-7b14-42e3-9c7b-8ab0b774f22b', 'withdrawal', '0997ccd3-c21b-4ff3-b413-6ca5a35504fd', 'supply-yard', '2026-03-10T12:00:00+00:00') ON CONFLICT DO NOTHING;
INSERT INTO financial_ledger (id, journal_id, account, amount, quantity, unit, unit_cost, department, job_id, billing_entity, billing_entity_id, contractor_id, sku_id, performed_by_user_id, reference_type, reference_id, organization_id, created_at) VALUES ('a11f402e-e856-416e-acc7-1f1f7a3f3caa', '258d73a5-202e-4e00-b334-717ced0fa000', 'inventory', -144.0, 4, 'gallon', 36.0, 'Paint Products', 'CL-2026-001', 'Coastal Living Rentals', '3766b68c-ffd8-4541-a241-f9f10e1e65e0', '4d5ff6c9-6ac2-4929-bd5f-e4197c10d009', '5df1310c-e994-4a3a-a156-4c1161e832a8', 'db3a2209-7b14-42e3-9c7b-8ab0b774f22b', 'withdrawal', '0997ccd3-c21b-4ff3-b413-6ca5a35504fd', 'supply-yard', '2026-03-10T12:00:00+00:00') ON CONFLICT DO NOTHING;
INSERT INTO financial_ledger (id, journal_id, account, amount, quantity, unit, unit_cost, department, job_id, billing_entity, billing_entity_id, contractor_id, sku_id, performed_by_user_id, reference_type, reference_id, organization_id, created_at) VALUES ('e983646b-6507-4256-bc79-ee963a23533d', '258d73a5-202e-4e00-b334-717ced0fa000', 'revenue', 53.94, 6, 'each', 8.99, 'Paint Supplies', 'CL-2026-001', 'Coastal Living Rentals', '3766b68c-ffd8-4541-a241-f9f10e1e65e0', '4d5ff6c9-6ac2-4929-bd5f-e4197c10d009', '2ce9ed84-7465-4651-8fe3-b661f4a4be3d', 'db3a2209-7b14-42e3-9c7b-8ab0b774f22b', 'withdrawal', '0997ccd3-c21b-4ff3-b413-6ca5a35504fd', 'supply-yard', '2026-03-10T12:00:00+00:00') ON CONFLICT DO NOTHING;
INSERT INTO financial_ledger (id, journal_id, account, amount, quantity, unit, unit_cost, department, job_id, billing_entity, billing_entity_id, contractor_id, sku_id, performed_by_user_id, reference_type, reference_id, organization_id, created_at) VALUES ('04d2fce3-5212-4a6e-a0c0-4f4de46fa139', '258d73a5-202e-4e00-b334-717ced0fa000', 'cogs', 25.2, 6, 'each', 4.2, 'Paint Supplies', 'CL-2026-001', 'Coastal Living Rentals', '3766b68c-ffd8-4541-a241-f9f10e1e65e0', '4d5ff6c9-6ac2-4929-bd5f-e4197c10d009', '2ce9ed84-7465-4651-8fe3-b661f4a4be3d', 'db3a2209-7b14-42e3-9c7b-8ab0b774f22b', 'withdrawal', '0997ccd3-c21b-4ff3-b413-6ca5a35504fd', 'supply-yard', '2026-03-10T12:00:00+00:00') ON CONFLICT DO NOTHING;
INSERT INTO financial_ledger (id, journal_id, account, amount, quantity, unit, unit_cost, department, job_id, billing_entity, billing_entity_id, contractor_id, sku_id, performed_by_user_id, reference_type, reference_id, organization_id, created_at) VALUES ('91a86dc5-2f7a-4082-9f39-d9a4054cc9c1', '258d73a5-202e-4e00-b334-717ced0fa000', 'inventory', -25.2, 6, 'each', 4.2, 'Paint Supplies', 'CL-2026-001', 'Coastal Living Rentals', '3766b68c-ffd8-4541-a241-f9f10e1e65e0', '4d5ff6c9-6ac2-4929-bd5f-e4197c10d009', '2ce9ed84-7465-4651-8fe3-b661f4a4be3d', 'db3a2209-7b14-42e3-9c7b-8ab0b774f22b', 'withdrawal', '0997ccd3-c21b-4ff3-b413-6ca5a35504fd', 'supply-yard', '2026-03-10T12:00:00+00:00') ON CONFLICT DO NOTHING;
INSERT INTO financial_ledger (id, journal_id, account, amount, quantity, unit, unit_cost, department, job_id, billing_entity, billing_entity_id, contractor_id, sku_id, performed_by_user_id, reference_type, reference_id, organization_id, created_at) VALUES ('4a33fe1e-7225-4927-bb5c-c0a265bd1677', '258d73a5-202e-4e00-b334-717ced0fa000', 'revenue', 37.96, 4, 'each', 9.49, 'Paint Supplies', 'CL-2026-001', 'Coastal Living Rentals', '3766b68c-ffd8-4541-a241-f9f10e1e65e0', '4d5ff6c9-6ac2-4929-bd5f-e4197c10d009', '75155b09-f4a0-4d25-8fff-89a4151e6d9c', 'db3a2209-7b14-42e3-9c7b-8ab0b774f22b', 'withdrawal', '0997ccd3-c21b-4ff3-b413-6ca5a35504fd', 'supply-yard', '2026-03-10T12:00:00+00:00') ON CONFLICT DO NOTHING;
INSERT INTO financial_ledger (id, journal_id, account, amount, quantity, unit, unit_cost, department, job_id, billing_entity, billing_entity_id, contractor_id, sku_id, performed_by_user_id, reference_type, reference_id, organization_id, created_at) VALUES ('3502051e-7efe-4e40-9950-93ccc4d417c7', '258d73a5-202e-4e00-b334-717ced0fa000', 'cogs', 18.0, 4, 'each', 4.5, 'Paint Supplies', 'CL-2026-001', 'Coastal Living Rentals', '3766b68c-ffd8-4541-a241-f9f10e1e65e0', '4d5ff6c9-6ac2-4929-bd5f-e4197c10d009', '75155b09-f4a0-4d25-8fff-89a4151e6d9c', 'db3a2209-7b14-42e3-9c7b-8ab0b774f22b', 'withdrawal', '0997ccd3-c21b-4ff3-b413-6ca5a35504fd', 'supply-yard', '2026-03-10T12:00:00+00:00') ON CONFLICT DO NOTHING;
INSERT INTO financial_ledger (id, journal_id, account, amount, quantity, unit, unit_cost, department, job_id, billing_entity, billing_entity_id, contractor_id, sku_id, performed_by_user_id, reference_type, reference_id, organization_id, created_at) VALUES ('5a8d83ff-e8bb-4888-af32-019fb83777b8', '258d73a5-202e-4e00-b334-717ced0fa000', 'inventory', -18.0, 4, 'each', 4.5, 'Paint Supplies', 'CL-2026-001', 'Coastal Living Rentals', '3766b68c-ffd8-4541-a241-f9f10e1e65e0', '4d5ff6c9-6ac2-4929-bd5f-e4197c10d009', '75155b09-f4a0-4d25-8fff-89a4151e6d9c', 'db3a2209-7b14-42e3-9c7b-8ab0b774f22b', 'withdrawal', '0997ccd3-c21b-4ff3-b413-6ca5a35504fd', 'supply-yard', '2026-03-10T12:00:00+00:00') ON CONFLICT DO NOTHING;
INSERT INTO financial_ledger (id, journal_id, account, amount, quantity, unit, unit_cost, department, job_id, billing_entity, billing_entity_id, contractor_id, sku_id, performed_by_user_id, reference_type, reference_id, organization_id, created_at) VALUES ('4766ced8-ee2a-4568-800d-0211652e096b', '258d73a5-202e-4e00-b334-717ced0fa000', 'revenue', 29.97, 3, 'pack', 9.99, 'Cleaning', 'CL-2026-001', 'Coastal Living Rentals', '3766b68c-ffd8-4541-a241-f9f10e1e65e0', '4d5ff6c9-6ac2-4929-bd5f-e4197c10d009', '46b0025e-288e-455e-b44d-e9e0c9539ee8', 'db3a2209-7b14-42e3-9c7b-8ab0b774f22b', 'withdrawal', '0997ccd3-c21b-4ff3-b413-6ca5a35504fd', 'supply-yard', '2026-03-10T12:00:00+00:00') ON CONFLICT DO NOTHING;
INSERT INTO financial_ledger (id, journal_id, account, amount, quantity, unit, unit_cost, department, job_id, billing_entity, billing_entity_id, contractor_id, sku_id, performed_by_user_id, reference_type, reference_id, organization_id, created_at) VALUES ('88bd51cb-36d4-47b2-bc88-0a1af231269d', '258d73a5-202e-4e00-b334-717ced0fa000', 'cogs', 15.6, 3, 'pack', 5.2, 'Cleaning', 'CL-2026-001', 'Coastal Living Rentals', '3766b68c-ffd8-4541-a241-f9f10e1e65e0', '4d5ff6c9-6ac2-4929-bd5f-e4197c10d009', '46b0025e-288e-455e-b44d-e9e0c9539ee8', 'db3a2209-7b14-42e3-9c7b-8ab0b774f22b', 'withdrawal', '0997ccd3-c21b-4ff3-b413-6ca5a35504fd', 'supply-yard', '2026-03-10T12:00:00+00:00') ON CONFLICT DO NOTHING;
INSERT INTO financial_ledger (id, journal_id, account, amount, quantity, unit, unit_cost, department, job_id, billing_entity, billing_entity_id, contractor_id, sku_id, performed_by_user_id, reference_type, reference_id, organization_id, created_at) VALUES ('184e1300-3d6f-4a56-9e09-12381d40ef0c', '258d73a5-202e-4e00-b334-717ced0fa000', 'inventory', -15.6, 3, 'pack', 5.2, 'Cleaning', 'CL-2026-001', 'Coastal Living Rentals', '3766b68c-ffd8-4541-a241-f9f10e1e65e0', '4d5ff6c9-6ac2-4929-bd5f-e4197c10d009', '46b0025e-288e-455e-b44d-e9e0c9539ee8', 'db3a2209-7b14-42e3-9c7b-8ab0b774f22b', 'withdrawal', '0997ccd3-c21b-4ff3-b413-6ca5a35504fd', 'supply-yard', '2026-03-10T12:00:00+00:00') ON CONFLICT DO NOTHING;
INSERT INTO financial_ledger (id, journal_id, account, amount, job_id, billing_entity, billing_entity_id, contractor_id, performed_by_user_id, reference_type, reference_id, organization_id, created_at) VALUES ('3d4f0438-fb0c-40cb-8fd5-b41089bfe857', '258d73a5-202e-4e00-b334-717ced0fa000', 'tax_collected', 35.78, 'CL-2026-001', 'Coastal Living Rentals', '3766b68c-ffd8-4541-a241-f9f10e1e65e0', '4d5ff6c9-6ac2-4929-bd5f-e4197c10d009', 'db3a2209-7b14-42e3-9c7b-8ab0b774f22b', 'withdrawal', '0997ccd3-c21b-4ff3-b413-6ca5a35504fd', 'supply-yard', '2026-03-10T12:00:00+00:00') ON CONFLICT DO NOTHING;
INSERT INTO financial_ledger (id, journal_id, account, amount, job_id, billing_entity, billing_entity_id, contractor_id, performed_by_user_id, reference_type, reference_id, organization_id, created_at) VALUES ('88fcff1a-a2de-441d-b208-48057e2467d5', '258d73a5-202e-4e00-b334-717ced0fa000', 'accounts_receivable', 393.61, 'CL-2026-001', 'Coastal Living Rentals', '3766b68c-ffd8-4541-a241-f9f10e1e65e0', '4d5ff6c9-6ac2-4929-bd5f-e4197c10d009', 'db3a2209-7b14-42e3-9c7b-8ab0b774f22b', 'withdrawal', '0997ccd3-c21b-4ff3-b413-6ca5a35504fd', 'supply-yard', '2026-03-10T12:00:00+00:00') ON CONFLICT DO NOTHING;
INSERT INTO financial_ledger (id, journal_id, account, amount, quantity, unit, unit_cost, department, job_id, billing_entity, billing_entity_id, contractor_id, sku_id, performed_by_user_id, reference_type, reference_id, organization_id, created_at) VALUES ('f13c8388-1834-4caf-b7b5-cd3b16bea224', 'b696623b-9cb6-4742-882f-d69c280d696f', 'revenue', 128.97, 3, 'each', 42.99, 'Safety', 'RR-2026-001', 'Riva Ridge Property Mgmt', '072f39cd-940f-46a5-8555-7158d5a2be31', '4d5ff6c9-6ac2-4929-bd5f-e4197c10d009', 'e9661687-b966-4c49-a2cf-7c8e4ccf116d', 'db3a2209-7b14-42e3-9c7b-8ab0b774f22b', 'withdrawal', '8bcbbdf6-75b3-4ce6-ba54-dfd37a8fc22d', 'supply-yard', '2026-03-16T12:00:00+00:00') ON CONFLICT DO NOTHING;
INSERT INTO financial_ledger (id, journal_id, account, amount, quantity, unit, unit_cost, department, job_id, billing_entity, billing_entity_id, contractor_id, sku_id, performed_by_user_id, reference_type, reference_id, organization_id, created_at) VALUES ('b8ab19e3-8510-4688-99a5-39f68a5475b2', 'b696623b-9cb6-4742-882f-d69c280d696f', 'cogs', 84.0, 3, 'each', 28.0, 'Safety', 'RR-2026-001', 'Riva Ridge Property Mgmt', '072f39cd-940f-46a5-8555-7158d5a2be31', '4d5ff6c9-6ac2-4929-bd5f-e4197c10d009', 'e9661687-b966-4c49-a2cf-7c8e4ccf116d', 'db3a2209-7b14-42e3-9c7b-8ab0b774f22b', 'withdrawal', '8bcbbdf6-75b3-4ce6-ba54-dfd37a8fc22d', 'supply-yard', '2026-03-16T12:00:00+00:00') ON CONFLICT DO NOTHING;
INSERT INTO financial_ledger (id, journal_id, account, amount, quantity, unit, unit_cost, department, job_id, billing_entity, billing_entity_id, contractor_id, sku_id, performed_by_user_id, reference_type, reference_id, organization_id, created_at) VALUES ('86db0410-c96e-4464-b575-38f3e3483fa2', 'b696623b-9cb6-4742-882f-d69c280d696f', 'inventory', -84.0, 3, 'each', 28.0, 'Safety', 'RR-2026-001', 'Riva Ridge Property Mgmt', '072f39cd-940f-46a5-8555-7158d5a2be31', '4d5ff6c9-6ac2-4929-bd5f-e4197c10d009', 'e9661687-b966-4c49-a2cf-7c8e4ccf116d', 'db3a2209-7b14-42e3-9c7b-8ab0b774f22b', 'withdrawal', '8bcbbdf6-75b3-4ce6-ba54-dfd37a8fc22d', 'supply-yard', '2026-03-16T12:00:00+00:00') ON CONFLICT DO NOTHING;
INSERT INTO financial_ledger (id, journal_id, account, amount, quantity, unit, unit_cost, department, job_id, billing_entity, billing_entity_id, contractor_id, sku_id, performed_by_user_id, reference_type, reference_id, organization_id, created_at) VALUES ('4ea49ead-d693-45d3-a748-9ebac0ca6aa3', 'b696623b-9cb6-4742-882f-d69c280d696f', 'revenue', 59.98, 2, 'each', 29.99, 'Locks/Knobs', 'RR-2026-001', 'Riva Ridge Property Mgmt', '072f39cd-940f-46a5-8555-7158d5a2be31', '4d5ff6c9-6ac2-4929-bd5f-e4197c10d009', '6c6de78b-fd99-4bad-ab5d-9bb132f3ee9c', 'db3a2209-7b14-42e3-9c7b-8ab0b774f22b', 'withdrawal', '8bcbbdf6-75b3-4ce6-ba54-dfd37a8fc22d', 'supply-yard', '2026-03-16T12:00:00+00:00') ON CONFLICT DO NOTHING;
INSERT INTO financial_ledger (id, journal_id, account, amount, quantity, unit, unit_cost, department, job_id, billing_entity, billing_entity_id, contractor_id, sku_id, performed_by_user_id, reference_type, reference_id, organization_id, created_at) VALUES ('4cdac310-9302-481a-a314-bd7cea87fb20', 'b696623b-9cb6-4742-882f-d69c280d696f', 'cogs', 32.0, 2, 'each', 16.0, 'Locks/Knobs', 'RR-2026-001', 'Riva Ridge Property Mgmt', '072f39cd-940f-46a5-8555-7158d5a2be31', '4d5ff6c9-6ac2-4929-bd5f-e4197c10d009', '6c6de78b-fd99-4bad-ab5d-9bb132f3ee9c', 'db3a2209-7b14-42e3-9c7b-8ab0b774f22b', 'withdrawal', '8bcbbdf6-75b3-4ce6-ba54-dfd37a8fc22d', 'supply-yard', '2026-03-16T12:00:00+00:00') ON CONFLICT DO NOTHING;
INSERT INTO financial_ledger (id, journal_id, account, amount, quantity, unit, unit_cost, department, job_id, billing_entity, billing_entity_id, contractor_id, sku_id, performed_by_user_id, reference_type, reference_id, organization_id, created_at) VALUES ('6541f253-5f63-40e5-a2a7-be589814fe5d', 'b696623b-9cb6-4742-882f-d69c280d696f', 'inventory', -32.0, 2, 'each', 16.0, 'Locks/Knobs', 'RR-2026-001', 'Riva Ridge Property Mgmt', '072f39cd-940f-46a5-8555-7158d5a2be31', '4d5ff6c9-6ac2-4929-bd5f-e4197c10d009', '6c6de78b-fd99-4bad-ab5d-9bb132f3ee9c', 'db3a2209-7b14-42e3-9c7b-8ab0b774f22b', 'withdrawal', '8bcbbdf6-75b3-4ce6-ba54-dfd37a8fc22d', 'supply-yard', '2026-03-16T12:00:00+00:00') ON CONFLICT DO NOTHING;
INSERT INTO financial_ledger (id, journal_id, account, amount, quantity, unit, unit_cost, department, job_id, billing_entity, billing_entity_id, contractor_id, sku_id, performed_by_user_id, reference_type, reference_id, organization_id, created_at) VALUES ('5b1b51a4-01c6-4210-be6a-1cd986c0f301', 'b696623b-9cb6-4742-882f-d69c280d696f', 'revenue', 21.96, 4, 'tube', 5.49, 'Adhesives', 'RR-2026-001', 'Riva Ridge Property Mgmt', '072f39cd-940f-46a5-8555-7158d5a2be31', '4d5ff6c9-6ac2-4929-bd5f-e4197c10d009', '24b6267b-f9f4-4132-bf2c-b4f17ed663b2', 'db3a2209-7b14-42e3-9c7b-8ab0b774f22b', 'withdrawal', '8bcbbdf6-75b3-4ce6-ba54-dfd37a8fc22d', 'supply-yard', '2026-03-16T12:00:00+00:00') ON CONFLICT DO NOTHING;
INSERT INTO financial_ledger (id, journal_id, account, amount, quantity, unit, unit_cost, department, job_id, billing_entity, billing_entity_id, contractor_id, sku_id, performed_by_user_id, reference_type, reference_id, organization_id, created_at) VALUES ('79510398-a0d2-410c-9307-2b43dc6c0b5c', 'b696623b-9cb6-4742-882f-d69c280d696f', 'cogs', 11.2, 4, 'tube', 2.8, 'Adhesives', 'RR-2026-001', 'Riva Ridge Property Mgmt', '072f39cd-940f-46a5-8555-7158d5a2be31', '4d5ff6c9-6ac2-4929-bd5f-e4197c10d009', '24b6267b-f9f4-4132-bf2c-b4f17ed663b2', 'db3a2209-7b14-42e3-9c7b-8ab0b774f22b', 'withdrawal', '8bcbbdf6-75b3-4ce6-ba54-dfd37a8fc22d', 'supply-yard', '2026-03-16T12:00:00+00:00') ON CONFLICT DO NOTHING;
INSERT INTO financial_ledger (id, journal_id, account, amount, quantity, unit, unit_cost, department, job_id, billing_entity, billing_entity_id, contractor_id, sku_id, performed_by_user_id, reference_type, reference_id, organization_id, created_at) VALUES ('e4c9eae2-1dc5-4b29-97eb-1e3acffbca9b', 'b696623b-9cb6-4742-882f-d69c280d696f', 'inventory', -11.2, 4, 'tube', 2.8, 'Adhesives', 'RR-2026-001', 'Riva Ridge Property Mgmt', '072f39cd-940f-46a5-8555-7158d5a2be31', '4d5ff6c9-6ac2-4929-bd5f-e4197c10d009', '24b6267b-f9f4-4132-bf2c-b4f17ed663b2', 'db3a2209-7b14-42e3-9c7b-8ab0b774f22b', 'withdrawal', '8bcbbdf6-75b3-4ce6-ba54-dfd37a8fc22d', 'supply-yard', '2026-03-16T12:00:00+00:00') ON CONFLICT DO NOTHING;
INSERT INTO financial_ledger (id, journal_id, account, amount, job_id, billing_entity, billing_entity_id, contractor_id, performed_by_user_id, reference_type, reference_id, organization_id, created_at) VALUES ('903032aa-b7b3-4f0d-afcc-c8d4fab331c4', 'b696623b-9cb6-4742-882f-d69c280d696f', 'tax_collected', 21.09, 'RR-2026-001', 'Riva Ridge Property Mgmt', '072f39cd-940f-46a5-8555-7158d5a2be31', '4d5ff6c9-6ac2-4929-bd5f-e4197c10d009', 'db3a2209-7b14-42e3-9c7b-8ab0b774f22b', 'withdrawal', '8bcbbdf6-75b3-4ce6-ba54-dfd37a8fc22d', 'supply-yard', '2026-03-16T12:00:00+00:00') ON CONFLICT DO NOTHING;
INSERT INTO financial_ledger (id, journal_id, account, amount, job_id, billing_entity, billing_entity_id, contractor_id, performed_by_user_id, reference_type, reference_id, organization_id, created_at) VALUES ('07a3d49f-2583-434e-8485-79439c5c6960', 'b696623b-9cb6-4742-882f-d69c280d696f', 'accounts_receivable', 232.0, 'RR-2026-001', 'Riva Ridge Property Mgmt', '072f39cd-940f-46a5-8555-7158d5a2be31', '4d5ff6c9-6ac2-4929-bd5f-e4197c10d009', 'db3a2209-7b14-42e3-9c7b-8ab0b774f22b', 'withdrawal', '8bcbbdf6-75b3-4ce6-ba54-dfd37a8fc22d', 'supply-yard', '2026-03-16T12:00:00+00:00') ON CONFLICT DO NOTHING;
INSERT INTO financial_ledger (id, journal_id, account, amount, quantity, unit, unit_cost, department, vendor_name, sku_id, performed_by_user_id, reference_type, reference_id, organization_id, created_at) VALUES ('f7786e78-913d-444d-beca-68251a9c1a00', '3dc45c2d-4f20-47ca-96aa-13f80ef0d465', 'inventory', 320.0, 10, 'gallon', 32.0, 'Paint Products', 'Sherwin-Williams', '0f89fae8-0aba-4fb4-bfd7-d880eb91d299', 'db3a2209-7b14-42e3-9c7b-8ab0b774f22b', 'po_receipt', 'c7eeb272-92ad-4249-aa66-97a562d0170f', 'supply-yard', '2026-03-03T12:00:00+00:00') ON CONFLICT DO NOTHING;
INSERT INTO financial_ledger (id, journal_id, account, amount, quantity, unit, unit_cost, department, vendor_name, sku_id, performed_by_user_id, reference_type, reference_id, organization_id, created_at) VALUES ('15aa6b19-99fa-4653-9573-4f937f946386', '3dc45c2d-4f20-47ca-96aa-13f80ef0d465', 'accounts_payable', 320.0, 10, 'gallon', 32.0, 'Paint Products', 'Sherwin-Williams', '0f89fae8-0aba-4fb4-bfd7-d880eb91d299', 'db3a2209-7b14-42e3-9c7b-8ab0b774f22b', 'po_receipt', 'c7eeb272-92ad-4249-aa66-97a562d0170f', 'supply-yard', '2026-03-03T12:00:00+00:00') ON CONFLICT DO NOTHING;
INSERT INTO financial_ledger (id, journal_id, account, amount, quantity, unit, unit_cost, department, vendor_name, sku_id, performed_by_user_id, reference_type, reference_id, organization_id, created_at) VALUES ('dabb39ce-9018-4396-8de2-c00d77ba25ab', '3dc45c2d-4f20-47ca-96aa-13f80ef0d465', 'inventory', 272.0, 8, 'gallon', 34.0, 'Paint Products', 'Sherwin-Williams', '50cb5dbe-0dc8-4cc1-ba54-5ddba50d937b', 'db3a2209-7b14-42e3-9c7b-8ab0b774f22b', 'po_receipt', 'c7eeb272-92ad-4249-aa66-97a562d0170f', 'supply-yard', '2026-03-03T12:00:00+00:00') ON CONFLICT DO NOTHING;
INSERT INTO financial_ledger (id, journal_id, account, amount, quantity, unit, unit_cost, department, vendor_name, sku_id, performed_by_user_id, reference_type, reference_id, organization_id, created_at) VALUES ('d5f9dd21-0daf-4619-933f-ca0e6ef2f296', '3dc45c2d-4f20-47ca-96aa-13f80ef0d465', 'accounts_payable', 272.0, 8, 'gallon', 34.0, 'Paint Products', 'Sherwin-Williams', '50cb5dbe-0dc8-4cc1-ba54-5ddba50d937b', 'db3a2209-7b14-42e3-9c7b-8ab0b774f22b', 'po_receipt', 'c7eeb272-92ad-4249-aa66-97a562d0170f', 'supply-yard', '2026-03-03T12:00:00+00:00') ON CONFLICT DO NOTHING;
INSERT INTO financial_ledger (id, journal_id, account, amount, quantity, unit, unit_cost, department, vendor_name, sku_id, performed_by_user_id, reference_type, reference_id, organization_id, created_at) VALUES ('3eef696f-67b3-4fba-9f4e-9ab17b8de7d4', '3dc45c2d-4f20-47ca-96aa-13f80ef0d465', 'inventory', 216.0, 6, 'gallon', 36.0, 'Paint Products', 'Sherwin-Williams', '5df1310c-e994-4a3a-a156-4c1161e832a8', 'db3a2209-7b14-42e3-9c7b-8ab0b774f22b', 'po_receipt', 'c7eeb272-92ad-4249-aa66-97a562d0170f', 'supply-yard', '2026-03-03T12:00:00+00:00') ON CONFLICT DO NOTHING;
INSERT INTO financial_ledger (id, journal_id, account, amount, quantity, unit, unit_cost, department, vendor_name, sku_id, performed_by_user_id, reference_type, reference_id, organization_id, created_at) VALUES ('72e428d8-d92a-44c8-9b3e-1e58fee345ee', '3dc45c2d-4f20-47ca-96aa-13f80ef0d465', 'accounts_payable', 216.0, 6, 'gallon', 36.0, 'Paint Products', 'Sherwin-Williams', '5df1310c-e994-4a3a-a156-4c1161e832a8', 'db3a2209-7b14-42e3-9c7b-8ab0b774f22b', 'po_receipt', 'c7eeb272-92ad-4249-aa66-97a562d0170f', 'supply-yard', '2026-03-03T12:00:00+00:00') ON CONFLICT DO NOTHING;
INSERT INTO financial_ledger (id, journal_id, account, amount, quantity, unit, unit_cost, department, vendor_name, sku_id, performed_by_user_id, reference_type, reference_id, organization_id, created_at) VALUES ('ab5b8850-ddda-4473-bc00-42e7ea5ec633', '3dc45c2d-4f20-47ca-96aa-13f80ef0d465', 'inventory', 84.0, 20, 'each', 4.2, 'Paint Supplies', 'Sherwin-Williams', '2ce9ed84-7465-4651-8fe3-b661f4a4be3d', 'db3a2209-7b14-42e3-9c7b-8ab0b774f22b', 'po_receipt', 'c7eeb272-92ad-4249-aa66-97a562d0170f', 'supply-yard', '2026-03-03T12:00:00+00:00') ON CONFLICT DO NOTHING;
INSERT INTO financial_ledger (id, journal_id, account, amount, quantity, unit, unit_cost, department, vendor_name, sku_id, performed_by_user_id, reference_type, reference_id, organization_id, created_at) VALUES ('a7fa4e8b-e117-4d6b-b7d9-5310dd92f95d', '3dc45c2d-4f20-47ca-96aa-13f80ef0d465', 'accounts_payable', 84.0, 20, 'each', 4.2, 'Paint Supplies', 'Sherwin-Williams', '2ce9ed84-7465-4651-8fe3-b661f4a4be3d', 'db3a2209-7b14-42e3-9c7b-8ab0b774f22b', 'po_receipt', 'c7eeb272-92ad-4249-aa66-97a562d0170f', 'supply-yard', '2026-03-03T12:00:00+00:00') ON CONFLICT DO NOTHING;
INSERT INTO financial_ledger (id, journal_id, account, amount, quantity, unit, unit_cost, department, vendor_name, sku_id, performed_by_user_id, reference_type, reference_id, organization_id, created_at) VALUES ('f785bea4-19a0-424f-8fbd-e205f938d2d3', '3dc45c2d-4f20-47ca-96aa-13f80ef0d465', 'inventory', 52.0, 10, 'pack', 5.2, 'Cleaning', 'Sherwin-Williams', '46b0025e-288e-455e-b44d-e9e0c9539ee8', 'db3a2209-7b14-42e3-9c7b-8ab0b774f22b', 'po_receipt', 'c7eeb272-92ad-4249-aa66-97a562d0170f', 'supply-yard', '2026-03-03T12:00:00+00:00') ON CONFLICT DO NOTHING;
INSERT INTO financial_ledger (id, journal_id, account, amount, quantity, unit, unit_cost, department, vendor_name, sku_id, performed_by_user_id, reference_type, reference_id, organization_id, created_at) VALUES ('58c1648c-caea-4832-9668-a347a5810e1e', '3dc45c2d-4f20-47ca-96aa-13f80ef0d465', 'accounts_payable', 52.0, 10, 'pack', 5.2, 'Cleaning', 'Sherwin-Williams', '46b0025e-288e-455e-b44d-e9e0c9539ee8', 'db3a2209-7b14-42e3-9c7b-8ab0b774f22b', 'po_receipt', 'c7eeb272-92ad-4249-aa66-97a562d0170f', 'supply-yard', '2026-03-03T12:00:00+00:00') ON CONFLICT DO NOTHING;
INSERT INTO financial_ledger (id, journal_id, account, amount, quantity, unit, unit_cost, department, vendor_name, sku_id, performed_by_user_id, reference_type, reference_id, organization_id, created_at) VALUES ('a431b808-63f0-4b38-bbf5-fdd0eb7c449b', '28b3c948-5c30-409a-92aa-37de4fb89f5e', 'inventory', 208.0, 4, 'foot', 52.0, 'Electrical - Wire', 'The Home Depot Pro', 'e9b7859f-8cf2-48c1-935e-9be8d927d831', 'db3a2209-7b14-42e3-9c7b-8ab0b774f22b', 'po_receipt', '9e242078-25a7-434d-a489-640d659487e9', 'supply-yard', '2026-03-07T12:00:00+00:00') ON CONFLICT DO NOTHING;
INSERT INTO financial_ledger (id, journal_id, account, amount, quantity, unit, unit_cost, department, vendor_name, sku_id, performed_by_user_id, reference_type, reference_id, organization_id, created_at) VALUES ('77eb6f86-c8bc-43fc-bf74-ab8b9ba70653', '28b3c948-5c30-409a-92aa-37de4fb89f5e', 'accounts_payable', 208.0, 4, 'foot', 52.0, 'Electrical - Wire', 'The Home Depot Pro', 'e9b7859f-8cf2-48c1-935e-9be8d927d831', 'db3a2209-7b14-42e3-9c7b-8ab0b774f22b', 'po_receipt', '9e242078-25a7-434d-a489-640d659487e9', 'supply-yard', '2026-03-07T12:00:00+00:00') ON CONFLICT DO NOTHING;
INSERT INTO financial_ledger (id, journal_id, account, amount, quantity, unit, unit_cost, department, vendor_name, sku_id, performed_by_user_id, reference_type, reference_id, organization_id, created_at) VALUES ('440e684c-da11-4745-955c-e50a214a23a5', '28b3c948-5c30-409a-92aa-37de4fb89f5e', 'inventory', 144.0, 2, 'foot', 72.0, 'Electrical - Wire', 'The Home Depot Pro', 'df25513c-987b-448c-ab87-562745ff25d1', 'db3a2209-7b14-42e3-9c7b-8ab0b774f22b', 'po_receipt', '9e242078-25a7-434d-a489-640d659487e9', 'supply-yard', '2026-03-07T12:00:00+00:00') ON CONFLICT DO NOTHING;
INSERT INTO financial_ledger (id, journal_id, account, amount, quantity, unit, unit_cost, department, vendor_name, sku_id, performed_by_user_id, reference_type, reference_id, organization_id, created_at) VALUES ('878ff636-8efd-41f0-a669-b06f0ce7c24c', '28b3c948-5c30-409a-92aa-37de4fb89f5e', 'accounts_payable', 144.0, 2, 'foot', 72.0, 'Electrical - Wire', 'The Home Depot Pro', 'df25513c-987b-448c-ab87-562745ff25d1', 'db3a2209-7b14-42e3-9c7b-8ab0b774f22b', 'po_receipt', '9e242078-25a7-434d-a489-640d659487e9', 'supply-yard', '2026-03-07T12:00:00+00:00') ON CONFLICT DO NOTHING;
INSERT INTO financial_ledger (id, journal_id, account, amount, quantity, unit, unit_cost, department, vendor_name, sku_id, performed_by_user_id, reference_type, reference_id, organization_id, created_at) VALUES ('3003e23f-b57d-44be-9bfe-39d02c21ba6f', '28b3c948-5c30-409a-92aa-37de4fb89f5e', 'inventory', 126.0, 12, 'each', 10.5, 'Electrical', 'The Home Depot Pro', '10ec274b-cdc6-4650-b318-83194c3106f6', 'db3a2209-7b14-42e3-9c7b-8ab0b774f22b', 'po_receipt', '9e242078-25a7-434d-a489-640d659487e9', 'supply-yard', '2026-03-07T12:00:00+00:00') ON CONFLICT DO NOTHING;
INSERT INTO financial_ledger (id, journal_id, account, amount, quantity, unit, unit_cost, department, vendor_name, sku_id, performed_by_user_id, reference_type, reference_id, organization_id, created_at) VALUES ('a1165c0f-a5fe-4a0d-8088-c04acabea712', '28b3c948-5c30-409a-92aa-37de4fb89f5e', 'accounts_payable', 126.0, 12, 'each', 10.5, 'Electrical', 'The Home Depot Pro', '10ec274b-cdc6-4650-b318-83194c3106f6', 'db3a2209-7b14-42e3-9c7b-8ab0b774f22b', 'po_receipt', '9e242078-25a7-434d-a489-640d659487e9', 'supply-yard', '2026-03-07T12:00:00+00:00') ON CONFLICT DO NOTHING;
INSERT INTO financial_ledger (id, journal_id, account, amount, quantity, unit, unit_cost, department, vendor_name, sku_id, performed_by_user_id, reference_type, reference_id, organization_id, created_at) VALUES ('87491ea9-145f-4d84-a05c-bcb3b9ae59bd', '28b3c948-5c30-409a-92aa-37de4fb89f5e', 'inventory', 96.0, 20, 'each', 4.8, 'Plumbing - Fittings', 'The Home Depot Pro', '02642d12-172e-47d9-aaae-4d597ba0d3c4', 'db3a2209-7b14-42e3-9c7b-8ab0b774f22b', 'po_receipt', '9e242078-25a7-434d-a489-640d659487e9', 'supply-yard', '2026-03-07T12:00:00+00:00') ON CONFLICT DO NOTHING;
INSERT INTO financial_ledger (id, journal_id, account, amount, quantity, unit, unit_cost, department, vendor_name, sku_id, performed_by_user_id, reference_type, reference_id, organization_id, created_at) VALUES ('94d99609-78bf-4822-a7bc-a9104572ec08', '28b3c948-5c30-409a-92aa-37de4fb89f5e', 'accounts_payable', 96.0, 20, 'each', 4.8, 'Plumbing - Fittings', 'The Home Depot Pro', '02642d12-172e-47d9-aaae-4d597ba0d3c4', 'db3a2209-7b14-42e3-9c7b-8ab0b774f22b', 'po_receipt', '9e242078-25a7-434d-a489-640d659487e9', 'supply-yard', '2026-03-07T12:00:00+00:00') ON CONFLICT DO NOTHING;
INSERT INTO financial_ledger (id, journal_id, account, amount, quantity, unit, unit_cost, department, vendor_name, sku_id, performed_by_user_id, reference_type, reference_id, organization_id, created_at) VALUES ('78b2988b-ebec-478e-8920-1bd7517e3516', '28b3c948-5c30-409a-92aa-37de4fb89f5e', 'inventory', 84.0, 15, 'each', 5.6, 'Plumbing - Fittings', 'The Home Depot Pro', 'ebba603f-33a2-45dc-acc1-f5ad1148d396', 'db3a2209-7b14-42e3-9c7b-8ab0b774f22b', 'po_receipt', '9e242078-25a7-434d-a489-640d659487e9', 'supply-yard', '2026-03-07T12:00:00+00:00') ON CONFLICT DO NOTHING;
INSERT INTO financial_ledger (id, journal_id, account, amount, quantity, unit, unit_cost, department, vendor_name, sku_id, performed_by_user_id, reference_type, reference_id, organization_id, created_at) VALUES ('970a74c9-58e5-4db4-9216-48d2c042ffe8', '28b3c948-5c30-409a-92aa-37de4fb89f5e', 'accounts_payable', 84.0, 15, 'each', 5.6, 'Plumbing - Fittings', 'The Home Depot Pro', 'ebba603f-33a2-45dc-acc1-f5ad1148d396', 'db3a2209-7b14-42e3-9c7b-8ab0b774f22b', 'po_receipt', '9e242078-25a7-434d-a489-640d659487e9', 'supply-yard', '2026-03-07T12:00:00+00:00') ON CONFLICT DO NOTHING;
INSERT INTO cycle_counts (id, organization_id, status, scope, created_by_id, created_by_name, committed_by_id, committed_at, created_at) VALUES ('392fb4db-bd9e-4b97-85b6-09387b98e545', 'supply-yard', 'committed', 'Plumbing spot check', 'db3a2209-7b14-42e3-9c7b-8ab0b774f22b', 'Marcus Chen', 'db3a2209-7b14-42e3-9c7b-8ab0b774f22b', '2026-03-15T12:00:00+00:00', '2026-03-14T12:00:00+00:00') ON CONFLICT DO NOTHING;
INSERT INTO cycle_count_items (id, cycle_count_id, sku_id, sku, product_name, snapshot_qty, counted_qty, variance, unit, created_at) VALUES ('a5b406c4-a256-46e8-a213-4ec13ccdfde2', '392fb4db-bd9e-4b97-85b6-09387b98e545', 'f509e4c3-86ae-4a0a-9dcd-0d4d4c4b5e51', 'PLP-PEXTUBE-01', 'PEX-A Tubing 1/2" x 100ft Red', 15, 15, 0, 'foot', '2026-03-14T12:00:00+00:00') ON CONFLICT DO NOTHING;
INSERT INTO cycle_count_items (id, cycle_count_id, sku_id, sku, product_name, snapshot_qty, counted_qty, variance, unit, created_at) VALUES ('fa53ab3f-6614-4f1f-a045-ab918a40e922', '392fb4db-bd9e-4b97-85b6-09387b98e545', 'eaf99461-7ce1-4ac4-9571-2c0ce132ad3a', 'PLP-PEXTUBE-02', 'PEX-A Tubing 1/2" x 100ft Blue', 12, 12, 0, 'foot', '2026-03-14T12:00:00+00:00') ON CONFLICT DO NOTHING;
INSERT INTO cycle_count_items (id, cycle_count_id, sku_id, sku, product_name, snapshot_qty, counted_qty, variance, unit, created_at) VALUES ('7bd9abb1-94b7-4a04-b8f5-061d55c349c4', '392fb4db-bd9e-4b97-85b6-09387b98e545', '75b2c67c-3b11-412e-81e5-effbc0fa2833', 'PLP-PEXTUBE-03', 'PEX-A Tubing 3/4" x 100ft Red', 8, 8, 0, 'foot', '2026-03-14T12:00:00+00:00') ON CONFLICT DO NOTHING;
INSERT INTO cycle_count_items (id, cycle_count_id, sku_id, sku, product_name, snapshot_qty, counted_qty, variance, unit, created_at) VALUES ('685a1306-83be-4558-b224-68033fef12d3', '392fb4db-bd9e-4b97-85b6-09387b98e545', '3d59ce91-308a-4749-bb99-4c8b03d284d8', 'PLF-SHRKBT90-01', 'SharkBite 1/2" 90-Degree Elbow', 45, 44, -1, 'each', '2026-03-14T12:00:00+00:00') ON CONFLICT DO NOTHING;
INSERT INTO cycle_count_items (id, cycle_count_id, sku_id, sku, product_name, snapshot_qty, counted_qty, variance, unit, created_at) VALUES ('d98971cf-0789-498a-8952-0cc0cb628915', '392fb4db-bd9e-4b97-85b6-09387b98e545', 'eaba46e1-5256-40c5-b280-6d8b71cba485', 'PLF-SHRKBTT-01', 'SharkBite 1/2" Tee', 38, 38, 0, 'each', '2026-03-14T12:00:00+00:00') ON CONFLICT DO NOTHING;
INSERT INTO cycle_count_items (id, cycle_count_id, sku_id, sku, product_name, snapshot_qty, counted_qty, variance, unit, created_at) VALUES ('358f4e10-d6d9-483e-8b77-fa2913ee19de', '392fb4db-bd9e-4b97-85b6-09387b98e545', '3e75a142-ee21-476e-af7d-1ae21892962e', 'PLF-SHRKBTCP-01', 'SharkBite 1/2" Coupling', 60, 60, 0, 'each', '2026-03-14T12:00:00+00:00') ON CONFLICT DO NOTHING;
INSERT INTO fiscal_periods (id, name, start_date, end_date, status, organization_id, created_at) VALUES ('b18d170b-3f12-49e1-8fd5-4e8badc50056', 'Q1 2026', '2026-01-01', '2026-03-31', 'open', 'supply-yard', '2025-12-31T12:00:00+00:00') ON CONFLICT DO NOTHING;
INSERT INTO invoice_counters (key, counter) VALUES ('invoice_number', 5) ON CONFLICT (key) DO UPDATE SET counter = EXCLUDED.counter;
