INSERT INTO vendor_items (id, vendor_id, sku_id, vendor_sku, vendor_name, purchase_uom, purchase_pack_qty, cost, lead_time_days, moq, is_preferred, organization_id, created_at, updated_at) VALUES ('a8c85667-c402-46eb-87bc-ac4227433a6f', '9da8de3b-e547-41c5-b35e-19bd384348fd', '346fdc27-3bf0-4af2-924e-7091a39b49f0', 'ELW-ROMEX12-01', 'The Home Depot Pro', 'each', 1, 72.0, 5, 1, 1, 'supply-yard', '2025-12-17T12:00:00+00:00', '2025-12-17T12:00:00+00:00') ON CONFLICT (vendor_id, sku_id) DO NOTHING;
INSERT INTO vendor_items (id, vendor_id, sku_id, vendor_sku, vendor_name, purchase_uom, purchase_pack_qty, cost, lead_time_days, moq, is_preferred, organization_id, created_at, updated_at) VALUES ('a0f88ecc-0f71-417c-9abb-94f476bb9aeb', '9da8de3b-e547-41c5-b35e-19bd384348fd', '2e058e41-1d23-4362-8cfa-203f6dd74d1d', 'ELE-DECORASW-01', 'The Home Depot Pro', 'each', 1, 1.6, 5, 1, 1, 'supply-yard', '2025-12-17T12:00:00+00:00', '2025-12-17T12:00:00+00:00') ON CONFLICT (vendor_id, sku_id) DO NOTHING;
INSERT INTO vendor_items (id, vendor_id, sku_id, vendor_sku, vendor_name, purchase_uom, purchase_pack_qty, cost, lead_time_days, moq, is_preferred, organization_id, created_at, updated_at) VALUES ('3bce2d8d-e284-43e1-999c-fe9a92aa8758', '9da8de3b-e547-41c5-b35e-19bd384348fd', 'b878533e-062c-4c6e-ace8-4c561a3d0821', 'ELE-DECORASW-02', 'The Home Depot Pro', 'each', 1, 1.6, 5, 1, 1, 'supply-yard', '2025-12-17T12:00:00+00:00', '2025-12-17T12:00:00+00:00') ON CONFLICT (vendor_id, sku_id) DO NOTHING;
INSERT INTO vendor_items (id, vendor_id, sku_id, vendor_sku, vendor_name, purchase_uom, purchase_pack_qty, cost, lead_time_days, moq, is_preferred, organization_id, created_at, updated_at) VALUES ('f327393e-131d-47a4-b933-80a8ce312eb1', '9da8de3b-e547-41c5-b35e-19bd384348fd', '9e43da00-6093-4bc3-87e2-dc0007d95a73', 'ELE-GFCI15-01', 'The Home Depot Pro', 'each', 1, 10.5, 5, 1, 1, 'supply-yard', '2025-12-17T12:00:00+00:00', '2025-12-17T12:00:00+00:00') ON CONFLICT (vendor_id, sku_id) DO NOTHING;
INSERT INTO vendor_items (id, vendor_id, sku_id, vendor_sku, vendor_name, purchase_uom, purchase_pack_qty, cost, lead_time_days, moq, is_preferred, organization_id, created_at, updated_at) VALUES ('f6d3be24-0eea-4928-8c7d-c91b243d7cbf', '3416f02d-424d-4d69-8557-997907d232f1', 'd7174e83-8a60-4243-bfe5-4c0047e101ab', 'PNT-SWSUPER-01', 'Sherwin-Williams', 'each', 1, 32.0, 5, 1, 1, 'supply-yard', '2025-12-17T12:00:00+00:00', '2025-12-17T12:00:00+00:00') ON CONFLICT (vendor_id, sku_id) DO NOTHING;
INSERT INTO vendor_items (id, vendor_id, sku_id, vendor_sku, vendor_name, purchase_uom, purchase_pack_qty, cost, lead_time_days, moq, is_preferred, organization_id, created_at, updated_at) VALUES ('ba97082a-db1a-4123-a964-50835eb814e5', '3416f02d-424d-4d69-8557-997907d232f1', '39d6d056-c36b-4e77-853d-4f0686a6d317', 'PNT-SWSUPER-02', 'Sherwin-Williams', 'each', 1, 34.0, 5, 1, 1, 'supply-yard', '2025-12-17T12:00:00+00:00', '2025-12-17T12:00:00+00:00') ON CONFLICT (vendor_id, sku_id) DO NOTHING;
INSERT INTO vendor_items (id, vendor_id, sku_id, vendor_sku, vendor_name, purchase_uom, purchase_pack_qty, cost, lead_time_days, moq, is_preferred, organization_id, created_at, updated_at) VALUES ('6ad53f74-a8fb-47ce-91c0-f9830860cff9', '3416f02d-424d-4d69-8557-997907d232f1', 'ecd23bc8-eb47-4209-a297-fff4ca80b6ac', 'PNT-SWSUPER-03', 'Sherwin-Williams', 'each', 1, 36.0, 5, 1, 1, 'supply-yard', '2025-12-17T12:00:00+00:00', '2025-12-17T12:00:00+00:00') ON CONFLICT (vendor_id, sku_id) DO NOTHING;
INSERT INTO vendor_items (id, vendor_id, sku_id, vendor_sku, vendor_name, purchase_uom, purchase_pack_qty, cost, lead_time_days, moq, is_preferred, organization_id, created_at, updated_at) VALUES ('c38db63f-0510-481e-b8d1-2b285ae38060', '3416f02d-424d-4d69-8557-997907d232f1', '1e0588fa-7c95-4f29-9514-e8dd6eca0f34', 'PNS-ROLLER9-01', 'Sherwin-Williams', 'each', 1, 4.2, 5, 1, 1, 'supply-yard', '2025-12-17T12:00:00+00:00', '2025-12-17T12:00:00+00:00') ON CONFLICT (vendor_id, sku_id) DO NOTHING;
INSERT INTO vendor_items (id, vendor_id, sku_id, vendor_sku, vendor_name, purchase_uom, purchase_pack_qty, cost, lead_time_days, moq, is_preferred, organization_id, created_at, updated_at) VALUES ('82314541-5f53-49ad-a8d2-068fabb2fe3e', '3416f02d-424d-4d69-8557-997907d232f1', '3fe0349e-a40d-4095-8a33-4e3f5210e8ec', 'PNS-ROLLER9-02', 'Sherwin-Williams', 'each', 1, 4.5, 5, 1, 1, 'supply-yard', '2025-12-17T12:00:00+00:00', '2025-12-17T12:00:00+00:00') ON CONFLICT (vendor_id, sku_id) DO NOTHING;
INSERT INTO vendor_items (id, vendor_id, sku_id, vendor_sku, vendor_name, purchase_uom, purchase_pack_qty, cost, lead_time_days, moq, is_preferred, organization_id, created_at, updated_at) VALUES ('9bad9ac3-f36a-4e9b-9341-36f2adc54a87', '80627dc3-b450-4baf-8625-e36e1dc4d5cc', '77b57bd9-5f31-4658-91c1-293dc8c5aa09', 'BLD-DRYWALL-01', 'Emery Jensen Distribution', 'each', 1, 8.2, 5, 1, 1, 'supply-yard', '2025-12-17T12:00:00+00:00', '2025-12-17T12:00:00+00:00') ON CONFLICT (vendor_id, sku_id) DO NOTHING;
INSERT INTO vendor_items (id, vendor_id, sku_id, vendor_sku, vendor_name, purchase_uom, purchase_pack_qty, cost, lead_time_days, moq, is_preferred, organization_id, created_at, updated_at) VALUES ('e15a84af-e3fc-4022-b81e-6cb24ed3650b', '80627dc3-b450-4baf-8625-e36e1dc4d5cc', '50fd7bd8-9348-4ac8-9e8d-28e31387add1', 'BLD-DRYWALL-02', 'Emery Jensen Distribution', 'each', 1, 9.8, 5, 1, 1, 'supply-yard', '2025-12-17T12:00:00+00:00', '2025-12-17T12:00:00+00:00') ON CONFLICT (vendor_id, sku_id) DO NOTHING;
INSERT INTO vendor_items (id, vendor_id, sku_id, vendor_sku, vendor_name, purchase_uom, purchase_pack_qty, cost, lead_time_days, moq, is_preferred, organization_id, created_at, updated_at) VALUES ('37dae012-443e-4286-ad72-42f72be6815d', '80627dc3-b450-4baf-8625-e36e1dc4d5cc', '755a6c4b-5cd1-4af7-bcbe-836dfe26b67c', 'CON-QUIKSET-01', 'Emery Jensen Distribution', 'each', 1, 4.1, 5, 1, 1, 'supply-yard', '2025-12-17T12:00:00+00:00', '2025-12-17T12:00:00+00:00') ON CONFLICT (vendor_id, sku_id) DO NOTHING;
INSERT INTO vendor_items (id, vendor_id, sku_id, vendor_sku, vendor_name, purchase_uom, purchase_pack_qty, cost, lead_time_days, moq, is_preferred, organization_id, created_at, updated_at) VALUES ('a893a9b2-5701-43b4-87fb-92b00b1c4784', '80627dc3-b450-4baf-8625-e36e1dc4d5cc', 'ef819876-5cb3-45a4-be6e-a9400156e311', 'CON-QUIKSET-02', 'Emery Jensen Distribution', 'each', 1, 5.6, 5, 1, 1, 'supply-yard', '2025-12-17T12:00:00+00:00', '2025-12-17T12:00:00+00:00') ON CONFLICT (vendor_id, sku_id) DO NOTHING;
INSERT INTO vendor_items (id, vendor_id, sku_id, vendor_sku, vendor_name, purchase_uom, purchase_pack_qty, cost, lead_time_days, moq, is_preferred, organization_id, created_at, updated_at) VALUES ('a8f77b6d-5b56-4e1c-8524-b1dd2ff1548b', '80627dc3-b450-4baf-8625-e36e1dc4d5cc', '021d2901-91f5-436f-bdcb-466d8e4325d4', 'LUM-STUDS2X4-01', 'Emery Jensen Distribution', 'each', 1, 2.4, 5, 1, 1, 'supply-yard', '2025-12-17T12:00:00+00:00', '2025-12-17T12:00:00+00:00') ON CONFLICT (vendor_id, sku_id) DO NOTHING;
INSERT INTO vendor_items (id, vendor_id, sku_id, vendor_sku, vendor_name, purchase_uom, purchase_pack_qty, cost, lead_time_days, moq, is_preferred, organization_id, created_at, updated_at) VALUES ('7abe4b47-4603-4eed-8620-a9852d27661a', '80627dc3-b450-4baf-8625-e36e1dc4d5cc', '8857eb9d-8644-44f0-b1b1-a2f8be8122c7', 'LUM-STUDS2X4-02', 'Emery Jensen Distribution', 'each', 1, 3.4, 5, 1, 1, 'supply-yard', '2025-12-17T12:00:00+00:00', '2025-12-17T12:00:00+00:00') ON CONFLICT (vendor_id, sku_id) DO NOTHING;
INSERT INTO vendor_items (id, vendor_id, sku_id, vendor_sku, vendor_name, purchase_uom, purchase_pack_qty, cost, lead_time_days, moq, is_preferred, organization_id, created_at, updated_at) VALUES ('f3f95f75-f4bc-4103-a3aa-df079b5df42a', '80627dc3-b450-4baf-8625-e36e1dc4d5cc', '8fa78caf-7e72-420e-976b-ec12b14132d4', 'LUM-STUDS2X6-01', 'Emery Jensen Distribution', 'each', 1, 4.0, 5, 1, 1, 'supply-yard', '2025-12-17T12:00:00+00:00', '2025-12-17T12:00:00+00:00') ON CONFLICT (vendor_id, sku_id) DO NOTHING;
INSERT INTO vendor_items (id, vendor_id, sku_id, vendor_sku, vendor_name, purchase_uom, purchase_pack_qty, cost, lead_time_days, moq, is_preferred, organization_id, created_at, updated_at) VALUES ('79198165-cbf3-410a-8325-fcdd0debcba8', '80627dc3-b450-4baf-8625-e36e1dc4d5cc', '25e18161-d12e-46f7-862c-9d52a09b30f1', 'LUM-PTDECK-01', 'Emery Jensen Distribution', 'each', 1, 8.8, 5, 1, 1, 'supply-yard', '2025-12-17T12:00:00+00:00', '2025-12-17T12:00:00+00:00') ON CONFLICT (vendor_id, sku_id) DO NOTHING;
INSERT INTO vendor_items (id, vendor_id, sku_id, vendor_sku, vendor_name, purchase_uom, purchase_pack_qty, cost, lead_time_days, moq, is_preferred, organization_id, created_at, updated_at) VALUES ('015436e7-2b59-4fb5-891a-c22f7fa4a466', '80627dc3-b450-4baf-8625-e36e1dc4d5cc', 'dcd16a65-d759-4885-a31b-a39548631179', 'LUM-PTDECK-02', 'Emery Jensen Distribution', 'each', 1, 11.6, 5, 1, 1, 'supply-yard', '2025-12-17T12:00:00+00:00', '2025-12-17T12:00:00+00:00') ON CONFLICT (vendor_id, sku_id) DO NOTHING;
INSERT INTO vendor_items (id, vendor_id, sku_id, vendor_sku, vendor_name, purchase_uom, purchase_pack_qty, cost, lead_time_days, moq, is_preferred, organization_id, created_at, updated_at) VALUES ('adf7b439-2f8c-4b5a-a7fd-a05d0bffcfb8', '80627dc3-b450-4baf-8625-e36e1dc4d5cc', 'df11d827-c5cf-487d-8bc2-ff34a4cf1af0', 'FAS-DECKSCR-01', 'Emery Jensen Distribution', 'each', 1, 7.8, 5, 1, 1, 'supply-yard', '2025-12-17T12:00:00+00:00', '2025-12-17T12:00:00+00:00') ON CONFLICT (vendor_id, sku_id) DO NOTHING;
INSERT INTO vendor_items (id, vendor_id, sku_id, vendor_sku, vendor_name, purchase_uom, purchase_pack_qty, cost, lead_time_days, moq, is_preferred, organization_id, created_at, updated_at) VALUES ('c024a678-3ca3-4978-a718-80cda6523e02', '80627dc3-b450-4baf-8625-e36e1dc4d5cc', '7088ba8e-3b18-44b0-b8ae-9a7ce1ac251d', 'FAS-DECKSCR-02', 'Emery Jensen Distribution', 'each', 1, 8.6, 5, 1, 1, 'supply-yard', '2025-12-17T12:00:00+00:00', '2025-12-17T12:00:00+00:00') ON CONFLICT (vendor_id, sku_id) DO NOTHING;
INSERT INTO vendor_items (id, vendor_id, sku_id, vendor_sku, vendor_name, purchase_uom, purchase_pack_qty, cost, lead_time_days, moq, is_preferred, organization_id, created_at, updated_at) VALUES ('117eff18-e7b7-402c-9208-e70016414694', '80627dc3-b450-4baf-8625-e36e1dc4d5cc', 'c2286267-8087-4e4b-b5f4-77a514a346d2', 'FAS-DRYSCR-01', 'Emery Jensen Distribution', 'each', 1, 2.8, 5, 1, 1, 'supply-yard', '2025-12-17T12:00:00+00:00', '2025-12-17T12:00:00+00:00') ON CONFLICT (vendor_id, sku_id) DO NOTHING;
INSERT INTO vendor_items (id, vendor_id, sku_id, vendor_sku, vendor_name, purchase_uom, purchase_pack_qty, cost, lead_time_days, moq, is_preferred, organization_id, created_at, updated_at) VALUES ('e4d3c0ae-d261-49c2-872f-d367b071869b', 'cda183a4-da2c-4877-9de9-1b5a8a660b1a', '87cdb1b1-fb2f-49ca-b2d6-404d63f508d6', 'HVF-FILTER16-01', 'Amazon Business', 'each', 1, 2.2, 5, 1, 1, 'supply-yard', '2025-12-17T12:00:00+00:00', '2025-12-17T12:00:00+00:00') ON CONFLICT (vendor_id, sku_id) DO NOTHING;
INSERT INTO vendor_items (id, vendor_id, sku_id, vendor_sku, vendor_name, purchase_uom, purchase_pack_qty, cost, lead_time_days, moq, is_preferred, organization_id, created_at, updated_at) VALUES ('0f37e48c-7df2-4eef-b15e-a7548f0868d1', 'cda183a4-da2c-4877-9de9-1b5a8a660b1a', '9d2a2a02-3c0b-460f-a209-9a314b6f7e80', 'HVF-FILTER20-01', 'Amazon Business', 'each', 1, 3.8, 5, 1, 1, 'supply-yard', '2025-12-17T12:00:00+00:00', '2025-12-17T12:00:00+00:00') ON CONFLICT (vendor_id, sku_id) DO NOTHING;
INSERT INTO vendor_items (id, vendor_id, sku_id, vendor_sku, vendor_name, purchase_uom, purchase_pack_qty, cost, lead_time_days, moq, is_preferred, organization_id, created_at, updated_at) VALUES ('d4173290-23d7-43c7-9f8f-99e42c04d0ae', 'cda183a4-da2c-4877-9de9-1b5a8a660b1a', '1106f62b-d029-4dd1-a380-682f2c5bc9f7', 'ADH-LIQNAIL-01', 'Amazon Business', 'each', 1, 2.8, 5, 1, 1, 'supply-yard', '2025-12-17T12:00:00+00:00', '2025-12-17T12:00:00+00:00') ON CONFLICT (vendor_id, sku_id) DO NOTHING;
INSERT INTO vendor_items (id, vendor_id, sku_id, vendor_sku, vendor_name, purchase_uom, purchase_pack_qty, cost, lead_time_days, moq, is_preferred, organization_id, created_at, updated_at) VALUES ('330d4e29-5ced-4e17-9239-ddad78bffe8f', 'cda183a4-da2c-4877-9de9-1b5a8a660b1a', '0a489233-ff0b-478a-b6f5-874a12f2baf4', 'ADH-GORILL-01', 'Amazon Business', 'each', 1, 3.6, 5, 1, 1, 'supply-yard', '2025-12-17T12:00:00+00:00', '2025-12-17T12:00:00+00:00') ON CONFLICT (vendor_id, sku_id) DO NOTHING;
INSERT INTO vendor_items (id, vendor_id, sku_id, vendor_sku, vendor_name, purchase_uom, purchase_pack_qty, cost, lead_time_days, moq, is_preferred, organization_id, created_at, updated_at) VALUES ('0762e434-027f-4567-bf06-900613c625b3', '80627dc3-b450-4baf-8625-e36e1dc4d5cc', '561109f0-aff5-4697-b83a-47203273858d', 'DRM-JNTCMPD-01', 'Emery Jensen Distribution', 'each', 1, 10.4, 5, 1, 1, 'supply-yard', '2025-12-17T12:00:00+00:00', '2025-12-17T12:00:00+00:00') ON CONFLICT (vendor_id, sku_id) DO NOTHING;
INSERT INTO vendor_items (id, vendor_id, sku_id, vendor_sku, vendor_name, purchase_uom, purchase_pack_qty, cost, lead_time_days, moq, is_preferred, organization_id, created_at, updated_at) VALUES ('8c116673-d25b-4d35-a3bd-2b2303cd01fa', '80627dc3-b450-4baf-8625-e36e1dc4d5cc', '04d47b88-51b5-4b59-bcf5-f1710b43575b', 'DRS-DRYTAPE-01', 'Emery Jensen Distribution', 'each', 1, 3.2, 5, 1, 1, 'supply-yard', '2025-12-17T12:00:00+00:00', '2025-12-17T12:00:00+00:00') ON CONFLICT (vendor_id, sku_id) DO NOTHING;
INSERT INTO vendor_items (id, vendor_id, sku_id, vendor_sku, vendor_name, purchase_uom, purchase_pack_qty, cost, lead_time_days, moq, is_preferred, organization_id, created_at, updated_at) VALUES ('9fd62687-035a-4193-a93d-63b841d965ef', '9da8de3b-e547-41c5-b35e-19bd384348fd', 'da4457b6-d9f4-4416-9c4d-a6ec64f3165a', 'SAF-KIDDESM-01', 'The Home Depot Pro', 'each', 1, 28.0, 5, 1, 1, 'supply-yard', '2025-12-17T12:00:00+00:00', '2025-12-17T12:00:00+00:00') ON CONFLICT (vendor_id, sku_id) DO NOTHING;
INSERT INTO vendor_items (id, vendor_id, sku_id, vendor_sku, vendor_name, purchase_uom, purchase_pack_qty, cost, lead_time_days, moq, is_preferred, organization_id, created_at, updated_at) VALUES ('5a3aa340-8046-4f80-a003-5d49e70cb403', '80627dc3-b450-4baf-8625-e36e1dc4d5cc', '799238c1-8a06-4565-8fdb-4eadc4f31707', 'ROF-ARCHTAB-01', 'Emery Jensen Distribution', 'each', 1, 22.0, 5, 1, 1, 'supply-yard', '2025-12-17T12:00:00+00:00', '2025-12-17T12:00:00+00:00') ON CONFLICT (vendor_id, sku_id) DO NOTHING;
INSERT INTO vendor_items (id, vendor_id, sku_id, vendor_sku, vendor_name, purchase_uom, purchase_pack_qty, cost, lead_time_days, moq, is_preferred, organization_id, created_at, updated_at) VALUES ('efce511d-b4b6-470a-819f-b9077cfd4ec6', '80627dc3-b450-4baf-8625-e36e1dc4d5cc', '8ca05447-2484-471a-b78d-42a01a72fa1a', 'HTL-FRAMHAM-01', 'Emery Jensen Distribution', 'each', 1, 19.0, 5, 1, 1, 'supply-yard', '2025-12-17T12:00:00+00:00', '2025-12-17T12:00:00+00:00') ON CONFLICT (vendor_id, sku_id) DO NOTHING;
INSERT INTO vendor_items (id, vendor_id, sku_id, vendor_sku, vendor_name, purchase_uom, purchase_pack_qty, cost, lead_time_days, moq, is_preferred, organization_id, created_at, updated_at) VALUES ('d174ad8f-3ad7-4865-9327-a60e9d9c8a57', '3416f02d-424d-4d69-8557-997907d232f1', '289216cb-2c90-40ae-b762-69a374a7aa60', 'CLN-PREPWIPE-01', 'Sherwin-Williams', 'each', 1, 5.2, 5, 1, 1, 'supply-yard', '2025-12-17T12:00:00+00:00', '2025-12-17T12:00:00+00:00') ON CONFLICT (vendor_id, sku_id) DO NOTHING;
INSERT INTO vendor_items (id, vendor_id, sku_id, vendor_sku, vendor_name, purchase_uom, purchase_pack_qty, cost, lead_time_days, moq, is_preferred, organization_id, created_at, updated_at) VALUES ('53939290-4675-4a20-9975-21de34e4cc7b', '9da8de3b-e547-41c5-b35e-19bd384348fd', '61716a2f-3bc2-4bac-b5b2-b6e10d75e99d', 'LOK-KWIKDBL-01', 'The Home Depot Pro', 'each', 1, 16.0, 5, 1, 1, 'supply-yard', '2025-12-17T12:00:00+00:00', '2025-12-17T12:00:00+00:00') ON CONFLICT (vendor_id, sku_id) DO NOTHING;
INSERT INTO vendor_items (id, vendor_id, sku_id, vendor_sku, vendor_name, purchase_uom, purchase_pack_qty, cost, lead_time_days, moq, is_preferred, organization_id, created_at, updated_at) VALUES ('241d0833-fab9-439d-b4e6-4d563ec86b1d', '9da8de3b-e547-41c5-b35e-19bd384348fd', '6f404d02-a49d-4389-ae62-2fad922b53fc', 'LOK-KWIKDBL-02', 'The Home Depot Pro', 'each', 1, 18.0, 5, 1, 1, 'supply-yard', '2025-12-17T12:00:00+00:00', '2025-12-17T12:00:00+00:00') ON CONFLICT (vendor_id, sku_id) DO NOTHING;
INSERT INTO vendor_items (id, vendor_id, sku_id, vendor_sku, vendor_name, purchase_uom, purchase_pack_qty, cost, lead_time_days, moq, is_preferred, organization_id, created_at, updated_at) VALUES ('dd84f411-c7ea-4397-9202-07d06719287d', '9da8de3b-e547-41c5-b35e-19bd384348fd', '8f11b463-0036-4ced-80f2-8e675876e1cc', 'INS-OWENR15-01', 'The Home Depot Pro', 'each', 1, 28.0, 5, 1, 1, 'supply-yard', '2025-12-17T12:00:00+00:00', '2025-12-17T12:00:00+00:00') ON CONFLICT (vendor_id, sku_id) DO NOTHING;
INSERT INTO vendor_items (id, vendor_id, sku_id, vendor_sku, vendor_name, purchase_uom, purchase_pack_qty, cost, lead_time_days, moq, is_preferred, organization_id, created_at, updated_at) VALUES ('08d46681-8431-4be1-9e4b-e313960fabaf', '9da8de3b-e547-41c5-b35e-19bd384348fd', 'd9760d12-941d-4e8b-a79f-fe85d933d7db', 'FLO-LVPOAK-01', 'The Home Depot Pro', 'each', 1, 24.0, 5, 1, 1, 'supply-yard', '2025-12-17T12:00:00+00:00', '2025-12-17T12:00:00+00:00') ON CONFLICT (vendor_id, sku_id) DO NOTHING;
INSERT INTO vendor_items (id, vendor_id, sku_id, vendor_sku, vendor_name, purchase_uom, purchase_pack_qty, cost, lead_time_days, moq, is_preferred, organization_id, created_at, updated_at) VALUES ('73fa6b37-9ebf-4e76-bd53-0003bfda6630', 'e22e944d-a35d-442f-b76e-8e5502452498', '25e18161-d12e-46f7-862c-9d52a09b30f1', 'LUM-PTDECK-01', 'Deck Expressions', 'each', 1, 8.36, 7, 1, 0, 'supply-yard', '2025-12-17T12:00:00+00:00', '2025-12-17T12:00:00+00:00') ON CONFLICT (vendor_id, sku_id) DO NOTHING;
INSERT INTO vendor_items (id, vendor_id, sku_id, vendor_sku, vendor_name, purchase_uom, purchase_pack_qty, cost, lead_time_days, moq, is_preferred, organization_id, created_at, updated_at) VALUES ('a5623a4a-8376-4f05-81d6-7515bb5a8fc7', 'e22e944d-a35d-442f-b76e-8e5502452498', 'dcd16a65-d759-4885-a31b-a39548631179', 'LUM-PTDECK-02', 'Deck Expressions', 'each', 1, 11.02, 7, 1, 0, 'supply-yard', '2025-12-17T12:00:00+00:00', '2025-12-17T12:00:00+00:00') ON CONFLICT (vendor_id, sku_id) DO NOTHING;
INSERT INTO sku_counters (department_code, counter) VALUES ('PLP', 3) ON CONFLICT (department_code) DO UPDATE SET counter = EXCLUDED.counter;
INSERT INTO sku_counters (department_code, counter) VALUES ('PLF', 3) ON CONFLICT (department_code) DO UPDATE SET counter = EXCLUDED.counter;
INSERT INTO sku_counters (department_code, counter) VALUES ('ELW', 2) ON CONFLICT (department_code) DO UPDATE SET counter = EXCLUDED.counter;
INSERT INTO sku_counters (department_code, counter) VALUES ('ELE', 3) ON CONFLICT (department_code) DO UPDATE SET counter = EXCLUDED.counter;
INSERT INTO sku_counters (department_code, counter) VALUES ('PNT', 3) ON CONFLICT (department_code) DO UPDATE SET counter = EXCLUDED.counter;
INSERT INTO sku_counters (department_code, counter) VALUES ('PNS', 2) ON CONFLICT (department_code) DO UPDATE SET counter = EXCLUDED.counter;
INSERT INTO sku_counters (department_code, counter) VALUES ('BLD', 2) ON CONFLICT (department_code) DO UPDATE SET counter = EXCLUDED.counter;
INSERT INTO sku_counters (department_code, counter) VALUES ('CON', 2) ON CONFLICT (department_code) DO UPDATE SET counter = EXCLUDED.counter;
INSERT INTO sku_counters (department_code, counter) VALUES ('LUM', 5) ON CONFLICT (department_code) DO UPDATE SET counter = EXCLUDED.counter;
INSERT INTO sku_counters (department_code, counter) VALUES ('FAS', 3) ON CONFLICT (department_code) DO UPDATE SET counter = EXCLUDED.counter;
INSERT INTO sku_counters (department_code, counter) VALUES ('HVF', 2) ON CONFLICT (department_code) DO UPDATE SET counter = EXCLUDED.counter;
INSERT INTO sku_counters (department_code, counter) VALUES ('ADH', 2) ON CONFLICT (department_code) DO UPDATE SET counter = EXCLUDED.counter;
INSERT INTO sku_counters (department_code, counter) VALUES ('DRM', 1) ON CONFLICT (department_code) DO UPDATE SET counter = EXCLUDED.counter;
INSERT INTO sku_counters (department_code, counter) VALUES ('DRS', 1) ON CONFLICT (department_code) DO UPDATE SET counter = EXCLUDED.counter;
INSERT INTO sku_counters (department_code, counter) VALUES ('SAF', 1) ON CONFLICT (department_code) DO UPDATE SET counter = EXCLUDED.counter;
INSERT INTO sku_counters (department_code, counter) VALUES ('ROF', 1) ON CONFLICT (department_code) DO UPDATE SET counter = EXCLUDED.counter;
INSERT INTO sku_counters (department_code, counter) VALUES ('HTL', 1) ON CONFLICT (department_code) DO UPDATE SET counter = EXCLUDED.counter;
INSERT INTO sku_counters (department_code, counter) VALUES ('CLN', 1) ON CONFLICT (department_code) DO UPDATE SET counter = EXCLUDED.counter;
INSERT INTO sku_counters (department_code, counter) VALUES ('LOK', 2) ON CONFLICT (department_code) DO UPDATE SET counter = EXCLUDED.counter;
INSERT INTO sku_counters (department_code, counter) VALUES ('INS', 1) ON CONFLICT (department_code) DO UPDATE SET counter = EXCLUDED.counter;
INSERT INTO sku_counters (department_code, counter) VALUES ('FLO', 1) ON CONFLICT (department_code) DO UPDATE SET counter = EXCLUDED.counter;
INSERT INTO purchase_orders (id, vendor_id, vendor_name, document_date, total, status, created_by_id, created_by_name, received_at, received_by_id, received_by_name, xero_bill_id, xero_sync_status, created_at, updated_at, organization_id) VALUES ('c7eeb272-92ad-4249-aa66-97a562d0170f', '3416f02d-424d-4d69-8557-997907d232f1', 'Sherwin-Williams', '2026-03-01T12:00:00+00:00', 944.0, 'received', 'db3a2209-7b14-42e3-9c7b-8ab0b774f22b', 'Marcus Chen', '2026-03-03T12:00:00+00:00', 'db3a2209-7b14-42e3-9c7b-8ab0b774f22b', 'Marcus Chen', 'XERO-STUB-BILL-c7eeb272', 'synced', '2026-03-01T12:00:00+00:00', '2026-03-03T12:00:00+00:00', 'supply-yard') ON CONFLICT DO NOTHING;
INSERT INTO purchase_orders (id, vendor_id, vendor_name, document_date, total, status, created_by_id, created_by_name, received_at, received_by_id, received_by_name, xero_sync_status, created_at, updated_at, organization_id) VALUES ('9e242078-25a7-434d-a489-640d659487e9', '9da8de3b-e547-41c5-b35e-19bd384348fd', 'The Home Depot Pro', '2026-03-05T12:00:00+00:00', 658.0, 'received', 'db3a2209-7b14-42e3-9c7b-8ab0b774f22b', 'Marcus Chen', '2026-03-07T12:00:00+00:00', 'db3a2209-7b14-42e3-9c7b-8ab0b774f22b', 'Marcus Chen', 'pending', '2026-03-05T12:00:00+00:00', '2026-03-07T12:00:00+00:00', 'supply-yard') ON CONFLICT DO NOTHING;
INSERT INTO purchase_orders (id, vendor_id, vendor_name, document_date, total, status, created_by_id, created_by_name, xero_sync_status, created_at, updated_at, organization_id) VALUES ('f24c5a23-f542-443a-83c5-b3024fb2d12e', '80627dc3-b450-4baf-8625-e36e1dc4d5cc', 'Emery Jensen Distribution', '2026-03-14T12:00:00+00:00', 585.1999999999999, 'ordered', 'db3a2209-7b14-42e3-9c7b-8ab0b774f22b', 'Marcus Chen', 'pending', '2026-03-14T12:00:00+00:00', '2026-03-14T12:00:00+00:00', 'supply-yard') ON CONFLICT DO NOTHING;
INSERT INTO purchase_orders (id, vendor_id, vendor_name, document_date, total, status, created_by_id, created_by_name, xero_sync_status, created_at, updated_at, organization_id) VALUES ('fcbf80d3-e5eb-4516-b682-804e5293f071', 'e22e944d-a35d-442f-b76e-8e5502452498', 'Deck Expressions', '2026-03-16T12:00:00+00:00', 1009.4, 'ordered', 'db3a2209-7b14-42e3-9c7b-8ab0b774f22b', 'Marcus Chen', 'pending', '2026-03-16T12:00:00+00:00', '2026-03-16T12:00:00+00:00', 'supply-yard') ON CONFLICT DO NOTHING;
INSERT INTO purchase_order_items (id, po_id, name, original_sku, ordered_qty, delivered_qty, unit_price, cost, base_unit, sell_uom, suggested_department, status, sku_id, organization_id) VALUES ('5d9bdc74-17b3-4cfa-9c83-411e633c300a', 'c7eeb272-92ad-4249-aa66-97a562d0170f', 'SW SuperPaint Interior Flat - Gallon', 'PNT-SWSUPER-01', 10, 10, 0, 32.0, 'gallon', 'gallon', 'PNT', 'arrived', 'd7174e83-8a60-4243-bfe5-4c0047e101ab', 'supply-yard') ON CONFLICT DO NOTHING;
INSERT INTO purchase_order_items (id, po_id, name, original_sku, ordered_qty, delivered_qty, unit_price, cost, base_unit, sell_uom, suggested_department, status, sku_id, organization_id) VALUES ('29688875-1dde-4bbf-b5bf-fb56c3b5762e', 'c7eeb272-92ad-4249-aa66-97a562d0170f', 'SW SuperPaint Interior Satin - Gallon', 'PNT-SWSUPER-02', 8, 8, 0, 34.0, 'gallon', 'gallon', 'PNT', 'arrived', '39d6d056-c36b-4e77-853d-4f0686a6d317', 'supply-yard') ON CONFLICT DO NOTHING;
INSERT INTO purchase_order_items (id, po_id, name, original_sku, ordered_qty, delivered_qty, unit_price, cost, base_unit, sell_uom, suggested_department, status, sku_id, organization_id) VALUES ('8b2832b1-c66a-4b0b-b846-92801d25d455', 'c7eeb272-92ad-4249-aa66-97a562d0170f', 'SW SuperPaint Exterior Flat - Gallon', 'PNT-SWSUPER-03', 6, 6, 0, 36.0, 'gallon', 'gallon', 'PNT', 'arrived', 'ecd23bc8-eb47-4209-a297-fff4ca80b6ac', 'supply-yard') ON CONFLICT DO NOTHING;
INSERT INTO purchase_order_items (id, po_id, name, original_sku, ordered_qty, delivered_qty, unit_price, cost, base_unit, sell_uom, suggested_department, status, sku_id, organization_id) VALUES ('1ea23e13-a51f-48a2-9755-6bcd237f4786', 'c7eeb272-92ad-4249-aa66-97a562d0170f', 'Purdy White Dove 9" Roller Cover 3/8" Nap', 'PNS-ROLLER9-01', 20, 20, 0, 4.2, 'each', 'each', 'PNS', 'arrived', '1e0588fa-7c95-4f29-9514-e8dd6eca0f34', 'supply-yard') ON CONFLICT DO NOTHING;
INSERT INTO purchase_order_items (id, po_id, name, original_sku, ordered_qty, delivered_qty, unit_price, cost, base_unit, sell_uom, suggested_department, status, sku_id, organization_id) VALUES ('55aee435-d987-40df-8185-487bb95da54e', 'c7eeb272-92ad-4249-aa66-97a562d0170f', 'Sherwin-Williams Prep & Cleanup Wipes', 'CLN-PREPWIPE-01', 10, 10, 0, 5.2, 'pack', 'pack', 'CLN', 'arrived', '289216cb-2c90-40ae-b762-69a374a7aa60', 'supply-yard') ON CONFLICT DO NOTHING;
INSERT INTO purchase_order_items (id, po_id, name, original_sku, ordered_qty, delivered_qty, unit_price, cost, base_unit, sell_uom, suggested_department, status, sku_id, organization_id) VALUES ('43d03980-5184-4dee-9bcc-e3b7198a78ee', '9e242078-25a7-434d-a489-640d659487e9', 'Romex 14/2 NM-B 250ft', 'ELW-ROMEX14-01', 4, 4, 0, 52.0, 'foot', '250ft_spool', 'ELW', 'arrived', '97ad374e-3173-4994-b4ac-1f45ce5fbdf1', 'supply-yard') ON CONFLICT DO NOTHING;
INSERT INTO purchase_order_items (id, po_id, name, original_sku, ordered_qty, delivered_qty, unit_price, cost, base_unit, sell_uom, suggested_department, status, sku_id, organization_id) VALUES ('ce5f46cc-b4a2-40c5-a13d-3ee08f3e8097', '9e242078-25a7-434d-a489-640d659487e9', 'Romex 12/2 NM-B 250ft', 'ELW-ROMEX12-01', 2, 2, 0, 72.0, 'foot', '250ft_spool', 'ELW', 'arrived', '346fdc27-3bf0-4af2-924e-7091a39b49f0', 'supply-yard') ON CONFLICT DO NOTHING;
INSERT INTO purchase_order_items (id, po_id, name, original_sku, ordered_qty, delivered_qty, unit_price, cost, base_unit, sell_uom, suggested_department, status, sku_id, organization_id) VALUES ('82553df2-ccfd-4aab-9be4-236745ced069', '9e242078-25a7-434d-a489-640d659487e9', 'Leviton GFCI 15A Outlet White', 'ELE-GFCI15-01', 12, 12, 0, 10.5, 'each', 'each', 'ELE', 'arrived', '9e43da00-6093-4bc3-87e2-dc0007d95a73', 'supply-yard') ON CONFLICT DO NOTHING;
INSERT INTO purchase_order_items (id, po_id, name, original_sku, ordered_qty, delivered_qty, unit_price, cost, base_unit, sell_uom, suggested_department, status, sku_id, organization_id) VALUES ('f301c557-fba2-49b9-8a23-8acd5704549a', '9e242078-25a7-434d-a489-640d659487e9', 'SharkBite 1/2" 90-Degree Elbow', 'PLF-SHRKBT90-01', 20, 20, 0, 4.8, 'each', 'each', 'PLF', 'arrived', '3d59ce91-308a-4749-bb99-4c8b03d284d8', 'supply-yard') ON CONFLICT DO NOTHING;
INSERT INTO purchase_order_items (id, po_id, name, original_sku, ordered_qty, delivered_qty, unit_price, cost, base_unit, sell_uom, suggested_department, status, sku_id, organization_id) VALUES ('b64e32c4-3440-4e0c-b869-9a65a03d9dee', '9e242078-25a7-434d-a489-640d659487e9', 'SharkBite 1/2" Tee', 'PLF-SHRKBTT-01', 15, 15, 0, 5.6, 'each', 'each', 'PLF', 'arrived', 'eaba46e1-5256-40c5-b280-6d8b71cba485', 'supply-yard') ON CONFLICT DO NOTHING;
INSERT INTO purchase_order_items (id, po_id, name, original_sku, ordered_qty, delivered_qty, unit_price, cost, base_unit, sell_uom, suggested_department, status, sku_id, organization_id) VALUES ('e7a1620d-24d6-4cae-b71a-bd55da4a118c', 'f24c5a23-f542-443a-83c5-b3024fb2d12e', '2x4x8 SPF Stud', 'LUM-STUDS2X4-01', 50, 0, 0, 2.4, 'each', 'each', 'LUM', 'ordered', '021d2901-91f5-436f-bdcb-466d8e4325d4', 'supply-yard') ON CONFLICT DO NOTHING;
INSERT INTO purchase_order_items (id, po_id, name, original_sku, ordered_qty, delivered_qty, unit_price, cost, base_unit, sell_uom, suggested_department, status, sku_id, organization_id) VALUES ('873a5eb8-fce0-456d-ab5e-223c17213c3f', 'f24c5a23-f542-443a-83c5-b3024fb2d12e', '2x6x8 SPF', 'LUM-STUDS2X6-01', 20, 0, 0, 4.0, 'each', 'each', 'LUM', 'ordered', '8fa78caf-7e72-420e-976b-ec12b14132d4', 'supply-yard') ON CONFLICT DO NOTHING;
INSERT INTO purchase_order_items (id, po_id, name, original_sku, ordered_qty, delivered_qty, unit_price, cost, base_unit, sell_uom, suggested_department, status, sku_id, organization_id) VALUES ('de7206c7-b693-4097-b76f-5932b43f8086', 'f24c5a23-f542-443a-83c5-b3024fb2d12e', '1/2" x 4x8 Drywall Sheet', 'BLD-DRYWALL-01', 30, 0, 0, 8.2, 'sheet', 'sheet', 'BLD', 'ordered', '77b57bd9-5f31-4658-91c1-293dc8c5aa09', 'supply-yard') ON CONFLICT DO NOTHING;
INSERT INTO purchase_order_items (id, po_id, name, original_sku, ordered_qty, delivered_qty, unit_price, cost, base_unit, sell_uom, suggested_department, status, sku_id, organization_id) VALUES ('dc41b875-910c-49da-9e1a-8130f41214b1', 'f24c5a23-f542-443a-83c5-b3024fb2d12e', '#6 x 1-5/8" Drywall Screw 1lb', 'FAS-DRYSCR-01', 20, 0, 0, 2.8, 'box', 'box', 'FAS', 'ordered', 'c2286267-8087-4e4b-b5f4-77a514a346d2', 'supply-yard') ON CONFLICT DO NOTHING;
INSERT INTO purchase_order_items (id, po_id, name, original_sku, ordered_qty, delivered_qty, unit_price, cost, base_unit, sell_uom, suggested_department, status, sku_id, organization_id) VALUES ('1f0a1ac5-6879-4299-8fa2-9d249b3a7833', 'f24c5a23-f542-443a-83c5-b3024fb2d12e', 'USG Plus 3 Joint Compound 4.5gal', 'DRM-JNTCMPD-01', 8, 0, 0, 10.4, 'bucket', 'bucket', 'DRM', 'ordered', '561109f0-aff5-4697-b83a-47203273858d', 'supply-yard') ON CONFLICT DO NOTHING;
INSERT INTO purchase_order_items (id, po_id, name, original_sku, ordered_qty, delivered_qty, unit_price, cost, base_unit, sell_uom, suggested_department, status, sku_id, organization_id) VALUES ('1c7d404a-bbfb-40f4-b05d-f6ee8fb04493', 'fcbf80d3-e5eb-4516-b682-804e5293f071', '5/4x6x12 PT Deck Board', 'LUM-PTDECK-01', 60, 0, 0, 8.8, 'each', 'each', 'LUM', 'ordered', '25e18161-d12e-46f7-862c-9d52a09b30f1', 'supply-yard') ON CONFLICT DO NOTHING;
INSERT INTO purchase_order_items (id, po_id, name, original_sku, ordered_qty, delivered_qty, unit_price, cost, base_unit, sell_uom, suggested_department, status, sku_id, organization_id) VALUES ('27ebe0d3-389b-4a09-b3f4-498597dae055', 'fcbf80d3-e5eb-4516-b682-804e5293f071', '5/4x6x16 PT Deck Board', 'LUM-PTDECK-02', 24, 0, 0, 11.6, 'each', 'each', 'LUM', 'ordered', 'dcd16a65-d759-4885-a31b-a39548631179', 'supply-yard') ON CONFLICT DO NOTHING;
INSERT INTO purchase_order_items (id, po_id, name, original_sku, ordered_qty, delivered_qty, unit_price, cost, base_unit, sell_uom, suggested_department, status, sku_id, organization_id) VALUES ('7814eec9-a467-48f6-9cc2-e1c8125622e5', 'fcbf80d3-e5eb-4516-b682-804e5293f071', 'GRK #8 x 2-1/2" Deck Screw 100pk', 'FAS-DECKSCR-01', 15, 0, 0, 7.8, 'box', 'box', 'FAS', 'ordered', 'df11d827-c5cf-487d-8bc2-ff34a4cf1af0', 'supply-yard') ON CONFLICT DO NOTHING;
INSERT INTO purchase_order_items (id, po_id, name, original_sku, ordered_qty, delivered_qty, unit_price, cost, base_unit, sell_uom, suggested_department, status, sku_id, organization_id) VALUES ('efd5cfc4-5400-4421-9e29-c89fb2a276fc', 'fcbf80d3-e5eb-4516-b682-804e5293f071', 'GRK #8 x 3" Deck Screw 100pk', 'FAS-DECKSCR-02', 10, 0, 0, 8.6, 'box', 'box', 'FAS', 'ordered', '7088ba8e-3b18-44b0-b8ae-9a7ce1ac251d', 'supply-yard') ON CONFLICT DO NOTHING;
INSERT INTO withdrawals (id, items, job_id, service_address, subtotal, tax, tax_rate, total, cost_total, contractor_id, contractor_name, contractor_company, billing_entity, billing_entity_id, payment_status, invoice_id, paid_at, processed_by_id, processed_by_name, organization_id, created_at) VALUES ('67cc2888-01b0-4f6d-9eb1-b5bceca709ed', '[{"sku_id": "f509e4c3-86ae-4a0a-9dcd-0d4d4c4b5e51", "sku": "PLP-PEXTUBE-01", "name": "PEX-A Tubing 1/2\" x 100ft Red", "quantity": 2, "unit_price": 42.99, "cost": 24.5, "unit": "foot", "sell_uom": "100ft_coil", "sell_cost": 24.5, "subtotal": 85.98, "cost_total": 49.0}, {"sku_id": "3d59ce91-308a-4749-bb99-4c8b03d284d8", "sku": "PLF-SHRKBT90-01", "name": "SharkBite 1/2\" 90-Degree Elbow", "quantity": 10, "unit_price": 8.49, "cost": 4.8, "unit": "each", "sell_uom": "each", "sell_cost": 4.8, "subtotal": 84.9, "cost_total": 48.0}, {"sku_id": "eaba46e1-5256-40c5-b280-6d8b71cba485", "sku": "PLF-SHRKBTT-01", "name": "SharkBite 1/2\" Tee", "quantity": 6, "unit_price": 9.99, "cost": 5.6, "unit": "each", "sell_uom": "each", "sell_cost": 5.6, "subtotal": 59.94, "cost_total": 33.6}]', 'RR-2026-001', '1200 Mountain View Dr, Unit 4A, Vail CO', 230.82, 23.08, 0.10, 253.9, 130.6, '4d5ff6c9-6ac2-4929-bd5f-e4197c10d009', 'Mike Torres', '', 'Riva Ridge Property Mgmt', '072f39cd-940f-46a5-8555-7158d5a2be31', 'paid', '72aab2b5-a689-4f6e-bb34-98e709c9f4fe', '2026-03-12T12:00:00+00:00', 'db3a2209-7b14-42e3-9c7b-8ab0b774f22b', 'Marcus Chen', 'supply-yard', '2026-03-05T12:00:00+00:00') ON CONFLICT DO NOTHING;
INSERT INTO withdrawals (id, items, job_id, service_address, subtotal, tax, tax_rate, total, cost_total, contractor_id, contractor_name, contractor_company, billing_entity, billing_entity_id, payment_status, invoice_id, paid_at, processed_by_id, processed_by_name, organization_id, created_at) VALUES ('73606422-b21e-4390-9a29-4a10926b44f4', '[{"sku_id": "2e058e41-1d23-4362-8cfa-203f6dd74d1d", "sku": "ELE-DECORASW-01", "name": "Leviton Decora 15A Switch White", "quantity": 8, "unit_price": 3.29, "cost": 1.6, "unit": "each", "sell_uom": "each", "sell_cost": 1.6, "subtotal": 26.32, "cost_total": 12.8}, {"sku_id": "9e43da00-6093-4bc3-87e2-dc0007d95a73", "sku": "ELE-GFCI15-01", "name": "Leviton GFCI 15A Outlet White", "quantity": 4, "unit_price": 18.99, "cost": 10.5, "unit": "each", "sell_uom": "each", "sell_cost": 10.5, "subtotal": 75.96, "cost_total": 42.0}, {"sku_id": "97ad374e-3173-4994-b4ac-1f45ce5fbdf1", "sku": "ELW-ROMEX14-01", "name": "Romex 14/2 NM-B 250ft", "quantity": 1, "unit_price": 89.99, "cost": 52.0, "unit": "foot", "sell_uom": "250ft_spool", "sell_cost": 52.0, "subtotal": 89.99, "cost_total": 52.0}]', 'RR-2026-001', '1200 Mountain View Dr, Unit 4A, Vail CO', 192.26999999999998, 19.23, 0.10, 211.5, 106.8, '4d5ff6c9-6ac2-4929-bd5f-e4197c10d009', 'Mike Torres', '', 'Riva Ridge Property Mgmt', '072f39cd-940f-46a5-8555-7158d5a2be31', 'invoiced', '5882176f-2785-46be-be3c-230d0a157e54', NULL, 'db3a2209-7b14-42e3-9c7b-8ab0b774f22b', 'Marcus Chen', 'supply-yard', '2026-03-07T12:00:00+00:00') ON CONFLICT DO NOTHING;
INSERT INTO withdrawals (id, items, job_id, service_address, subtotal, tax, tax_rate, total, cost_total, contractor_id, contractor_name, contractor_company, billing_entity, billing_entity_id, payment_status, invoice_id, paid_at, processed_by_id, processed_by_name, organization_id, created_at) VALUES ('9e9e3561-4b08-483e-afa1-f286f4ea67fe', '[{"sku_id": "77b57bd9-5f31-4658-91c1-293dc8c5aa09", "sku": "BLD-DRYWALL-01", "name": "1/2\" x 4x8 Drywall Sheet", "quantity": 12, "unit_price": 14.99, "cost": 8.2, "unit": "sheet", "sell_uom": "sheet", "sell_cost": 8.2, "subtotal": 179.88, "cost_total": 98.4}, {"sku_id": "c2286267-8087-4e4b-b5f4-77a514a346d2", "sku": "FAS-DRYSCR-01", "name": "#6 x 1-5/8\" Drywall Screw 1lb", "quantity": 4, "unit_price": 5.99, "cost": 2.8, "unit": "box", "sell_uom": "box", "sell_cost": 2.8, "subtotal": 23.96, "cost_total": 11.2}, {"sku_id": "561109f0-aff5-4697-b83a-47203273858d", "sku": "DRM-JNTCMPD-01", "name": "USG Plus 3 Joint Compound 4.5gal", "quantity": 2, "unit_price": 18.99, "cost": 10.4, "unit": "bucket", "sell_uom": "bucket", "sell_cost": 10.4, "subtotal": 37.98, "cost_total": 20.8}, {"sku_id": "04d47b88-51b5-4b59-bcf5-f1710b43575b", "sku": "DRS-DRYTAPE-01", "name": "FibaTape Mesh Drywall Tape 300ft", "quantity": 3, "unit_price": 6.99, "cost": 3.2, "unit": "roll", "sell_uom": "roll", "sell_cost": 3.2, "subtotal": 20.97, "cost_total": 9.6}]', 'RR-2026-002', '1200 Mountain View Dr, Unit 7B, Vail CO', 262.78999999999996, 26.28, 0.10, 289.07, 140.0, '4d5ff6c9-6ac2-4929-bd5f-e4197c10d009', 'Mike Torres', '', 'Riva Ridge Property Mgmt', '072f39cd-940f-46a5-8555-7158d5a2be31', 'invoiced', '5882176f-2785-46be-be3c-230d0a157e54', NULL, 'db3a2209-7b14-42e3-9c7b-8ab0b774f22b', 'Marcus Chen', 'supply-yard', '2026-03-09T12:00:00+00:00') ON CONFLICT DO NOTHING;
INSERT INTO withdrawals (id, items, job_id, service_address, subtotal, tax, tax_rate, total, cost_total, contractor_id, contractor_name, contractor_company, billing_entity, billing_entity_id, payment_status, invoice_id, paid_at, processed_by_id, processed_by_name, organization_id, created_at) VALUES ('90610e8b-490d-482d-8155-11470b6e8f1f', '[{"sku_id": "25e18161-d12e-46f7-862c-9d52a09b30f1", "sku": "LUM-PTDECK-01", "name": "5/4x6x12 PT Deck Board", "quantity": 20, "unit_price": 14.99, "cost": 8.8, "unit": "each", "sell_uom": "each", "sell_cost": 8.8, "subtotal": 299.8, "cost_total": 176.0}, {"sku_id": "dcd16a65-d759-4885-a31b-a39548631179", "sku": "LUM-PTDECK-02", "name": "5/4x6x16 PT Deck Board", "quantity": 8, "unit_price": 19.99, "cost": 11.6, "unit": "each", "sell_uom": "each", "sell_cost": 11.6, "subtotal": 159.92, "cost_total": 92.8}, {"sku_id": "df11d827-c5cf-487d-8bc2-ff34a4cf1af0", "sku": "FAS-DECKSCR-01", "name": "GRK #8 x 2-1/2\" Deck Screw 100pk", "quantity": 6, "unit_price": 14.99, "cost": 7.8, "unit": "box", "sell_uom": "box", "sell_cost": 7.8, "subtotal": 89.94, "cost_total": 46.8}]', 'SP-2026-001', '345 Pine Ridge Rd, Aspen CO', 549.66, 54.97, 0.10, 604.63, 315.6, '0565b2d4-2c7d-4b5e-9aa7-a2a05d387224', 'Sarah Okafor', '', 'Summit Property Group', '77cd2847-439e-4597-a686-1c36171e8a26', 'unpaid', NULL, NULL, 'db3a2209-7b14-42e3-9c7b-8ab0b774f22b', 'Marcus Chen', 'supply-yard', '2026-03-11T12:00:00+00:00') ON CONFLICT DO NOTHING;
INSERT INTO withdrawals (id, items, job_id, service_address, subtotal, tax, tax_rate, total, cost_total, contractor_id, contractor_name, contractor_company, billing_entity, billing_entity_id, payment_status, invoice_id, paid_at, processed_by_id, processed_by_name, organization_id, created_at) VALUES ('f480acbb-1d1d-49d8-b221-f93523da5ffe', '[{"sku_id": "021d2901-91f5-436f-bdcb-466d8e4325d4", "sku": "LUM-STUDS2X4-01", "name": "2x4x8 SPF Stud", "quantity": 12, "unit_price": 4.29, "cost": 2.4, "unit": "each", "sell_uom": "each", "sell_cost": 2.4, "subtotal": 51.48, "cost_total": 28.8}, {"sku_id": "8fa78caf-7e72-420e-976b-ec12b14132d4", "sku": "LUM-STUDS2X6-01", "name": "2x6x8 SPF", "quantity": 8, "unit_price": 6.99, "cost": 4.0, "unit": "each", "sell_uom": "each", "sell_cost": 4.0, "subtotal": 55.92, "cost_total": 32.0}, {"sku_id": "755a6c4b-5cd1-4af7-bcbe-836dfe26b67c", "sku": "CON-QUIKSET-01", "name": "Quikrete Fast-Setting Concrete 50lb", "quantity": 6, "unit_price": 7.49, "cost": 4.1, "unit": "bag", "sell_uom": "bag", "sell_cost": 4.1, "subtotal": 44.94, "cost_total": 24.6}]', 'SP-2026-001', '345 Pine Ridge Rd, Aspen CO', 152.34, 15.23, 0.10, 167.57, 85.39999999999999, '0565b2d4-2c7d-4b5e-9aa7-a2a05d387224', 'Sarah Okafor', '', 'Summit Property Group', '77cd2847-439e-4597-a686-1c36171e8a26', 'unpaid', NULL, NULL, 'db3a2209-7b14-42e3-9c7b-8ab0b774f22b', 'Marcus Chen', 'supply-yard', '2026-03-13T12:00:00+00:00') ON CONFLICT DO NOTHING;
INSERT INTO withdrawals (id, items, job_id, service_address, subtotal, tax, tax_rate, total, cost_total, contractor_id, contractor_name, contractor_company, billing_entity, billing_entity_id, payment_status, invoice_id, paid_at, processed_by_id, processed_by_name, organization_id, created_at) VALUES ('b65a99f4-d274-4041-bba8-c07ec78cbf76', '[{"sku_id": "346fdc27-3bf0-4af2-924e-7091a39b49f0", "sku": "ELW-ROMEX12-01", "name": "Romex 12/2 NM-B 250ft", "quantity": 1, "unit_price": 119.99, "cost": 72.0, "unit": "foot", "sell_uom": "250ft_spool", "sell_cost": 72.0, "subtotal": 119.99, "cost_total": 72.0}, {"sku_id": "9e43da00-6093-4bc3-87e2-dc0007d95a73", "sku": "ELE-GFCI15-01", "name": "Leviton GFCI 15A Outlet White", "quantity": 6, "unit_price": 18.99, "cost": 10.5, "unit": "each", "sell_uom": "each", "sell_cost": 10.5, "subtotal": 113.94, "cost_total": 63.0}, {"sku_id": "b878533e-062c-4c6e-ace8-4c561a3d0821", "sku": "ELE-DECORASW-02", "name": "Leviton Decora 15A Switch Ivory", "quantity": 10, "unit_price": 3.29, "cost": 1.6, "unit": "each", "sell_uom": "each", "sell_cost": 1.6, "subtotal": 32.9, "cost_total": 16.0}]', 'SP-2026-002', '345 Pine Ridge Rd, Aspen CO', 266.83, 26.68, 0.10, 293.51, 151.0, '0565b2d4-2c7d-4b5e-9aa7-a2a05d387224', 'Sarah Okafor', '', 'Summit Property Group', '77cd2847-439e-4597-a686-1c36171e8a26', 'unpaid', NULL, NULL, 'db3a2209-7b14-42e3-9c7b-8ab0b774f22b', 'Marcus Chen', 'supply-yard', '2026-03-14T12:00:00+00:00') ON CONFLICT DO NOTHING;
INSERT INTO withdrawals (id, items, job_id, service_address, subtotal, tax, tax_rate, total, cost_total, contractor_id, contractor_name, contractor_company, billing_entity, billing_entity_id, payment_status, invoice_id, paid_at, processed_by_id, processed_by_name, organization_id, created_at) VALUES ('0997ccd3-c21b-4ff3-b413-6ca5a35504fd', '[{"sku_id": "ecd23bc8-eb47-4209-a297-fff4ca80b6ac", "sku": "PNT-SWSUPER-03", "name": "SW SuperPaint Exterior Flat - Gallon", "quantity": 4, "unit_price": 58.99, "cost": 36.0, "unit": "gallon", "sell_uom": "gallon", "sell_cost": 36.0, "subtotal": 235.96, "cost_total": 144.0}, {"sku_id": "1e0588fa-7c95-4f29-9514-e8dd6eca0f34", "sku": "PNS-ROLLER9-01", "name": "Purdy White Dove 9\" Roller Cover 3/8\" Nap", "quantity": 6, "unit_price": 8.99, "cost": 4.2, "unit": "each", "sell_uom": "each", "sell_cost": 4.2, "subtotal": 53.94, "cost_total": 25.2}, {"sku_id": "3fe0349e-a40d-4095-8a33-4e3f5210e8ec", "sku": "PNS-ROLLER9-02", "name": "Purdy White Dove 9\" Roller Cover 1/2\" Nap", "quantity": 4, "unit_price": 9.49, "cost": 4.5, "unit": "each", "sell_uom": "each", "sell_cost": 4.5, "subtotal": 37.96, "cost_total": 18.0}, {"sku_id": "289216cb-2c90-40ae-b762-69a374a7aa60", "sku": "CLN-PREPWIPE-01", "name": "Sherwin-Williams Prep & Cleanup Wipes", "quantity": 3, "unit_price": 9.99, "cost": 5.2, "unit": "pack", "sell_uom": "pack", "sell_cost": 5.2, "subtotal": 29.97, "cost_total": 15.6}]', 'CL-2026-001', '45 Ocean Ave, Monterey CA', 357.83, 35.78, 0.10, 393.61, 202.8, '4d5ff6c9-6ac2-4929-bd5f-e4197c10d009', 'Mike Torres', '', 'Coastal Living Rentals', '3766b68c-ffd8-4541-a241-f9f10e1e65e0', 'paid', 'f6c2d999-9a6b-45ff-beb3-31de09384886', '2026-03-16T12:00:00+00:00', 'db3a2209-7b14-42e3-9c7b-8ab0b774f22b', 'Marcus Chen', 'supply-yard', '2026-03-10T12:00:00+00:00') ON CONFLICT DO NOTHING;
INSERT INTO withdrawals (id, items, job_id, service_address, subtotal, tax, tax_rate, total, cost_total, contractor_id, contractor_name, contractor_company, billing_entity, billing_entity_id, payment_status, invoice_id, paid_at, processed_by_id, processed_by_name, organization_id, created_at) VALUES ('8bcbbdf6-75b3-4ce6-ba54-dfd37a8fc22d', '[{"sku_id": "da4457b6-d9f4-4416-9c4d-a6ec64f3165a", "sku": "SAF-KIDDESM-01", "name": "Kidde Hardwired Smoke + CO Detector", "quantity": 3, "unit_price": 42.99, "cost": 28.0, "unit": "each", "sell_uom": "each", "sell_cost": 28.0, "subtotal": 128.97, "cost_total": 84.0}, {"sku_id": "61716a2f-3bc2-4bac-b5b2-b6e10d75e99d", "sku": "LOK-KWIKDBL-01", "name": "Kwikset Deadbolt Satin Nickel", "quantity": 2, "unit_price": 29.99, "cost": 16.0, "unit": "each", "sell_uom": "each", "sell_cost": 16.0, "subtotal": 59.98, "cost_total": 32.0}, {"sku_id": "1106f62b-d029-4dd1-a380-682f2c5bc9f7", "sku": "ADH-LIQNAIL-01", "name": "Liquid Nails Heavy Duty 10oz", "quantity": 4, "unit_price": 5.49, "cost": 2.8, "unit": "tube", "sell_uom": "tube", "sell_cost": 2.8, "subtotal": 21.96, "cost_total": 11.2}]', 'RR-2026-001', '1200 Mountain View Dr, Unit 4A, Vail CO', 210.91, 21.09, 0.10, 232.0, 127.2, '4d5ff6c9-6ac2-4929-bd5f-e4197c10d009', 'Mike Torres', '', 'Riva Ridge Property Mgmt', '072f39cd-940f-46a5-8555-7158d5a2be31', 'unpaid', NULL, NULL, 'db3a2209-7b14-42e3-9c7b-8ab0b774f22b', 'Marcus Chen', 'supply-yard', '2026-03-16T12:00:00+00:00') ON CONFLICT DO NOTHING;
INSERT INTO withdrawal_items (id, withdrawal_id, sku_id, sku, name, quantity, unit_price, cost, unit, amount, cost_total, sell_uom, sell_cost) VALUES ('bffa336c-eeab-458f-bc33-14548f015727', '67cc2888-01b0-4f6d-9eb1-b5bceca709ed', 'f509e4c3-86ae-4a0a-9dcd-0d4d4c4b5e51', 'PLP-PEXTUBE-01', 'PEX-A Tubing 1/2" x 100ft Red', 2, 42.99, 24.5, 'foot', 85.98, 49.0, '100ft_coil', 24.5) ON CONFLICT DO NOTHING;
INSERT INTO withdrawal_items (id, withdrawal_id, sku_id, sku, name, quantity, unit_price, cost, unit, amount, cost_total, sell_uom, sell_cost) VALUES ('815d2bbc-bb28-42c9-ac2b-b3253e74b9b5', '67cc2888-01b0-4f6d-9eb1-b5bceca709ed', '3d59ce91-308a-4749-bb99-4c8b03d284d8', 'PLF-SHRKBT90-01', 'SharkBite 1/2" 90-Degree Elbow', 10, 8.49, 4.8, 'each', 84.9, 48.0, 'each', 4.8) ON CONFLICT DO NOTHING;
INSERT INTO withdrawal_items (id, withdrawal_id, sku_id, sku, name, quantity, unit_price, cost, unit, amount, cost_total, sell_uom, sell_cost) VALUES ('3bdf8f30-771d-4525-b7c8-432bb2a6cb62', '67cc2888-01b0-4f6d-9eb1-b5bceca709ed', 'eaba46e1-5256-40c5-b280-6d8b71cba485', 'PLF-SHRKBTT-01', 'SharkBite 1/2" Tee', 6, 9.99, 5.6, 'each', 59.94, 33.6, 'each', 5.6) ON CONFLICT DO NOTHING;
INSERT INTO withdrawal_items (id, withdrawal_id, sku_id, sku, name, quantity, unit_price, cost, unit, amount, cost_total, sell_uom, sell_cost) VALUES ('95edce37-4ad7-450c-b4f9-abf74174525b', '73606422-b21e-4390-9a29-4a10926b44f4', '2e058e41-1d23-4362-8cfa-203f6dd74d1d', 'ELE-DECORASW-01', 'Leviton Decora 15A Switch White', 8, 3.29, 1.6, 'each', 26.32, 12.8, 'each', 1.6) ON CONFLICT DO NOTHING;
INSERT INTO withdrawal_items (id, withdrawal_id, sku_id, sku, name, quantity, unit_price, cost, unit, amount, cost_total, sell_uom, sell_cost) VALUES ('bd1ed218-fdd3-4412-8574-697f4364410d', '73606422-b21e-4390-9a29-4a10926b44f4', '9e43da00-6093-4bc3-87e2-dc0007d95a73', 'ELE-GFCI15-01', 'Leviton GFCI 15A Outlet White', 4, 18.99, 10.5, 'each', 75.96, 42.0, 'each', 10.5) ON CONFLICT DO NOTHING;
INSERT INTO withdrawal_items (id, withdrawal_id, sku_id, sku, name, quantity, unit_price, cost, unit, amount, cost_total, sell_uom, sell_cost) VALUES ('d0df463d-5185-4520-8667-dcbffca4e6a1', '73606422-b21e-4390-9a29-4a10926b44f4', '97ad374e-3173-4994-b4ac-1f45ce5fbdf1', 'ELW-ROMEX14-01', 'Romex 14/2 NM-B 250ft', 1, 89.99, 52.0, 'foot', 89.99, 52.0, '250ft_spool', 52.0) ON CONFLICT DO NOTHING;
INSERT INTO withdrawal_items (id, withdrawal_id, sku_id, sku, name, quantity, unit_price, cost, unit, amount, cost_total, sell_uom, sell_cost) VALUES ('b52e71d9-f07c-471d-9073-96a42b76ad60', '9e9e3561-4b08-483e-afa1-f286f4ea67fe', '77b57bd9-5f31-4658-91c1-293dc8c5aa09', 'BLD-DRYWALL-01', '1/2" x 4x8 Drywall Sheet', 12, 14.99, 8.2, 'sheet', 179.88, 98.4, 'sheet', 8.2) ON CONFLICT DO NOTHING;
INSERT INTO withdrawal_items (id, withdrawal_id, sku_id, sku, name, quantity, unit_price, cost, unit, amount, cost_total, sell_uom, sell_cost) VALUES ('3303a613-c0c5-464b-8216-f6ecfed1d48d', '9e9e3561-4b08-483e-afa1-f286f4ea67fe', 'c2286267-8087-4e4b-b5f4-77a514a346d2', 'FAS-DRYSCR-01', '#6 x 1-5/8" Drywall Screw 1lb', 4, 5.99, 2.8, 'box', 23.96, 11.2, 'box', 2.8) ON CONFLICT DO NOTHING;
INSERT INTO withdrawal_items (id, withdrawal_id, sku_id, sku, name, quantity, unit_price, cost, unit, amount, cost_total, sell_uom, sell_cost) VALUES ('888ce104-8c7c-4257-b1fb-071b96a7aa78', '9e9e3561-4b08-483e-afa1-f286f4ea67fe', '561109f0-aff5-4697-b83a-47203273858d', 'DRM-JNTCMPD-01', 'USG Plus 3 Joint Compound 4.5gal', 2, 18.99, 10.4, 'bucket', 37.98, 20.8, 'bucket', 10.4) ON CONFLICT DO NOTHING;
INSERT INTO withdrawal_items (id, withdrawal_id, sku_id, sku, name, quantity, unit_price, cost, unit, amount, cost_total, sell_uom, sell_cost) VALUES ('5023e3ec-26b5-41be-8e0d-2831f0f3cb24', '9e9e3561-4b08-483e-afa1-f286f4ea67fe', '04d47b88-51b5-4b59-bcf5-f1710b43575b', 'DRS-DRYTAPE-01', 'FibaTape Mesh Drywall Tape 300ft', 3, 6.99, 3.2, 'roll', 20.97, 9.6, 'roll', 3.2) ON CONFLICT DO NOTHING;
INSERT INTO withdrawal_items (id, withdrawal_id, sku_id, sku, name, quantity, unit_price, cost, unit, amount, cost_total, sell_uom, sell_cost) VALUES ('b7784a18-a48e-4337-a386-c49285acf2c1', '90610e8b-490d-482d-8155-11470b6e8f1f', '25e18161-d12e-46f7-862c-9d52a09b30f1', 'LUM-PTDECK-01', '5/4x6x12 PT Deck Board', 20, 14.99, 8.8, 'each', 299.8, 176.0, 'each', 8.8) ON CONFLICT DO NOTHING;
INSERT INTO withdrawal_items (id, withdrawal_id, sku_id, sku, name, quantity, unit_price, cost, unit, amount, cost_total, sell_uom, sell_cost) VALUES ('437c1c1b-2350-42fe-ba54-7c23816cda64', '90610e8b-490d-482d-8155-11470b6e8f1f', 'dcd16a65-d759-4885-a31b-a39548631179', 'LUM-PTDECK-02', '5/4x6x16 PT Deck Board', 8, 19.99, 11.6, 'each', 159.92, 92.8, 'each', 11.6) ON CONFLICT DO NOTHING;
INSERT INTO withdrawal_items (id, withdrawal_id, sku_id, sku, name, quantity, unit_price, cost, unit, amount, cost_total, sell_uom, sell_cost) VALUES ('9fe38d70-8668-43e7-a3db-103fab2f30ad', '90610e8b-490d-482d-8155-11470b6e8f1f', 'df11d827-c5cf-487d-8bc2-ff34a4cf1af0', 'FAS-DECKSCR-01', 'GRK #8 x 2-1/2" Deck Screw 100pk', 6, 14.99, 7.8, 'box', 89.94, 46.8, 'box', 7.8) ON CONFLICT DO NOTHING;
INSERT INTO withdrawal_items (id, withdrawal_id, sku_id, sku, name, quantity, unit_price, cost, unit, amount, cost_total, sell_uom, sell_cost) VALUES ('01951f78-f13f-4593-820a-f3333374bcfb', 'f480acbb-1d1d-49d8-b221-f93523da5ffe', '021d2901-91f5-436f-bdcb-466d8e4325d4', 'LUM-STUDS2X4-01', '2x4x8 SPF Stud', 12, 4.29, 2.4, 'each', 51.48, 28.8, 'each', 2.4) ON CONFLICT DO NOTHING;
INSERT INTO withdrawal_items (id, withdrawal_id, sku_id, sku, name, quantity, unit_price, cost, unit, amount, cost_total, sell_uom, sell_cost) VALUES ('da609c9a-1fb8-4555-9c71-478e8d3df3ce', 'f480acbb-1d1d-49d8-b221-f93523da5ffe', '8fa78caf-7e72-420e-976b-ec12b14132d4', 'LUM-STUDS2X6-01', '2x6x8 SPF', 8, 6.99, 4.0, 'each', 55.92, 32.0, 'each', 4.0) ON CONFLICT DO NOTHING;
INSERT INTO withdrawal_items (id, withdrawal_id, sku_id, sku, name, quantity, unit_price, cost, unit, amount, cost_total, sell_uom, sell_cost) VALUES ('ec8fd3e9-fb85-4c53-9e2c-1930234bf228', 'f480acbb-1d1d-49d8-b221-f93523da5ffe', '755a6c4b-5cd1-4af7-bcbe-836dfe26b67c', 'CON-QUIKSET-01', 'Quikrete Fast-Setting Concrete 50lb', 6, 7.49, 4.1, 'bag', 44.94, 24.6, 'bag', 4.1) ON CONFLICT DO NOTHING;
INSERT INTO withdrawal_items (id, withdrawal_id, sku_id, sku, name, quantity, unit_price, cost, unit, amount, cost_total, sell_uom, sell_cost) VALUES ('089f1a78-549a-41e0-aaab-7c36085db687', 'b65a99f4-d274-4041-bba8-c07ec78cbf76', '346fdc27-3bf0-4af2-924e-7091a39b49f0', 'ELW-ROMEX12-01', 'Romex 12/2 NM-B 250ft', 1, 119.99, 72.0, 'foot', 119.99, 72.0, '250ft_spool', 72.0) ON CONFLICT DO NOTHING;
INSERT INTO withdrawal_items (id, withdrawal_id, sku_id, sku, name, quantity, unit_price, cost, unit, amount, cost_total, sell_uom, sell_cost) VALUES ('9edb3fb6-cfda-4a0b-ab5d-dfc3deadfa3b', 'b65a99f4-d274-4041-bba8-c07ec78cbf76', '9e43da00-6093-4bc3-87e2-dc0007d95a73', 'ELE-GFCI15-01', 'Leviton GFCI 15A Outlet White', 6, 18.99, 10.5, 'each', 113.94, 63.0, 'each', 10.5) ON CONFLICT DO NOTHING;
INSERT INTO withdrawal_items (id, withdrawal_id, sku_id, sku, name, quantity, unit_price, cost, unit, amount, cost_total, sell_uom, sell_cost) VALUES ('ebb87b46-c842-49f8-b3f7-aa58aee653e8', 'b65a99f4-d274-4041-bba8-c07ec78cbf76', 'b878533e-062c-4c6e-ace8-4c561a3d0821', 'ELE-DECORASW-02', 'Leviton Decora 15A Switch Ivory', 10, 3.29, 1.6, 'each', 32.9, 16.0, 'each', 1.6) ON CONFLICT DO NOTHING;
INSERT INTO withdrawal_items (id, withdrawal_id, sku_id, sku, name, quantity, unit_price, cost, unit, amount, cost_total, sell_uom, sell_cost) VALUES ('ab0eaf94-ea6f-4561-a1e3-dc8e0f709987', '0997ccd3-c21b-4ff3-b413-6ca5a35504fd', 'ecd23bc8-eb47-4209-a297-fff4ca80b6ac', 'PNT-SWSUPER-03', 'SW SuperPaint Exterior Flat - Gallon', 4, 58.99, 36.0, 'gallon', 235.96, 144.0, 'gallon', 36.0) ON CONFLICT DO NOTHING;
INSERT INTO withdrawal_items (id, withdrawal_id, sku_id, sku, name, quantity, unit_price, cost, unit, amount, cost_total, sell_uom, sell_cost) VALUES ('901da2fe-fcf6-4875-8a62-9526349eb4c9', '0997ccd3-c21b-4ff3-b413-6ca5a35504fd', '1e0588fa-7c95-4f29-9514-e8dd6eca0f34', 'PNS-ROLLER9-01', 'Purdy White Dove 9" Roller Cover 3/8" Nap', 6, 8.99, 4.2, 'each', 53.94, 25.2, 'each', 4.2) ON CONFLICT DO NOTHING;
INSERT INTO withdrawal_items (id, withdrawal_id, sku_id, sku, name, quantity, unit_price, cost, unit, amount, cost_total, sell_uom, sell_cost) VALUES ('11e9f550-dd12-488a-8023-9a509971b69d', '0997ccd3-c21b-4ff3-b413-6ca5a35504fd', '3fe0349e-a40d-4095-8a33-4e3f5210e8ec', 'PNS-ROLLER9-02', 'Purdy White Dove 9" Roller Cover 1/2" Nap', 4, 9.49, 4.5, 'each', 37.96, 18.0, 'each', 4.5) ON CONFLICT DO NOTHING;
INSERT INTO withdrawal_items (id, withdrawal_id, sku_id, sku, name, quantity, unit_price, cost, unit, amount, cost_total, sell_uom, sell_cost) VALUES ('8ae61cc0-b70a-4b60-8733-cdaa00ca0529', '0997ccd3-c21b-4ff3-b413-6ca5a35504fd', '289216cb-2c90-40ae-b762-69a374a7aa60', 'CLN-PREPWIPE-01', 'Sherwin-Williams Prep & Cleanup Wipes', 3, 9.99, 5.2, 'pack', 29.97, 15.6, 'pack', 5.2) ON CONFLICT DO NOTHING;
INSERT INTO withdrawal_items (id, withdrawal_id, sku_id, sku, name, quantity, unit_price, cost, unit, amount, cost_total, sell_uom, sell_cost) VALUES ('fd04744a-b585-422d-abdf-a7db3f93105d', '8bcbbdf6-75b3-4ce6-ba54-dfd37a8fc22d', 'da4457b6-d9f4-4416-9c4d-a6ec64f3165a', 'SAF-KIDDESM-01', 'Kidde Hardwired Smoke + CO Detector', 3, 42.99, 28.0, 'each', 128.97, 84.0, 'each', 28.0) ON CONFLICT DO NOTHING;
INSERT INTO withdrawal_items (id, withdrawal_id, sku_id, sku, name, quantity, unit_price, cost, unit, amount, cost_total, sell_uom, sell_cost) VALUES ('cee2d15f-5378-4429-bdd4-c939c53f6e1b', '8bcbbdf6-75b3-4ce6-ba54-dfd37a8fc22d', '61716a2f-3bc2-4bac-b5b2-b6e10d75e99d', 'LOK-KWIKDBL-01', 'Kwikset Deadbolt Satin Nickel', 2, 29.99, 16.0, 'each', 59.98, 32.0, 'each', 16.0) ON CONFLICT DO NOTHING;
INSERT INTO withdrawal_items (id, withdrawal_id, sku_id, sku, name, quantity, unit_price, cost, unit, amount, cost_total, sell_uom, sell_cost) VALUES ('46f7badf-1910-4170-ad53-23ff4ca1d925', '8bcbbdf6-75b3-4ce6-ba54-dfd37a8fc22d', '1106f62b-d029-4dd1-a380-682f2c5bc9f7', 'ADH-LIQNAIL-01', 'Liquid Nails Heavy Duty 10oz', 4, 5.49, 2.8, 'tube', 21.96, 11.2, 'tube', 2.8) ON CONFLICT DO NOTHING;
INSERT INTO material_requests (id, contractor_id, contractor_name, items, status, job_id, service_address, created_at, organization_id) VALUES ('a668af26-a644-475f-bcd6-b8588954c278', '0565b2d4-2c7d-4b5e-9aa7-a2a05d387224', 'Sarah Okafor', '[{"sku_id": "8f11b463-0036-4ced-80f2-8e675876e1cc", "sku": "INS-OWENR15-01", "name": "Owens Corning R-15 3.5\" x 15\" x 93\" 8-pack", "quantity": 4, "unit_price": 49.99, "cost": 0, "unit": "pack", "sell_uom": "pack", "sell_cost": 0, "subtotal": 199.96, "cost_total": 0}]', 'pending', 'SP-2026-001', '345 Pine Ridge Rd, Aspen CO', '2026-03-17T06:00:00+00:00', 'supply-yard') ON CONFLICT DO NOTHING;
INSERT INTO material_requests (id, contractor_id, contractor_name, items, status, job_id, service_address, created_at, processed_at, processed_by_id, organization_id) VALUES ('c07c9813-2500-438c-84ea-1357159436ca', '4d5ff6c9-6ac2-4929-bd5f-e4197c10d009', 'Mike Torres', '[{"sku_id": "d9760d12-941d-4e8b-a79f-fe85d933d7db", "sku": "FLO-LVPOAK-01", "name": "LifeProof Sterling Oak LVP 20.06sqft", "quantity": 6, "unit_price": 42.99, "cost": 0, "unit": "box", "sell_uom": "box", "sell_cost": 0, "subtotal": 257.94, "cost_total": 0}]', 'processed', 'RR-2026-001', '1200 Mountain View Dr, Unit 4A, Vail CO', '2026-03-15T12:00:00+00:00', '2026-03-16T12:00:00+00:00', 'db3a2209-7b14-42e3-9c7b-8ab0b774f22b', 'supply-yard') ON CONFLICT DO NOTHING;
INSERT INTO invoices (id, invoice_number, billing_entity, billing_entity_id, contact_name, contact_email, status, subtotal, tax, tax_rate, total, amount_credited, invoice_date, due_date, payment_terms, billing_address, currency, xero_sync_status, organization_id, created_at, updated_at) VALUES ('72aab2b5-a689-4f6e-bb34-98e709c9f4fe', 'INV-00001', 'Riva Ridge Property Mgmt', '072f39cd-940f-46a5-8555-7158d5a2be31', 'Mike Torres', 'mike@rivridge.com', 'paid', 230.82, 23.08, 0.10, 253.9, 0, '2026-03-05T12:00:00+00:00', '2026-04-04T12:00:00+00:00', 'net_30', '1200 Mountain View Dr, Ste 400, Vail CO 81657', 'USD', 'synced', 'supply-yard', '2026-03-05T12:00:00+00:00', '2026-03-12T12:00:00+00:00') ON CONFLICT DO NOTHING;
INSERT INTO invoices (id, invoice_number, billing_entity, billing_entity_id, contact_name, contact_email, status, subtotal, tax, tax_rate, total, amount_credited, invoice_date, due_date, payment_terms, billing_address, currency, approved_by_id, approved_at, xero_sync_status, organization_id, created_at, updated_at) VALUES ('5882176f-2785-46be-be3c-230d0a157e54', 'INV-00002', 'Riva Ridge Property Mgmt', '072f39cd-940f-46a5-8555-7158d5a2be31', 'Mike Torres', 'mike@rivridge.com', 'approved', 455.06, 45.51, 0.10, 500.57, 0, '2026-03-09T12:00:00+00:00', '2026-04-08T12:00:00+00:00', 'net_30', '1200 Mountain View Dr, Ste 400, Vail CO 81657', 'USD', 'db3a2209-7b14-42e3-9c7b-8ab0b774f22b', '2026-03-10T12:00:00+00:00', 'synced', 'supply-yard', '2026-03-09T12:00:00+00:00', '2026-03-10T12:00:00+00:00') ON CONFLICT DO NOTHING;
INSERT INTO invoices (id, invoice_number, billing_entity, billing_entity_id, contact_name, contact_email, status, subtotal, tax, tax_rate, total, amount_credited, invoice_date, due_date, payment_terms, billing_address, currency, xero_sync_status, organization_id, created_at, updated_at) VALUES ('f6c2d999-9a6b-45ff-beb3-31de09384886', 'INV-00003', 'Coastal Living Rentals', '3766b68c-ffd8-4541-a241-f9f10e1e65e0', 'Jenna Park', 'jenna@coastalrentals.com', 'paid', 357.83, 35.78, 0.10, 393.61, 0, '2026-03-10T12:00:00+00:00', '2026-03-25T12:00:00+00:00', 'net_15', '45 Ocean Ave, Ste 3, Monterey CA 93940', 'USD', 'synced', 'supply-yard', '2026-03-10T12:00:00+00:00', '2026-03-16T12:00:00+00:00') ON CONFLICT DO NOTHING;
INSERT INTO invoices (id, invoice_number, billing_entity, billing_entity_id, contact_name, contact_email, status, subtotal, tax, tax_rate, total, amount_credited, invoice_date, due_date, payment_terms, billing_address, currency, xero_sync_status, organization_id, created_at, updated_at) VALUES ('25e3e4a5-4000-4cc0-bcd0-6888c2aa0678', 'INV-00004', 'Summit Property Group', '77cd2847-439e-4597-a686-1c36171e8a26', 'Sarah Okafor', 'sarah@summitpm.com', 'draft', 702.0, 70.2, 0.10, 772.2, 0, '2026-03-15T12:00:00+00:00', '2026-04-14T12:00:00+00:00', 'net_30', '890 Summit Blvd, Ste 12, Aspen CO 81611', 'USD', 'pending', 'supply-yard', '2026-03-15T12:00:00+00:00', '2026-03-15T12:00:00+00:00') ON CONFLICT DO NOTHING;
INSERT INTO invoice_withdrawals (invoice_id, withdrawal_id) VALUES ('72aab2b5-a689-4f6e-bb34-98e709c9f4fe', '67cc2888-01b0-4f6d-9eb1-b5bceca709ed') ON CONFLICT DO NOTHING;
INSERT INTO invoice_withdrawals (invoice_id, withdrawal_id) VALUES ('5882176f-2785-46be-be3c-230d0a157e54', '73606422-b21e-4390-9a29-4a10926b44f4') ON CONFLICT DO NOTHING;
INSERT INTO invoice_withdrawals (invoice_id, withdrawal_id) VALUES ('5882176f-2785-46be-be3c-230d0a157e54', '9e9e3561-4b08-483e-afa1-f286f4ea67fe') ON CONFLICT DO NOTHING;
INSERT INTO invoice_withdrawals (invoice_id, withdrawal_id) VALUES ('f6c2d999-9a6b-45ff-beb3-31de09384886', '0997ccd3-c21b-4ff3-b413-6ca5a35504fd') ON CONFLICT DO NOTHING;
INSERT INTO invoice_withdrawals (invoice_id, withdrawal_id) VALUES ('25e3e4a5-4000-4cc0-bcd0-6888c2aa0678', '90610e8b-490d-482d-8155-11470b6e8f1f') ON CONFLICT DO NOTHING;
INSERT INTO invoice_withdrawals (invoice_id, withdrawal_id) VALUES ('25e3e4a5-4000-4cc0-bcd0-6888c2aa0678', 'f480acbb-1d1d-49d8-b221-f93523da5ffe') ON CONFLICT DO NOTHING;
INSERT INTO invoice_line_items (id, invoice_id, description, quantity, unit_price, amount, cost, sku_id, job_id, unit, sell_cost) VALUES ('b49445f0-8dff-4a0a-bf21-7ac5070ef2e6', '72aab2b5-a689-4f6e-bb34-98e709c9f4fe', 'PEX-A Tubing 1/2" x 100ft Red', 2, 42.99, 85.98, 24.5, 'de51abcf-cdae-4525-8d62-5c78e44c1195', 'RR-2026-001', 'foot', 24.5) ON CONFLICT DO NOTHING;
INSERT INTO invoice_line_items (id, invoice_id, description, quantity, unit_price, amount, cost, sku_id, job_id, unit, sell_cost) VALUES ('eae6c7bf-e293-4920-8381-42f6f1dee3f1', '72aab2b5-a689-4f6e-bb34-98e709c9f4fe', 'SharkBite 1/2" 90-Degree Elbow', 10, 8.49, 84.9, 4.8, '61b05898-68ef-445c-84d9-360d6591ec18', 'RR-2026-001', 'each', 4.8) ON CONFLICT DO NOTHING;
INSERT INTO invoice_line_items (id, invoice_id, description, quantity, unit_price, amount, cost, sku_id, job_id, unit, sell_cost) VALUES ('3cb1edfc-073e-46a8-a39f-8735c59896ed', '72aab2b5-a689-4f6e-bb34-98e709c9f4fe', 'SharkBite 1/2" Tee', 6, 9.99, 59.94, 5.6, '40d894bc-f9cf-4214-91f9-121c017491db', 'RR-2026-001', 'each', 5.6) ON CONFLICT DO NOTHING;
INSERT INTO invoice_line_items (id, invoice_id, description, quantity, unit_price, amount, cost, sku_id, job_id, unit, sell_cost) VALUES ('29b2f6a8-97f9-47e2-aa6a-3885a5170e1e', '5882176f-2785-46be-be3c-230d0a157e54', 'Leviton Decora 15A Switch White', 8, 3.29, 26.32, 1.6, '6ae33a60-5957-48bc-a4b3-d2be8eb1521e', 'RR-2026-001', 'each', 1.6) ON CONFLICT DO NOTHING;
INSERT INTO invoice_line_items (id, invoice_id, description, quantity, unit_price, amount, cost, sku_id, job_id, unit, sell_cost) VALUES ('cfe31e43-23ad-479c-b13f-e496eea16ff3', '5882176f-2785-46be-be3c-230d0a157e54', 'Leviton GFCI 15A Outlet White', 4, 18.99, 75.96, 10.5, '53b5debc-f818-43ce-add8-2666a06ad6ff', 'RR-2026-001', 'each', 10.5) ON CONFLICT DO NOTHING;
INSERT INTO invoice_line_items (id, invoice_id, description, quantity, unit_price, amount, cost, sku_id, job_id, unit, sell_cost) VALUES ('3a89295e-0271-4042-97a4-16dbccc2895b', '5882176f-2785-46be-be3c-230d0a157e54', 'Romex 14/2 NM-B 250ft', 1, 89.99, 89.99, 52.0, '3f6231bd-49c5-4af3-969e-0b52da8d9977', 'RR-2026-001', 'foot', 52.0) ON CONFLICT DO NOTHING;
INSERT INTO invoice_line_items (id, invoice_id, description, quantity, unit_price, amount, cost, sku_id, job_id, unit, sell_cost) VALUES ('baf3853d-1000-414c-b6a3-f30ad8fbaf77', '5882176f-2785-46be-be3c-230d0a157e54', '1/2" x 4x8 Drywall Sheet', 12, 14.99, 179.88, 8.2, '3b4751d2-aa8c-41bb-bdb0-7f84b62b703b', 'RR-2026-002', 'sheet', 8.2) ON CONFLICT DO NOTHING;
INSERT INTO invoice_line_items (id, invoice_id, description, quantity, unit_price, amount, cost, sku_id, job_id, unit, sell_cost) VALUES ('768ba5b6-b7f0-4b1a-b0fe-6dc9e9fc818d', '5882176f-2785-46be-be3c-230d0a157e54', '#6 x 1-5/8" Drywall Screw 1lb', 4, 5.99, 23.96, 2.8, '3b295ef4-d464-4be3-8dbb-e9cb6eb9a893', 'RR-2026-002', 'box', 2.8) ON CONFLICT DO NOTHING;
INSERT INTO invoice_line_items (id, invoice_id, description, quantity, unit_price, amount, cost, sku_id, job_id, unit, sell_cost) VALUES ('c5ebd458-c177-4fea-8858-da315bae0722', '5882176f-2785-46be-be3c-230d0a157e54', 'USG Plus 3 Joint Compound 4.5gal', 2, 18.99, 37.98, 10.4, '63f4bb05-e629-455c-9304-2fa2f1dbfcdd', 'RR-2026-002', 'bucket', 10.4) ON CONFLICT DO NOTHING;
INSERT INTO invoice_line_items (id, invoice_id, description, quantity, unit_price, amount, cost, sku_id, job_id, unit, sell_cost) VALUES ('c4e965a6-846d-4e14-b234-194227c9954a', '5882176f-2785-46be-be3c-230d0a157e54', 'FibaTape Mesh Drywall Tape 300ft', 3, 6.99, 20.97, 3.2, '3dc93e36-76bc-476c-91c8-b2f3cc807e02', 'RR-2026-002', 'roll', 3.2) ON CONFLICT DO NOTHING;
INSERT INTO invoice_line_items (id, invoice_id, description, quantity, unit_price, amount, cost, sku_id, job_id, unit, sell_cost) VALUES ('d4a8009a-2e44-44eb-9723-98ef2849623d', 'f6c2d999-9a6b-45ff-beb3-31de09384886', 'SW SuperPaint Exterior Flat - Gallon', 4, 58.99, 235.96, 36.0, '8767b2bd-b3f2-470c-bcbb-7074d5e2fcf3', 'CL-2026-001', 'gallon', 36.0) ON CONFLICT DO NOTHING;
INSERT INTO invoice_line_items (id, invoice_id, description, quantity, unit_price, amount, cost, sku_id, job_id, unit, sell_cost) VALUES ('7c78f1f7-df67-4b1a-8cba-233b1051639f', 'f6c2d999-9a6b-45ff-beb3-31de09384886', 'Purdy White Dove 9" Roller Cover 3/8" Nap', 6, 8.99, 53.94, 4.2, 'f0d93977-f60a-4888-bfd5-6e5a3200b363', 'CL-2026-001', 'each', 4.2) ON CONFLICT DO NOTHING;
INSERT INTO invoice_line_items (id, invoice_id, description, quantity, unit_price, amount, cost, sku_id, job_id, unit, sell_cost) VALUES ('57c5e259-e3e5-4832-8520-62490ee267e5', 'f6c2d999-9a6b-45ff-beb3-31de09384886', 'Purdy White Dove 9" Roller Cover 1/2" Nap', 4, 9.49, 37.96, 4.5, 'b7c23ed7-d7e8-4a33-b999-8765c9b85046', 'CL-2026-001', 'each', 4.5) ON CONFLICT DO NOTHING;
INSERT INTO invoice_line_items (id, invoice_id, description, quantity, unit_price, amount, cost, sku_id, job_id, unit, sell_cost) VALUES ('9119d7c6-2358-401b-8391-10d230f77a55', 'f6c2d999-9a6b-45ff-beb3-31de09384886', 'Sherwin-Williams Prep & Cleanup Wipes', 3, 9.99, 29.97, 5.2, '9f707eef-841f-4485-a3d7-af33312323cc', 'CL-2026-001', 'pack', 5.2) ON CONFLICT DO NOTHING;
INSERT INTO invoice_line_items (id, invoice_id, description, quantity, unit_price, amount, cost, sku_id, job_id, unit, sell_cost) VALUES ('763c35ae-1cf0-4e6a-89e9-5de94fe85b2a', '25e3e4a5-4000-4cc0-bcd0-6888c2aa0678', '5/4x6x12 PT Deck Board', 20, 14.99, 299.8, 8.8, 'b71af781-aa4a-41d1-bbd0-1cb3165b7be2', 'SP-2026-001', 'each', 8.8) ON CONFLICT DO NOTHING;
INSERT INTO invoice_line_items (id, invoice_id, description, quantity, unit_price, amount, cost, sku_id, job_id, unit, sell_cost) VALUES ('47f2eebc-0c14-4bf4-8d24-6abdbe3dead6', '25e3e4a5-4000-4cc0-bcd0-6888c2aa0678', '5/4x6x16 PT Deck Board', 8, 19.99, 159.92, 11.6, '4dd7d11b-b091-4579-9b55-8c3dd8db054d', 'SP-2026-001', 'each', 11.6) ON CONFLICT DO NOTHING;
INSERT INTO invoice_line_items (id, invoice_id, description, quantity, unit_price, amount, cost, sku_id, job_id, unit, sell_cost) VALUES ('024f6d8f-52a8-42c6-b41b-b7387515f269', '25e3e4a5-4000-4cc0-bcd0-6888c2aa0678', 'GRK #8 x 2-1/2" Deck Screw 100pk', 6, 14.99, 89.94, 7.8, 'ff6fee8c-806b-49a6-9f9e-fd046015cd76', 'SP-2026-001', 'box', 7.8) ON CONFLICT DO NOTHING;
INSERT INTO invoice_line_items (id, invoice_id, description, quantity, unit_price, amount, cost, sku_id, job_id, unit, sell_cost) VALUES ('0fe99692-7bed-4604-8343-d8d4d381223d', '25e3e4a5-4000-4cc0-bcd0-6888c2aa0678', '2x4x8 SPF Stud', 12, 4.29, 51.48, 2.4, '56886772-d2ff-474f-aa63-c7c14551336e', 'SP-2026-001', 'each', 2.4) ON CONFLICT DO NOTHING;
INSERT INTO invoice_line_items (id, invoice_id, description, quantity, unit_price, amount, cost, sku_id, job_id, unit, sell_cost) VALUES ('b86efb43-8ce0-4f60-b83c-de2622920516', '25e3e4a5-4000-4cc0-bcd0-6888c2aa0678', '2x6x8 SPF', 8, 6.99, 55.92, 4.0, '7c624f11-4e20-4c0f-a2f7-7c478bf4e2cf', 'SP-2026-001', 'each', 4.0) ON CONFLICT DO NOTHING;
INSERT INTO invoice_line_items (id, invoice_id, description, quantity, unit_price, amount, cost, sku_id, job_id, unit, sell_cost) VALUES ('dde70782-1c53-421c-9829-350a2284865e', '25e3e4a5-4000-4cc0-bcd0-6888c2aa0678', 'Quikrete Fast-Setting Concrete 50lb', 6, 7.49, 44.94, 4.1, '752b943a-24ba-4411-9ee2-51b156f6b99c', 'SP-2026-001', 'bag', 4.1) ON CONFLICT DO NOTHING;
INSERT INTO payments (id, invoice_id, billing_entity_id, amount, method, reference, payment_date, recorded_by_id, organization_id, created_at, updated_at) VALUES ('17180586-a9f4-42ca-9aaa-fd6c0122427a', '72aab2b5-a689-4f6e-bb34-98e709c9f4fe', '072f39cd-940f-46a5-8555-7158d5a2be31', 253.9, 'check', 'CHK-4521', '2026-03-12T12:00:00+00:00', 'db3a2209-7b14-42e3-9c7b-8ab0b774f22b', 'supply-yard', '2026-03-12T12:00:00+00:00', '2026-03-12T12:00:00+00:00') ON CONFLICT DO NOTHING;
INSERT INTO payments (id, invoice_id, billing_entity_id, amount, method, reference, payment_date, recorded_by_id, organization_id, created_at, updated_at) VALUES ('adf303b2-ca87-4de5-9ae8-3d045ce58c47', 'f6c2d999-9a6b-45ff-beb3-31de09384886', '3766b68c-ffd8-4541-a241-f9f10e1e65e0', 393.61, 'bank_transfer', 'ACH-8873', '2026-03-16T12:00:00+00:00', 'db3a2209-7b14-42e3-9c7b-8ab0b774f22b', 'supply-yard', '2026-03-16T12:00:00+00:00', '2026-03-16T12:00:00+00:00') ON CONFLICT DO NOTHING;
INSERT INTO returns (id, withdrawal_id, contractor_id, contractor_name, billing_entity, billing_entity_id, job_id, items, subtotal, tax, total, cost_total, reason, notes, credit_note_id, processed_by_id, processed_by_name, organization_id, created_at, updated_at) VALUES ('db1703c1-a084-4bc6-9c6b-106569bc9c02', '73606422-b21e-4390-9a29-4a10926b44f4', '4d5ff6c9-6ac2-4929-bd5f-e4197c10d009', 'Mike Torres', 'Riva Ridge Property Mgmt', '072f39cd-940f-46a5-8555-7158d5a2be31', 'RR-2026-001', '[{"sku_id": "cbeec2f1-9986-4edd-80f9-26dbad0181b4", "sku": "ELE-GFCI15-01", "name": "Leviton GFCI 15A Outlet White", "quantity": 2, "unit_price": 18.99, "cost": 10.5, "unit": "each", "reason": "damaged", "notes": "Cracked faceplates on arrival"}]', 37.98, 3.8, 41.78, 21.0, 'damaged', 'Cracked faceplates on arrival', '3a827fe5-ec2d-4736-9a83-c69f77f55a93', 'db3a2209-7b14-42e3-9c7b-8ab0b774f22b', 'Marcus Chen', 'supply-yard', '2026-03-08T12:00:00+00:00', '2026-03-08T12:00:00+00:00') ON CONFLICT DO NOTHING;
INSERT INTO credit_notes (id, credit_note_number, invoice_id, return_id, billing_entity, billing_entity_id, status, subtotal, tax, total, xero_sync_status, organization_id, created_at, updated_at) VALUES ('3a827fe5-ec2d-4736-9a83-c69f77f55a93', 'CN-00001', '5882176f-2785-46be-be3c-230d0a157e54', 'db1703c1-a084-4bc6-9c6b-106569bc9c02', 'Riva Ridge Property Mgmt', '072f39cd-940f-46a5-8555-7158d5a2be31', 'applied', 37.98, 3.8, 41.78, 'synced', 'supply-yard', '2026-03-08T12:00:00+00:00', '2026-03-08T12:00:00+00:00') ON CONFLICT DO NOTHING;
INSERT INTO stock_transactions (id, sku_id, sku, product_name, quantity_delta, quantity_before, quantity_after, unit, transaction_type, reference_id, reference_type, user_id, user_name, organization_id, created_at, original_quantity, original_unit) VALUES ('8d3bc6b2-67d5-49aa-9c1c-c9c910c33408', 'f509e4c3-86ae-4a0a-9dcd-0d4d4c4b5e51', 'PLP-PEXTUBE-01', 'PEX-A Tubing 1/2" x 100ft Red', -2, 15, 13, 'foot', 'withdrawal', '67cc2888-01b0-4f6d-9eb1-b5bceca709ed', 'withdrawal', 'db3a2209-7b14-42e3-9c7b-8ab0b774f22b', 'Marcus Chen', 'supply-yard', '2026-03-05T12:00:00+00:00', 2, 'foot') ON CONFLICT DO NOTHING;
INSERT INTO stock_transactions (id, sku_id, sku, product_name, quantity_delta, quantity_before, quantity_after, unit, transaction_type, reference_id, reference_type, user_id, user_name, organization_id, created_at, original_quantity, original_unit) VALUES ('81bd68bf-dc46-410c-bac9-ed79d802f660', '3d59ce91-308a-4749-bb99-4c8b03d284d8', 'PLF-SHRKBT90-01', 'SharkBite 1/2" 90-Degree Elbow', -10, 45, 35, 'each', 'withdrawal', '67cc2888-01b0-4f6d-9eb1-b5bceca709ed', 'withdrawal', 'db3a2209-7b14-42e3-9c7b-8ab0b774f22b', 'Marcus Chen', 'supply-yard', '2026-03-05T12:00:00+00:00', 10, 'each') ON CONFLICT DO NOTHING;
INSERT INTO stock_transactions (id, sku_id, sku, product_name, quantity_delta, quantity_before, quantity_after, unit, transaction_type, reference_id, reference_type, user_id, user_name, organization_id, created_at, original_quantity, original_unit) VALUES ('18c6a17c-f8a4-48da-b528-94a4aebc2820', 'eaba46e1-5256-40c5-b280-6d8b71cba485', 'PLF-SHRKBTT-01', 'SharkBite 1/2" Tee', -6, 38, 32, 'each', 'withdrawal', '67cc2888-01b0-4f6d-9eb1-b5bceca709ed', 'withdrawal', 'db3a2209-7b14-42e3-9c7b-8ab0b774f22b', 'Marcus Chen', 'supply-yard', '2026-03-05T12:00:00+00:00', 6, 'each') ON CONFLICT DO NOTHING;
