INSERT INTO withdrawals (id, items, job_id, service_address, subtotal, tax, tax_rate, total, cost_total, contractor_id, contractor_name, contractor_company, billing_entity, billing_entity_id, payment_status, invoice_id, paid_at, processed_by_id, processed_by_name, organization_id, created_at) VALUES ('b65a99f4-d274-4041-bba8-c07ec78cbf76', '[{"sku_id": "346fdc27-3bf0-4af2-924e-7091a39b49f0", "sku": "ELW-ROMEX12-01", "name": "Romex 12/2 NM-B 250ft", "quantity": 1, "unit_price": 119.99, "cost": 72.0, "unit": "foot", "sell_uom": "250ft_spool", "sell_cost": 72.0, "subtotal": 119.99, "cost_total": 72.0}, {"sku_id": "9e43da00-6093-4bc3-87e2-dc0007d95a73", "sku": "ELE-GFCI15-01", "name": "Leviton GFCI 15A Outlet White", "quantity": 6, "unit_price": 18.99, "cost": 10.5, "unit": "each", "sell_uom": "each", "sell_cost": 10.5, "subtotal": 113.94, "cost_total": 63.0}, {"sku_id": "b878533e-062c-4c6e-ace8-4c561a3d0821", "sku": "ELE-DECORASW-02", "name": "Leviton Decora 15A Switch Ivory", "quantity": 10, "unit_price": 3.29, "cost": 1.6, "unit": "each", "sell_uom": "each", "sell_cost": 1.6, "subtotal": 32.9, "cost_total": 16.0}]', 'SP-2026-002', '345 Pine Ridge Rd, Aspen CO', 266.83, 26.68, 0.10, 293.51, 151.0, '0565b2d4-2c7d-4b5e-9aa7-a2a05d387224', 'Sarah Okafor', '', 'Summit Property Group', '77cd2847-439e-4597-a686-1c36171e8a26', 'unpaid', NULL, NULL, 'db3a2209-7b14-42e3-9c7b-8ab0b774f22b', 'Marcus Chen', 'supply-yard', '2026-03-14T12:00:00+00:00') ON CONFLICT DO NOTHING;
INSERT INTO withdrawals (id, items, job_id, service_address, subtotal, tax, tax_rate, total, cost_total, contractor_id, contractor_name, contractor_company, billing_entity, billing_entity_id, payment_status, invoice_id, paid_at, processed_by_id, processed_by_name, organization_id, created_at) VALUES ('0997ccd3-c21b-4ff3-b413-6ca5a35504fd', '[{"sku_id": "ecd23bc8-eb47-4209-a297-fff4ca80b6ac", "sku": "PNT-SWSUPER-03", "name": "SW SuperPaint Exterior Flat - Gallon", "quantity": 4, "unit_price": 58.99, "cost": 36.0, "unit": "gallon", "sell_uom": "gallon", "sell_cost": 36.0, "subtotal": 235.96, "cost_total": 144.0}, {"sku_id": "1e0588fa-7c95-4f29-9514-e8dd6eca0f34", "sku": "PNS-ROLLER9-01", "name": "Purdy White Dove 9\" Roller Cover 3/8\" Nap", "quantity": 6, "unit_price": 8.99, "cost": 4.2, "unit": "each", "sell_uom": "each", "sell_cost": 4.2, "subtotal": 53.94, "cost_total": 25.2}, {"sku_id": "3fe0349e-a40d-4095-8a33-4e3f5210e8ec", "sku": "PNS-ROLLER9-02", "name": "Purdy White Dove 9\" Roller Cover 1/2\" Nap", "quantity": 4, "unit_price": 9.49, "cost": 4.5, "unit": "each", "sell_uom": "each", "sell_cost": 4.5, "subtotal": 37.96, "cost_total": 18.0}, {"sku_id": "289216cb-2c90-40ae-b762-69a374a7aa60", "sku": "CLN-PREPWIPE-01", "name": "Sherwin-Williams Prep & Cleanup Wipes", "quantity": 3, "unit_price": 9.99, "cost": 5.2, "unit": "pack", "sell_uom": "pack", "sell_cost": 5.2, "subtotal": 29.97, "cost_total": 15.6}]', 'CL-2026-001', '45 Ocean Ave, Monterey CA', 357.83, 35.78, 0.10, 393.61, 202.8, '4d5ff6c9-6ac2-4929-bd5f-e4197c10d009', 'Mike Torres', '', 'Coastal Living Rentals', '3766b68c-ffd8-4541-a241-f9f10e1e65e0', 'paid', 'f6c2d999-9a6b-45ff-beb3-31de09384886', '2026-03-16T12:00:00+00:00', 'db3a2209-7b14-42e3-9c7b-8ab0b774f22b', 'Marcus Chen', 'supply-yard', '2026-03-10T12:00:00+00:00') ON CONFLICT DO NOTHING;
INSERT INTO withdrawals (id, items, job_id, service_address, subtotal, tax, tax_rate, total, cost_total, contractor_id, contractor_name, contractor_company, billing_entity, billing_entity_id, payment_status, invoice_id, paid_at, processed_by_id, processed_by_name, organization_id, created_at) VALUES ('8bcbbdf6-75b3-4ce6-ba54-dfd37a8fc22d', '[{"sku_id": "da4457b6-d9f4-4416-9c4d-a6ec64f3165a", "sku": "SAF-KIDDESM-01", "name": "Kidde Hardwired Smoke + CO Detector", "quantity": 3, "unit_price": 42.99, "cost": 28.0, "unit": "each", "sell_uom": "each", "sell_cost": 28.0, "subtotal": 128.97, "cost_total": 84.0}, {"sku_id": "61716a2f-3bc2-4bac-b5b2-b6e10d75e99d", "sku": "LOK-KWIKDBL-01", "name": "Kwikset Deadbolt Satin Nickel", "quantity": 2, "unit_price": 29.99, "cost": 16.0, "unit": "each", "sell_uom": "each", "sell_cost": 16.0, "subtotal": 59.98, "cost_total": 32.0}, {"sku_id": "1106f62b-d029-4dd1-a380-682f2c5bc9f7", "sku": "ADH-LIQNAIL-01", "name": "Liquid Nails Heavy Duty 10oz", "quantity": 4, "unit_price": 5.49, "cost": 2.8, "unit": "tube", "sell_uom": "tube", "sell_cost": 2.8, "subtotal": 21.96, "cost_total": 11.2}]', 'RR-2026-001', '1200 Mountain View Dr, Unit 4A, Vail CO', 210.91, 21.09, 0.10, 232.0, 127.2, '4d5ff6c9-6ac2-4929-bd5f-e4197c10d009', 'Mike Torres', '', 'Riva Ridge Property Mgmt', '072f39cd-940f-46a5-8555-7158d5a2be31', 'unpaid', NULL, NULL, 'db3a2209-7b14-42e3-9c7b-8ab0b774f22b', 'Marcus Chen', 'supply-yard', '2026-03-16T12:00:00+00:00') ON CONFLICT DO NOTHING;
INSERT INTO withdrawal_items (id, withdrawal_id, sku_id, sku, name, quantity, unit_price, cost, unit, amount, cost_total, sell_uom, sell_cost) VALUES ('bffa336c-eeab-458f-bc33-14548f015727', '67cc2888-01b0-4f6d-9eb1-b5bceca709ed', 'f509e4c3-86ae-4a0a-9dcd-0d4d4c4b5e51', 'PLP-PEXTUBE-01', 'PEX-A Tubing 1/2" x 100ft Red', 2, 42.99, 24.5, 'foot', 85.98, 49.0, '100ft_coil', 24.5) ON CONFLICT DO NOTHING;
INSERT INTO withdrawal_items (id, withdrawal_id, sku_id, sku, name, quantity, unit_price, cost, unit, amount, cost_total, sell_uom, sell_cost) VALUES ('815d2bbc-bb28-42c9-ac2b-b3253e74b9b5', '67cc2888-01b0-4f6d-9eb1-b5bceca709ed', '3d59ce91-308a-4749-bb99-4c8b03d284d8', 'PLF-SHRKBT90-01', 'SharkBite 1/2" 90-Degree Elbow', 10, 8.49, 4.8, 'each', 84.9, 48.0, 'each', 4.8) ON CONFLICT DO NOTHING;
INSERT INTO withdrawal_items (id, withdrawal_id, sku_id, sku, name, quantity, unit_price, cost, unit, amount, cost_total, sell_uom, sell_cost) VALUES ('3bdf8f30-771d-4525-b7c8-432bb2a6cb62', '67cc2888-01b0-4f6d-9eb1-b5bceca709ed', 'eaba46e1-5256-40c5-b280-6d8b71cba485', 'PLF-SHRKBTT-01', 'SharkBite 1/2" Tee', 6, 9.99, 5.6, 'each', 59.94, 33.6, 'each', 5.6) ON CONFLICT DO NOTHING;
INSERT INTO withdrawal_items (id, withdrawal_id, sku_id, sku, name, quantity, unit_price, cost, unit, amount, cost_total, sell_uom, sell_cost) VALUES ('95edce37-4ad7-450c-b4f9-abf74174525b', '73606422-b21e-4390-9a29-4a10926b44f4', '2e058e41-1d23-4362-8cfa-203f6dd74d1d', 'ELE-DECORASW-01', 'Leviton Decora 15A Switch White', 8, 3.29, 1.6, 'each', 26.32, 12.8, 'each', 1.6) ON CONFLICT DO NOTHING;
INSERT INTO withdrawal_items (id, withdrawal_id, sku_id, sku, name, quantity, unit_price, cost, unit, amount, cost_total, sell_uom, sell_cost) VALUES ('bd1ed218-fdd3-4412-8574-697f4364410d', '73606422-b21e-4390-9a29-4a10926b44f4', '9e43da00-6093-4bc3-87e2-dc0007d95a73', 'ELE-GFCI15-01', 'Leviton GFCI 15A Outlet White', 4, 18.99, 10.5, 'each', 75.96, 42.0, 'each', 10.5) ON CONFLICT DO NOTHING;
INSERT INTO withdrawal_items (id, withdrawal_id, sku_id, sku, name, quantity, unit_price, cost, unit, amount, cost_total, sell_uom, sell_cost) VALUES ('d0df463d-5185-4520-8667-dcbffca4e6a1', '73606422-b21e-4390-9a29-4a10926b44f4', '97ad374e-3173-4994-b4ac-1f45ce5fbdf1', 'ELW-ROMEX14-01', 'Romex 14/2 NM-B 250ft', 1, 89.99, 52.0, 'foot', 89.99, 52.0, '250ft_spool', 52.0) ON CONFLICT DO NOTHING;
INSERT INTO withdrawal_items (id, withdrawal_id, sku_id, sku, name, quantity, unit_price, cost, unit, amount, cost_total, sell_uom, sell_cost) VALUES ('b52e71d9-f07c-471d-9073-96a42b76ad60', '9e9e3561-4b08-483e-afa1-f286f4ea67fe', '77b57bd9-5f31-4658-91c1-293dc8c5aa09', 'BLD-DRYWALL-01', '1/2" x 4x8 Drywall Sheet', 12, 14.99, 8.2, 'sheet', 179.88, 98.4, 'sheet', 8.2) ON CONFLICT DO NOTHING;
INSERT INTO withdrawal_items (id, withdrawal_id, sku_id, sku, name, quantity, unit_price, cost, unit, amount, cost_total, sell_uom, sell_cost) VALUES ('3303a613-c0c5-464b-8216-f6ecfed1d48d', '9e9e3561-4b08-483e-afa1-f286f4ea67fe', 'c2286267-8087-4e4b-b5f4-77a514a346d2', 'FAS-DRYSCR-01', '#6 x 1-5/8" Drywall Screw 1lb', 4, 5.99, 2.8, 'box', 23.96, 11.2, 'box', 2.8) ON CONFLICT DO NOTHING;
INSERT INTO withdrawal_items (id, withdrawal_id, sku_id, sku, name, quantity, unit_price, cost, unit, amount, cost_total, sell_uom, sell_cost) VALUES ('888ce104-8c7c-4257-b1fb-071b96a7aa78', '9e9e3561-4b08-483e-afa1-f286f4ea67fe', '561109f0-aff5-4697-b83a-47203273858d', 'DRM-JNTCMPD-01', 'USG Plus 3 Joint Compound 4.5gal', 2, 18.99, 10.4, 'bucket', 37.98, 20.8, 'bucket', 10.4) ON CONFLICT DO NOTHING;
INSERT INTO withdrawal_items (id, withdrawal_id, sku_id, sku, name, quantity, unit_price, cost, unit, amount, cost_total, sell_uom, sell_cost) VALUES ('5023e3ec-26b5-41be-8e0d-2831f0f3cb24', '9e9e3561-4b08-483e-afa1-f286f4ea67fe', '04d47b88-51b5-4b59-bcf5-f1710b43575b', 'DRS-DRYTAPE-01', 'FibaTape Mesh Drywall Tape 300ft', 3, 6.99, 3.2, 'roll', 20.97, 9.6, 'roll', 3.2) ON CONFLICT DO NOTHING;
INSERT INTO withdrawal_items (id, withdrawal_id, sku_id, sku, name, quantity, unit_price, cost, unit, amount, cost_total, sell_uom, sell_cost) VALUES ('b7784a18-a48e-4337-a386-c49285acf2c1', '90610e8b-490d-482d-8155-11470b6e8f1f', '25e18161-d12e-46f7-862c-9d52a09b30f1', 'LUM-PTDECK-01', '5/4x6x12 PT Deck Board', 20, 14.99, 8.8, 'each', 299.8, 176.0, 'each', 8.8) ON CONFLICT DO NOTHING;
INSERT INTO withdrawal_items (id, withdrawal_id, sku_id, sku, name, quantity, unit_price, cost, unit, amount, cost_total, sell_uom, sell_cost) VALUES ('437c1c1b-2350-42fe-ba54-7c23816cda64', '90610e8b-490d-482d-8155-11470b6e8f1f', 'dcd16a65-d759-4885-a31b-a39548631179', 'LUM-PTDECK-02', '5/4x6x16 PT Deck Board', 8, 19.99, 11.6, 'each', 159.92, 92.8, 'each', 11.6) ON CONFLICT DO NOTHING;
INSERT INTO withdrawal_items (id, withdrawal_id, sku_id, sku, name, quantity, unit_price, cost, unit, amount, cost_total, sell_uom, sell_cost) VALUES ('9fe38d70-8668-43e7-a3db-103fab2f30ad', '90610e8b-490d-482d-8155-11470b6e8f1f', 'df11d827-c5cf-487d-8bc2-ff34a4cf1af0', 'FAS-DECKSCR-01', 'GRK #8 x 2-1/2" Deck Screw 100pk', 6, 14.99, 7.8, 'box', 89.94, 46.8, 'box', 7.8) ON CONFLICT DO NOTHING;
INSERT INTO withdrawal_items (id, withdrawal_id, sku_id, sku, name, quantity, unit_price, cost, unit, amount, cost_total, sell_uom, sell_cost) VALUES ('01951f78-f13f-4593-820a-f3333374bcfb', 'f480acbb-1d1d-49d8-b221-f93523da5ffe', '021d2901-91f5-436f-bdcb-466d8e4325d4', 'LUM-STUDS2X4-01', '2x4x8 SPF Stud', 12, 4.29, 2.4, 'each', 51.48, 28.8, 'each', 2.4) ON CONFLICT DO NOTHING;
INSERT INTO withdrawal_items (id, withdrawal_id, sku_id, sku, name, quantity, unit_price, cost, unit, amount, cost_total, sell_uom, sell_cost) VALUES ('da609c9a-1fb8-4555-9c71-478e8d3df3ce', 'f480acbb-1d1d-49d8-b221-f93523da5ffe', '8fa78caf-7e72-420e-976b-ec12b14132d4', 'LUM-STUDS2X6-01', '2x6x8 SPF', 8, 6.99, 4.0, 'each', 55.92, 32.0, 'each', 4.0) ON CONFLICT DO NOTHING;
INSERT INTO withdrawal_items (id, withdrawal_id, sku_id, sku, name, quantity, unit_price, cost, unit, amount, cost_total, sell_uom, sell_cost) VALUES ('ec8fd3e9-fb85-4c53-9e2c-1930234bf228', 'f480acbb-1d1d-49d8-b221-f93523da5ffe', '755a6c4b-5cd1-4af7-bcbe-836dfe26b67c', 'CON-QUIKSET-01', 'Quikrete Fast-Setting Concrete 50lb', 6, 7.49, 4.1, 'bag', 44.94, 24.6, 'bag', 4.1) ON CONFLICT DO NOTHING;
INSERT INTO withdrawal_items (id, withdrawal_id, sku_id, sku, name, quantity, unit_price, cost, unit, amount, cost_total, sell_uom, sell_cost) VALUES ('089f1a78-549a-41e0-aaab-7c36085db687', 'b65a99f4-d274-4041-bba8-c07ec78cbf76', '346fdc27-3bf0-4af2-924e-7091a39b49f0', 'ELW-ROMEX12-01', 'Romex 12/2 NM-B 250ft', 1, 119.99, 72.0, 'foot', 119.99, 72.0, '250ft_spool', 72.0) ON CONFLICT DO NOTHING;
INSERT INTO withdrawal_items (id, withdrawal_id, sku_id, sku, name, quantity, unit_price, cost, unit, amount, cost_total, sell_uom, sell_cost) VALUES ('9edb3fb6-cfda-4a0b-ab5d-dfc3deadfa3b', 'b65a99f4-d274-4041-bba8-c07ec78cbf76', '9e43da00-6093-4bc3-87e2-dc0007d95a73', 'ELE-GFCI15-01', 'Leviton GFCI 15A Outlet White', 6, 18.99, 10.5, 'each', 113.94, 63.0, 'each', 10.5) ON CONFLICT DO NOTHING;
INSERT INTO withdrawal_items (id, withdrawal_id, sku_id, sku, name, quantity, unit_price, cost, unit, amount, cost_total, sell_uom, sell_cost) VALUES ('ebb87b46-c842-49f8-b3f7-aa58aee653e8', 'b65a99f4-d274-4041-bba8-c07ec78cbf76', 'b878533e-062c-4c6e-ace8-4c561a3d0821', 'ELE-DECORASW-02', 'Leviton Decora 15A Switch Ivory', 10, 3.29, 1.6, 'each', 32.9, 16.0, 'each', 1.6) ON CONFLICT DO NOTHING;
INSERT INTO withdrawal_items (id, withdrawal_id, sku_id, sku, name, quantity, unit_price, cost, unit, amount, cost_total, sell_uom, sell_cost) VALUES ('ab0eaf94-ea6f-4561-a1e3-dc8e0f709987', '0997ccd3-c21b-4ff3-b413-6ca5a35504fd', 'ecd23bc8-eb47-4209-a297-fff4ca80b6ac', 'PNT-SWSUPER-03', 'SW SuperPaint Exterior Flat - Gallon', 4, 58.99, 36.0, 'gallon', 235.96, 144.0, 'gallon', 36.0) ON CONFLICT DO NOTHING;
INSERT INTO withdrawal_items (id, withdrawal_id, sku_id, sku, name, quantity, unit_price, cost, unit, amount, cost_total, sell_uom, sell_cost) VALUES ('901da2fe-fcf6-4875-8a62-9526349eb4c9', '0997ccd3-c21b-4ff3-b413-6ca5a35504fd', '1e0588fa-7c95-4f29-9514-e8dd6eca0f34', 'PNS-ROLLER9-01', 'Purdy White Dove 9" Roller Cover 3/8" Nap', 6, 8.99, 4.2, 'each', 53.94, 25.2, 'each', 4.2) ON CONFLICT DO NOTHING;
INSERT INTO withdrawal_items (id, withdrawal_id, sku_id, sku, name, quantity, unit_price, cost, unit, amount, cost_total, sell_uom, sell_cost) VALUES ('11e9f550-dd12-488a-8023-9a509971b69d', '0997ccd3-c21b-4ff3-b413-6ca5a35504fd', '3fe0349e-a40d-4095-8a33-4e3f5210e8ec', 'PNS-ROLLER9-02', 'Purdy White Dove 9" Roller Cover 1/2" Nap', 4, 9.49, 4.5, 'each', 37.96, 18.0, 'each', 4.5) ON CONFLICT DO NOTHING;
INSERT INTO withdrawal_items (id, withdrawal_id, sku_id, sku, name, quantity, unit_price, cost, unit, amount, cost_total, sell_uom, sell_cost) VALUES ('8ae61cc0-b70a-4b60-8733-cdaa00ca0529', '0997ccd3-c21b-4ff3-b413-6ca5a35504fd', '289216cb-2c90-40ae-b762-69a374a7aa60', 'CLN-PREPWIPE-01', 'Sherwin-Williams Prep & Cleanup Wipes', 3, 9.99, 5.2, 'pack', 29.97, 15.6, 'pack', 5.2) ON CONFLICT DO NOTHING;
INSERT INTO withdrawal_items (id, withdrawal_id, sku_id, sku, name, quantity, unit_price, cost, unit, amount, cost_total, sell_uom, sell_cost) VALUES ('fd04744a-b585-422d-abdf-a7db3f93105d', '8bcbbdf6-75b3-4ce6-ba54-dfd37a8fc22d', 'da4457b6-d9f4-4416-9c4d-a6ec64f3165a', 'SAF-KIDDESM-01', 'Kidde Hardwired Smoke + CO Detector', 3, 42.99, 28.0, 'each', 128.97, 84.0, 'each', 28.0) ON CONFLICT DO NOTHING;
INSERT INTO withdrawal_items (id, withdrawal_id, sku_id, sku, name, quantity, unit_price, cost, unit, amount, cost_total, sell_uom, sell_cost) VALUES ('cee2d15f-5378-4429-bdd4-c939c53f6e1b', '8bcbbdf6-75b3-4ce6-ba54-dfd37a8fc22d', '61716a2f-3bc2-4bac-b5b2-b6e10d75e99d', 'LOK-KWIKDBL-01', 'Kwikset Deadbolt Satin Nickel', 2, 29.99, 16.0, 'each', 59.98, 32.0, 'each', 16.0) ON CONFLICT DO NOTHING;
INSERT INTO withdrawal_items (id, withdrawal_id, sku_id, sku, name, quantity, unit_price, cost, unit, amount, cost_total, sell_uom, sell_cost) VALUES ('46f7badf-1910-4170-ad53-23ff4ca1d925', '8bcbbdf6-75b3-4ce6-ba54-dfd37a8fc22d', '1106f62b-d029-4dd1-a380-682f2c5bc9f7', 'ADH-LIQNAIL-01', 'Liquid Nails Heavy Duty 10oz', 4, 5.49, 2.8, 'tube', 21.96, 11.2, 'tube', 2.8) ON CONFLICT DO NOTHING;
INSERT INTO material_requests (id, contractor_id, contractor_name, items, status, job_id, service_address, created_at, organization_id) VALUES ('a668af26-a644-475f-bcd6-b8588954c278', '0565b2d4-2c7d-4b5e-9aa7-a2a05d387224', 'Sarah Okafor', '[{"sku_id": "8f11b463-0036-4ced-80f2-8e675876e1cc", "sku": "INS-OWENR15-01", "name": "Owens Corning R-15 3.5\" x 15\" x 93\" 8-pack", "quantity": 4, "unit_price": 49.99, "cost": 0, "unit": "pack", "sell_uom": "pack", "sell_cost": 0, "subtotal": 199.96, "cost_total": 0}]', 'pending', 'SP-2026-001', '345 Pine Ridge Rd, Aspen CO', '2026-03-17T06:00:00+00:00', 'supply-yard') ON CONFLICT DO NOTHING;
INSERT INTO material_requests (id, contractor_id, contractor_name, items, status, job_id, service_address, created_at, processed_at, processed_by_id, organization_id) VALUES ('c07c9813-2500-438c-84ea-1357159436ca', '4d5ff6c9-6ac2-4929-bd5f-e4197c10d009', 'Mike Torres', '[{"sku_id": "d9760d12-941d-4e8b-a79f-fe85d933d7db", "sku": "FLO-LVPOAK-01", "name": "LifeProof Sterling Oak LVP 20.06sqft", "quantity": 6, "unit_price": 42.99, "cost": 0, "unit": "box", "sell_uom": "box", "sell_cost": 0, "subtotal": 257.94, "cost_total": 0}]', 'processed', 'RR-2026-001', '1200 Mountain View Dr, Unit 4A, Vail CO', '2026-03-15T12:00:00+00:00', '2026-03-16T12:00:00+00:00', 'db3a2209-7b14-42e3-9c7b-8ab0b774f22b', 'supply-yard') ON CONFLICT DO NOTHING;
INSERT INTO invoices (id, invoice_number, billing_entity, billing_entity_id, contact_name, contact_email, status, subtotal, tax, tax_rate, total, amount_credited, invoice_date, due_date, payment_terms, billing_address, currency, xero_sync_status, organization_id, created_at, updated_at) VALUES ('72aab2b5-a689-4f6e-bb34-98e709c9f4fe', 'INV-00001', 'Riva Ridge Property Mgmt', '072f39cd-940f-46a5-8555-7158d5a2be31', 'Mike Torres', 'mike@rivridge.com', 'paid', 230.82, 23.08, 0.10, 253.9, 0, '2026-03-05T12:00:00+00:00', '2026-04-04T12:00:00+00:00', 'net_30', '1200 Mountain View Dr, Ste 400, Vail CO 81657', 'USD', 'synced', 'supply-yard', '2026-03-05T12:00:00+00:00', '2026-03-12T12:00:00+00:00') ON CONFLICT DO NOTHING;
INSERT INTO invoices (id, invoice_number, billing_entity, billing_entity_id, contact_name, contact_email, status, subtotal, tax, tax_rate, total, amount_credited, invoice_date, due_date, payment_terms, billing_address, currency, approved_by_id, approved_at, xero_sync_status, organization_id, created_at, updated_at) VALUES ('5882176f-2785-46be-be3c-230d0a157e54', 'INV-00002', 'Riva Ridge Property Mgmt', '072f39cd-940f-46a5-8555-7158d5a2be31', 'Mike Torres', 'mike@rivridge.com', 'approved', 455.06, 45.51, 0.10, 500.57, 0, '2026-03-09T12:00:00+00:00', '2026-04-08T12:00:00+00:00', 'net_30', '1200 Mountain View Dr, Ste 400, Vail CO 81657', 'USD', 'db3a2209-7b14-42e3-9c7b-8ab0b774f22b', '2026-03-10T12:00:00+00:00', 'synced', 'supply-yard', '2026-03-09T12:00:00+00:00', '2026-03-10T12:00:00+00:00') ON CONFLICT DO NOTHING;
INSERT INTO invoices (id, invoice_number, billing_entity, billing_entity_id, contact_name, contact_email, status, subtotal, tax, tax_rate, total, amount_credited, invoice_date, due_date, payment_terms, billing_address, currency, xero_sync_status, organization_id, created_at, updated_at) VALUES ('f6c2d999-9a6b-45ff-beb3-31de09384886', 'INV-00003', 'Coastal Living Rentals', '3766b68c-ffd8-4541-a241-f9f10e1e65e0', 'Jenna Park', 'jenna@coastalrentals.com', 'paid', 357.83, 35.78, 0.10, 393.61, 0, '2026-03-10T12:00:00+00:00', '2026-03-25T12:00:00+00:00', 'net_15', '45 Ocean Ave, Ste 3, Monterey CA 93940', 'USD', 'synced', 'supply-yard', '2026-03-10T12:00:00+00:00', '2026-03-16T12:00:00+00:00') ON CONFLICT DO NOTHING;
INSERT INTO invoices (id, invoice_number, billing_entity, billing_entity_id, contact_name, contact_email, status, subtotal, tax, tax_rate, total, amount_credited, invoice_date, due_date, payment_terms, billing_address, currency, xero_sync_status, organization_id, created_at, updated_at) VALUES ('25e3e4a5-4000-4cc0-bcd0-6888c2aa0678', 'INV-00004', 'Summit Property Group', '77cd2847-439e-4597-a686-1c36171e8a26', 'Sarah Okafor', 'sarah@summitpm.com', 'draft', 702.0, 70.2, 0.10, 772.2, 0, '2026-03-15T12:00:00+00:00', '2026-04-14T12:00:00+00:00', 'net_30', '890 Summit Blvd, Ste 12, Aspen CO 81611', 'USD', 'pending', 'supply-yard', '2026-03-15T12:00:00+00:00', '2026-03-15T12:00:00+00:00') ON CONFLICT DO NOTHING;
INSERT INTO invoice_withdrawals (invoice_id, withdrawal_id) VALUES ('72aab2b5-a689-4f6e-bb34-98e709c9f4fe', '67cc2888-01b0-4f6d-9eb1-b5bceca709ed') ON CONFLICT DO NOTHING;
INSERT INTO invoice_withdrawals (invoice_id, withdrawal_id) VALUES ('5882176f-2785-46be-be3c-230d0a157e54', '73606422-b21e-4390-9a29-4a10926b44f4') ON CONFLICT DO NOTHING;
INSERT INTO invoice_withdrawals (invoice_id, withdrawal_id) VALUES ('5882176f-2785-46be-be3c-230d0a157e54', '9e9e3561-4b08-483e-afa1-f286f4ea67fe') ON CONFLICT DO NOTHING;
INSERT INTO invoice_withdrawals (invoice_id, withdrawal_id) VALUES ('f6c2d999-9a6b-45ff-beb3-31de09384886', '0997ccd3-c21b-4ff3-b413-6ca5a35504fd') ON CONFLICT DO NOTHING;
INSERT INTO invoice_withdrawals (invoice_id, withdrawal_id) VALUES ('25e3e4a5-4000-4cc0-bcd0-6888c2aa0678', '90610e8b-490d-482d-8155-11470b6e8f1f') ON CONFLICT DO NOTHING;
INSERT INTO invoice_withdrawals (invoice_id, withdrawal_id) VALUES ('25e3e4a5-4000-4cc0-bcd0-6888c2aa0678', 'f480acbb-1d1d-49d8-b221-f93523da5ffe') ON CONFLICT DO NOTHING;
INSERT INTO invoice_line_items (id, invoice_id, description, quantity, unit_price, amount, cost, sku_id, job_id, unit, sell_cost) VALUES ('b49445f0-8dff-4a0a-bf21-7ac5070ef2e6', '72aab2b5-a689-4f6e-bb34-98e709c9f4fe', 'PEX-A Tubing 1/2" x 100ft Red', 2, 42.99, 85.98, 24.5, 'de51abcf-cdae-4525-8d62-5c78e44c1195', 'RR-2026-001', 'foot', 24.5) ON CONFLICT DO NOTHING;
INSERT INTO invoice_line_items (id, invoice_id, description, quantity, unit_price, amount, cost, sku_id, job_id, unit, sell_cost) VALUES ('eae6c7bf-e293-4920-8381-42f6f1dee3f1', '72aab2b5-a689-4f6e-bb34-98e709c9f4fe', 'SharkBite 1/2" 90-Degree Elbow', 10, 8.49, 84.9, 4.8, '61b05898-68ef-445c-84d9-360d6591ec18', 'RR-2026-001', 'each', 4.8) ON CONFLICT DO NOTHING;
INSERT INTO invoice_line_items (id, invoice_id, description, quantity, unit_price, amount, cost, sku_id, job_id, unit, sell_cost) VALUES ('3cb1edfc-073e-46a8-a39f-8735c59896ed', '72aab2b5-a689-4f6e-bb34-98e709c9f4fe', 'SharkBite 1/2" Tee', 6, 9.99, 59.94, 5.6, '40d894bc-f9cf-4214-91f9-121c017491db', 'RR-2026-001', 'each', 5.6) ON CONFLICT DO NOTHING;
INSERT INTO invoice_line_items (id, invoice_id, description, quantity, unit_price, amount, cost, sku_id, job_id, unit, sell_cost) VALUES ('29b2f6a8-97f9-47e2-aa6a-3885a5170e1e', '5882176f-2785-46be-be3c-230d0a157e54', 'Leviton Decora 15A Switch White', 8, 3.29, 26.32, 1.6, '6ae33a60-5957-48bc-a4b3-d2be8eb1521e', 'RR-2026-001', 'each', 1.6) ON CONFLICT DO NOTHING;
INSERT INTO invoice_line_items (id, invoice_id, description, quantity, unit_price, amount, cost, sku_id, job_id, unit, sell_cost) VALUES ('cfe31e43-23ad-479c-b13f-e496eea16ff3', '5882176f-2785-46be-be3c-230d0a157e54', 'Leviton GFCI 15A Outlet White', 4, 18.99, 75.96, 10.5, '53b5debc-f818-43ce-add8-2666a06ad6ff', 'RR-2026-001', 'each', 10.5) ON CONFLICT DO NOTHING;
INSERT INTO invoice_line_items (id, invoice_id, description, quantity, unit_price, amount, cost, sku_id, job_id, unit, sell_cost) VALUES ('3a89295e-0271-4042-97a4-16dbccc2895b', '5882176f-2785-46be-be3c-230d0a157e54', 'Romex 14/2 NM-B 250ft', 1, 89.99, 89.99, 52.0, '3f6231bd-49c5-4af3-969e-0b52da8d9977', 'RR-2026-001', 'foot', 52.0) ON CONFLICT DO NOTHING;
INSERT INTO invoice_line_items (id, invoice_id, description, quantity, unit_price, amount, cost, sku_id, job_id, unit, sell_cost) VALUES ('baf3853d-1000-414c-b6a3-f30ad8fbaf77', '5882176f-2785-46be-be3c-230d0a157e54', '1/2" x 4x8 Drywall Sheet', 12, 14.99, 179.88, 8.2, '3b4751d2-aa8c-41bb-bdb0-7f84b62b703b', 'RR-2026-002', 'sheet', 8.2) ON CONFLICT DO NOTHING;
INSERT INTO invoice_line_items (id, invoice_id, description, quantity, unit_price, amount, cost, sku_id, job_id, unit, sell_cost) VALUES ('768ba5b6-b7f0-4b1a-b0fe-6dc9e9fc818d', '5882176f-2785-46be-be3c-230d0a157e54', '#6 x 1-5/8" Drywall Screw 1lb', 4, 5.99, 23.96, 2.8, '3b295ef4-d464-4be3-8dbb-e9cb6eb9a893', 'RR-2026-002', 'box', 2.8) ON CONFLICT DO NOTHING;
INSERT INTO invoice_line_items (id, invoice_id, description, quantity, unit_price, amount, cost, sku_id, job_id, unit, sell_cost) VALUES ('c5ebd458-c177-4fea-8858-da315bae0722', '5882176f-2785-46be-be3c-230d0a157e54', 'USG Plus 3 Joint Compound 4.5gal', 2, 18.99, 37.98, 10.4, '63f4bb05-e629-455c-9304-2fa2f1dbfcdd', 'RR-2026-002', 'bucket', 10.4) ON CONFLICT DO NOTHING;
INSERT INTO invoice_line_items (id, invoice_id, description, quantity, unit_price, amount, cost, sku_id, job_id, unit, sell_cost) VALUES ('c4e965a6-846d-4e14-b234-194227c9954a', '5882176f-2785-46be-be3c-230d0a157e54', 'FibaTape Mesh Drywall Tape 300ft', 3, 6.99, 20.97, 3.2, '3dc93e36-76bc-476c-91c8-b2f3cc807e02', 'RR-2026-002', 'roll', 3.2) ON CONFLICT DO NOTHING;
INSERT INTO invoice_line_items (id, invoice_id, description, quantity, unit_price, amount, cost, sku_id, job_id, unit, sell_cost) VALUES ('d4a8009a-2e44-44eb-9723-98ef2849623d', 'f6c2d999-9a6b-45ff-beb3-31de09384886', 'SW SuperPaint Exterior Flat - Gallon', 4, 58.99, 235.96, 36.0, '8767b2bd-b3f2-470c-bcbb-7074d5e2fcf3', 'CL-2026-001', 'gallon', 36.0) ON CONFLICT DO NOTHING;
INSERT INTO invoice_line_items (id, invoice_id, description, quantity, unit_price, amount, cost, sku_id, job_id, unit, sell_cost) VALUES ('7c78f1f7-df67-4b1a-8cba-233b1051639f', 'f6c2d999-9a6b-45ff-beb3-31de09384886', 'Purdy White Dove 9" Roller Cover 3/8" Nap', 6, 8.99, 53.94, 4.2, 'f0d93977-f60a-4888-bfd5-6e5a3200b363', 'CL-2026-001', 'each', 4.2) ON CONFLICT DO NOTHING;
INSERT INTO invoice_line_items (id, invoice_id, description, quantity, unit_price, amount, cost, sku_id, job_id, unit, sell_cost) VALUES ('57c5e259-e3e5-4832-8520-62490ee267e5', 'f6c2d999-9a6b-45ff-beb3-31de09384886', 'Purdy White Dove 9" Roller Cover 1/2" Nap', 4, 9.49, 37.96, 4.5, 'b7c23ed7-d7e8-4a33-b999-8765c9b85046', 'CL-2026-001', 'each', 4.5) ON CONFLICT DO NOTHING;
INSERT INTO invoice_line_items (id, invoice_id, description, quantity, unit_price, amount, cost, sku_id, job_id, unit, sell_cost) VALUES ('9119d7c6-2358-401b-8391-10d230f77a55', 'f6c2d999-9a6b-45ff-beb3-31de09384886', 'Sherwin-Williams Prep & Cleanup Wipes', 3, 9.99, 29.97, 5.2, '9f707eef-841f-4485-a3d7-af33312323cc', 'CL-2026-001', 'pack', 5.2) ON CONFLICT DO NOTHING;
INSERT INTO invoice_line_items (id, invoice_id, description, quantity, unit_price, amount, cost, sku_id, job_id, unit, sell_cost) VALUES ('763c35ae-1cf0-4e6a-89e9-5de94fe85b2a', '25e3e4a5-4000-4cc0-bcd0-6888c2aa0678', '5/4x6x12 PT Deck Board', 20, 14.99, 299.8, 8.8, 'b71af781-aa4a-41d1-bbd0-1cb3165b7be2', 'SP-2026-001', 'each', 8.8) ON CONFLICT DO NOTHING;
INSERT INTO invoice_line_items (id, invoice_id, description, quantity, unit_price, amount, cost, sku_id, job_id, unit, sell_cost) VALUES ('47f2eebc-0c14-4bf4-8d24-6abdbe3dead6', '25e3e4a5-4000-4cc0-bcd0-6888c2aa0678', '5/4x6x16 PT Deck Board', 8, 19.99, 159.92, 11.6, '4dd7d11b-b091-4579-9b55-8c3dd8db054d', 'SP-2026-001', 'each', 11.6) ON CONFLICT DO NOTHING;
INSERT INTO invoice_line_items (id, invoice_id, description, quantity, unit_price, amount, cost, sku_id, job_id, unit, sell_cost) VALUES ('024f6d8f-52a8-42c6-b41b-b7387515f269', '25e3e4a5-4000-4cc0-bcd0-6888c2aa0678', 'GRK #8 x 2-1/2" Deck Screw 100pk', 6, 14.99, 89.94, 7.8, 'ff6fee8c-806b-49a6-9f9e-fd046015cd76', 'SP-2026-001', 'box', 7.8) ON CONFLICT DO NOTHING;
INSERT INTO invoice_line_items (id, invoice_id, description, quantity, unit_price, amount, cost, sku_id, job_id, unit, sell_cost) VALUES ('0fe99692-7bed-4604-8343-d8d4d381223d', '25e3e4a5-4000-4cc0-bcd0-6888c2aa0678', '2x4x8 SPF Stud', 12, 4.29, 51.48, 2.4, '56886772-d2ff-474f-aa63-c7c14551336e', 'SP-2026-001', 'each', 2.4) ON CONFLICT DO NOTHING;
INSERT INTO invoice_line_items (id, invoice_id, description, quantity, unit_price, amount, cost, sku_id, job_id, unit, sell_cost) VALUES ('b86efb43-8ce0-4f60-b83c-de2622920516', '25e3e4a5-4000-4cc0-bcd0-6888c2aa0678', '2x6x8 SPF', 8, 6.99, 55.92, 4.0, '7c624f11-4e20-4c0f-a2f7-7c478bf4e2cf', 'SP-2026-001', 'each', 4.0) ON CONFLICT DO NOTHING;
