INSERT INTO products (id, name, description, category_id, category_name, sku_count, organization_id, created_at, updated_at) VALUES ('f1e34de7-4fca-4797-a299-85693b75968f', 'Drywall Screws', '', '7aa1e663-b73a-4b6d-9d25-d4d9b9c6e707', 'FAS', 1, 'supply-yard', '2025-09-18T12:00:00+00:00', '2025-09-18T12:00:00+00:00') ON CONFLICT DO NOTHING;
INSERT INTO skus (id, sku, product_family_id, name, description, price, cost, quantity, min_stock, category_id, category_name, barcode, base_unit, sell_uom, pack_qty, purchase_uom, purchase_pack_qty, variant_label, spec, grade, variant_attrs, organization_id, created_at, updated_at) VALUES ('c2286267-8087-4e4b-b5f4-77a514a346d2', 'FAS-DRYSCR-01', 'f1e34de7-4fca-4797-a299-85693b75968f', '#6 x 1-5/8" Drywall Screw 1lb', '', 5.99, 2.8, 40, 5, '7aa1e663-b73a-4b6d-9d25-d4d9b9c6e707', 'FAS', '0012345000131', 'box', 'box', 1, 'each', 1, '', '', '', '{"size": "#6 x 1-5/8\"", "weight": "1lb"}', 'supply-yard', '2025-09-18T12:00:00+00:00', '2026-03-16T12:00:00+00:00') ON CONFLICT DO NOTHING;
INSERT INTO products (id, name, description, category_id, category_name, sku_count, organization_id, created_at, updated_at) VALUES ('53bd4ef2-25d0-468c-b45f-5df7cbbc27d3', 'Furnace Filters', '', '84fcd511-e376-48de-a8cc-1a1554cf33c8', 'HVF', 2, 'supply-yard', '2025-09-18T12:00:00+00:00', '2025-09-18T12:00:00+00:00') ON CONFLICT DO NOTHING;
INSERT INTO skus (id, sku, product_family_id, name, description, price, cost, quantity, min_stock, category_id, category_name, barcode, base_unit, sell_uom, pack_qty, purchase_uom, purchase_pack_qty, variant_label, spec, grade, variant_attrs, organization_id, created_at, updated_at) VALUES ('87cdb1b1-fb2f-49ca-b2d6-404d63f508d6', 'HVF-FILTER16-01', '53bd4ef2-25d0-468c-b45f-5df7cbbc27d3', '16x20x1 MERV 8 Pleated Filter', '', 4.99, 2.2, 60, 5, '84fcd511-e376-48de-a8cc-1a1554cf33c8', 'HVF', '0012345000141', 'each', 'each', 1, 'each', 1, '', '', '', '{"size": "16x20x1", "merv": "8"}', 'supply-yard', '2025-09-18T12:00:00+00:00', '2026-03-16T12:00:00+00:00') ON CONFLICT DO NOTHING;
INSERT INTO skus (id, sku, product_family_id, name, description, price, cost, quantity, min_stock, category_id, category_name, barcode, base_unit, sell_uom, pack_qty, purchase_uom, purchase_pack_qty, variant_label, spec, grade, variant_attrs, organization_id, created_at, updated_at) VALUES ('9d2a2a02-3c0b-460f-a209-9a314b6f7e80', 'HVF-FILTER20-01', '53bd4ef2-25d0-468c-b45f-5df7cbbc27d3', '20x25x1 MERV 11 Pleated Filter', '', 7.99, 3.8, 40, 5, '84fcd511-e376-48de-a8cc-1a1554cf33c8', 'HVF', '0012345000142', 'each', 'each', 1, 'each', 1, '', '', '', '{"size": "20x25x1", "merv": "11"}', 'supply-yard', '2025-09-18T12:00:00+00:00', '2026-03-16T12:00:00+00:00') ON CONFLICT DO NOTHING;
INSERT INTO products (id, name, description, category_id, category_name, sku_count, organization_id, created_at, updated_at) VALUES ('4fd9e93f-8bd1-4045-a494-ae4743703af6', 'Construction Adhesive', '', '4753efba-dd4e-4b40-9c79-78c2090d1649', 'ADH', 2, 'supply-yard', '2025-09-18T12:00:00+00:00', '2025-09-18T12:00:00+00:00') ON CONFLICT DO NOTHING;
INSERT INTO skus (id, sku, product_family_id, name, description, price, cost, quantity, min_stock, category_id, category_name, barcode, base_unit, sell_uom, pack_qty, purchase_uom, purchase_pack_qty, variant_label, spec, grade, variant_attrs, organization_id, created_at, updated_at) VALUES ('1106f62b-d029-4dd1-a380-682f2c5bc9f7', 'ADH-LIQNAIL-01', '4fd9e93f-8bd1-4045-a494-ae4743703af6', 'Liquid Nails Heavy Duty 10oz', '', 5.49, 2.8, 35, 5, '4753efba-dd4e-4b40-9c79-78c2090d1649', 'ADH', '0012345000151', 'tube', 'tube', 1, 'each', 1, '', '', '', '{"volume": "10oz"}', 'supply-yard', '2025-09-18T12:00:00+00:00', '2026-03-16T12:00:00+00:00') ON CONFLICT DO NOTHING;
INSERT INTO skus (id, sku, product_family_id, name, description, price, cost, quantity, min_stock, category_id, category_name, barcode, base_unit, sell_uom, pack_qty, purchase_uom, purchase_pack_qty, variant_label, spec, grade, variant_attrs, organization_id, created_at, updated_at) VALUES ('0a489233-ff0b-478a-b6f5-874a12f2baf4', 'ADH-GORILL-01', '4fd9e93f-8bd1-4045-a494-ae4743703af6', 'Gorilla Construction Adhesive 9oz', '', 6.99, 3.6, 20, 5, '4753efba-dd4e-4b40-9c79-78c2090d1649', 'ADH', '0012345000152', 'tube', 'tube', 1, 'each', 1, '', '', '', '{"volume": "9oz"}', 'supply-yard', '2025-09-18T12:00:00+00:00', '2026-03-16T12:00:00+00:00') ON CONFLICT DO NOTHING;
INSERT INTO products (id, name, description, category_id, category_name, sku_count, organization_id, created_at, updated_at) VALUES ('20c0c853-2abc-47b6-877f-b8d008aa06ee', 'Joint Compound', '', '1776fb03-b333-4ccf-a02d-7a3f6098ba11', 'DRM', 1, 'supply-yard', '2025-09-18T12:00:00+00:00', '2025-09-18T12:00:00+00:00') ON CONFLICT DO NOTHING;
INSERT INTO skus (id, sku, product_family_id, name, description, price, cost, quantity, min_stock, category_id, category_name, barcode, base_unit, sell_uom, pack_qty, purchase_uom, purchase_pack_qty, variant_label, spec, grade, variant_attrs, organization_id, created_at, updated_at) VALUES ('561109f0-aff5-4697-b83a-47203273858d', 'DRM-JNTCMPD-01', '20c0c853-2abc-47b6-877f-b8d008aa06ee', 'USG Plus 3 Joint Compound 4.5gal', '', 18.99, 10.4, 15, 5, '1776fb03-b333-4ccf-a02d-7a3f6098ba11', 'DRM', '0012345000161', 'bucket', 'bucket', 1, 'each', 1, '', '', '', '{"weight": "4.5gal"}', 'supply-yard', '2025-09-18T12:00:00+00:00', '2026-03-16T12:00:00+00:00') ON CONFLICT DO NOTHING;
INSERT INTO products (id, name, description, category_id, category_name, sku_count, organization_id, created_at, updated_at) VALUES ('589e45b1-10e9-4e9a-a97a-32929c740e44', 'Drywall Tape', '', '3652aa63-495a-4f9c-86fd-11c8d8a6c403', 'DRS', 1, 'supply-yard', '2025-09-18T12:00:00+00:00', '2025-09-18T12:00:00+00:00') ON CONFLICT DO NOTHING;
INSERT INTO skus (id, sku, product_family_id, name, description, price, cost, quantity, min_stock, category_id, category_name, barcode, base_unit, sell_uom, pack_qty, purchase_uom, purchase_pack_qty, variant_label, spec, grade, variant_attrs, organization_id, created_at, updated_at) VALUES ('04d47b88-51b5-4b59-bcf5-f1710b43575b', 'DRS-DRYTAPE-01', '589e45b1-10e9-4e9a-a97a-32929c740e44', 'FibaTape Mesh Drywall Tape 300ft', '', 6.99, 3.2, 25, 5, '3652aa63-495a-4f9c-86fd-11c8d8a6c403', 'DRS', '0012345000171', 'roll', 'roll', 1, 'each', 1, '', '', '', '{"length": "300ft"}', 'supply-yard', '2025-09-18T12:00:00+00:00', '2026-03-16T12:00:00+00:00') ON CONFLICT DO NOTHING;
INSERT INTO products (id, name, description, category_id, category_name, sku_count, organization_id, created_at, updated_at) VALUES ('fac38e91-1cea-4e2e-833f-ce4bb276e240', 'Smoke Detectors', '', '83350dfc-87d7-45b3-bfc3-005ebd48940f', 'SAF', 1, 'supply-yard', '2025-09-18T12:00:00+00:00', '2025-09-18T12:00:00+00:00') ON CONFLICT DO NOTHING;
INSERT INTO skus (id, sku, product_family_id, name, description, price, cost, quantity, min_stock, category_id, category_name, barcode, base_unit, sell_uom, pack_qty, purchase_uom, purchase_pack_qty, variant_label, spec, grade, variant_attrs, organization_id, created_at, updated_at) VALUES ('da4457b6-d9f4-4416-9c4d-a6ec64f3165a', 'SAF-KIDDESM-01', 'fac38e91-1cea-4e2e-833f-ce4bb276e240', 'Kidde Hardwired Smoke + CO Detector', '', 42.99, 28.0, 18, 5, '83350dfc-87d7-45b3-bfc3-005ebd48940f', 'SAF', '0012345000181', 'each', 'each', 1, 'each', 1, '', '', '', '{}', 'supply-yard', '2025-09-18T12:00:00+00:00', '2026-03-16T12:00:00+00:00') ON CONFLICT DO NOTHING;
INSERT INTO products (id, name, description, category_id, category_name, sku_count, organization_id, created_at, updated_at) VALUES ('781eee61-a1fe-42b3-adb2-54ee50702f03', 'Roofing Shingles', '', '9c0f385b-e255-42aa-b228-89de1e6c51cc', 'ROF', 1, 'supply-yard', '2025-09-18T12:00:00+00:00', '2025-09-18T12:00:00+00:00') ON CONFLICT DO NOTHING;
INSERT INTO skus (id, sku, product_family_id, name, description, price, cost, quantity, min_stock, category_id, category_name, barcode, base_unit, sell_uom, pack_qty, purchase_uom, purchase_pack_qty, variant_label, spec, grade, variant_attrs, organization_id, created_at, updated_at) VALUES ('799238c1-8a06-4565-8fdb-4eadc4f31707', 'ROF-ARCHTAB-01', '781eee61-a1fe-42b3-adb2-54ee50702f03', 'GAF Timberline Architectural Shingle Bundle', '', 34.99, 22.0, 25, 5, '9c0f385b-e255-42aa-b228-89de1e6c51cc', 'ROF', '0012345000191', 'bundle', 'bundle', 1, 'each', 1, '', '', '', '{"style": "architectural"}', 'supply-yard', '2025-09-18T12:00:00+00:00', '2026-03-16T12:00:00+00:00') ON CONFLICT DO NOTHING;
INSERT INTO products (id, name, description, category_id, category_name, sku_count, organization_id, created_at, updated_at) VALUES ('c2a0b03a-64a7-43b9-94bc-bc0aa249843d', 'Hammers', '', 'd8563bd7-039a-4428-b36f-900a47909cff', 'HTL', 1, 'supply-yard', '2025-09-18T12:00:00+00:00', '2025-09-18T12:00:00+00:00') ON CONFLICT DO NOTHING;
INSERT INTO skus (id, sku, product_family_id, name, description, price, cost, quantity, min_stock, category_id, category_name, barcode, base_unit, sell_uom, pack_qty, purchase_uom, purchase_pack_qty, variant_label, spec, grade, variant_attrs, organization_id, created_at, updated_at) VALUES ('8ca05447-2484-471a-b78d-42a01a72fa1a', 'HTL-FRAMHAM-01', 'c2a0b03a-64a7-43b9-94bc-bc0aa249843d', 'Estwing 22oz Framing Hammer', '', 34.99, 19.0, 10, 5, 'd8563bd7-039a-4428-b36f-900a47909cff', 'HTL', '0012345000201', 'each', 'each', 1, 'each', 1, '', '', '', '{"weight": "22oz"}', 'supply-yard', '2025-09-18T12:00:00+00:00', '2026-03-16T12:00:00+00:00') ON CONFLICT DO NOTHING;
INSERT INTO products (id, name, description, category_id, category_name, sku_count, organization_id, created_at, updated_at) VALUES ('d057d885-52a7-4700-bfb7-6502a8c2abc1', 'Cleanup Supplies', '', '313f1cc6-179e-4d5c-af10-c531d956a489', 'CLN', 1, 'supply-yard', '2025-09-18T12:00:00+00:00', '2025-09-18T12:00:00+00:00') ON CONFLICT DO NOTHING;
INSERT INTO skus (id, sku, product_family_id, name, description, price, cost, quantity, min_stock, category_id, category_name, barcode, base_unit, sell_uom, pack_qty, purchase_uom, purchase_pack_qty, variant_label, spec, grade, variant_attrs, organization_id, created_at, updated_at) VALUES ('289216cb-2c90-40ae-b762-69a374a7aa60', 'CLN-PREPWIPE-01', 'd057d885-52a7-4700-bfb7-6502a8c2abc1', 'Sherwin-Williams Prep & Cleanup Wipes', '', 9.99, 5.2, 30, 5, '313f1cc6-179e-4d5c-af10-c531d956a489', 'CLN', '0012345000211', 'pack', 'pack', 1, 'each', 1, '', '', '', '{}', 'supply-yard', '2025-09-18T12:00:00+00:00', '2026-03-16T12:00:00+00:00') ON CONFLICT DO NOTHING;
INSERT INTO products (id, name, description, category_id, category_name, sku_count, organization_id, created_at, updated_at) VALUES ('ee91c5ce-27e0-41a2-a745-aa53e7554c34', 'Deadbolts', '', 'b3aa34d8-3211-4516-9446-b9c5a12329e9', 'LOK', 2, 'supply-yard', '2025-09-18T12:00:00+00:00', '2025-09-18T12:00:00+00:00') ON CONFLICT DO NOTHING;
INSERT INTO skus (id, sku, product_family_id, name, description, price, cost, quantity, min_stock, category_id, category_name, barcode, base_unit, sell_uom, pack_qty, purchase_uom, purchase_pack_qty, variant_label, spec, grade, variant_attrs, organization_id, created_at, updated_at) VALUES ('61716a2f-3bc2-4bac-b5b2-b6e10d75e99d', 'LOK-KWIKDBL-01', 'ee91c5ce-27e0-41a2-a745-aa53e7554c34', 'Kwikset Deadbolt Satin Nickel', '', 29.99, 16.0, 12, 5, 'b3aa34d8-3211-4516-9446-b9c5a12329e9', 'LOK', '0012345000221', 'each', 'each', 1, 'each', 1, '', '', '', '{"finish": "satin nickel"}', 'supply-yard', '2025-09-18T12:00:00+00:00', '2026-03-16T12:00:00+00:00') ON CONFLICT DO NOTHING;
INSERT INTO skus (id, sku, product_family_id, name, description, price, cost, quantity, min_stock, category_id, category_name, barcode, base_unit, sell_uom, pack_qty, purchase_uom, purchase_pack_qty, variant_label, spec, grade, variant_attrs, organization_id, created_at, updated_at) VALUES ('6f404d02-a49d-4389-ae62-2fad922b53fc', 'LOK-KWIKDBL-02', 'ee91c5ce-27e0-41a2-a745-aa53e7554c34', 'Kwikset Deadbolt Oil-Rubbed Bronze', '', 32.99, 18.0, 8, 5, 'b3aa34d8-3211-4516-9446-b9c5a12329e9', 'LOK', '0012345000222', 'each', 'each', 1, 'each', 1, '', '', '', '{"finish": "oil-rubbed bronze"}', 'supply-yard', '2025-09-18T12:00:00+00:00', '2026-03-16T12:00:00+00:00') ON CONFLICT DO NOTHING;
INSERT INTO products (id, name, description, category_id, category_name, sku_count, organization_id, created_at, updated_at) VALUES ('037c13f6-1a48-4460-85d1-0623fcf1c1ea', 'Fiberglass Insulation', '', '2509a408-d4a9-4400-89cf-f3f672682b84', 'INS', 1, 'supply-yard', '2025-09-18T12:00:00+00:00', '2025-09-18T12:00:00+00:00') ON CONFLICT DO NOTHING;
INSERT INTO skus (id, sku, product_family_id, name, description, price, cost, quantity, min_stock, category_id, category_name, barcode, base_unit, sell_uom, pack_qty, purchase_uom, purchase_pack_qty, variant_label, spec, grade, variant_attrs, organization_id, created_at, updated_at) VALUES ('8f11b463-0036-4ced-80f2-8e675876e1cc', 'INS-OWENR15-01', '037c13f6-1a48-4460-85d1-0623fcf1c1ea', 'Owens Corning R-15 3.5" x 15" x 93" 8-pack', '', 49.99, 28.0, 20, 5, '2509a408-d4a9-4400-89cf-f3f672682b84', 'INS', '0012345000231', 'pack', 'pack', 1, 'each', 1, '', '', '', '{"r_value": "R-15"}', 'supply-yard', '2025-09-18T12:00:00+00:00', '2026-03-16T12:00:00+00:00') ON CONFLICT DO NOTHING;
INSERT INTO products (id, name, description, category_id, category_name, sku_count, organization_id, created_at, updated_at) VALUES ('3909dafc-5401-49e3-9b4d-ad8456266c91', 'LVP Flooring', '', 'a6ed9c65-2c07-4c67-8922-964b3f9ab124', 'FLO', 1, 'supply-yard', '2025-09-18T12:00:00+00:00', '2025-09-18T12:00:00+00:00') ON CONFLICT DO NOTHING;
INSERT INTO skus (id, sku, product_family_id, name, description, price, cost, quantity, min_stock, category_id, category_name, barcode, base_unit, sell_uom, pack_qty, purchase_uom, purchase_pack_qty, variant_label, spec, grade, variant_attrs, organization_id, created_at, updated_at) VALUES ('d9760d12-941d-4e8b-a79f-fe85d933d7db', 'FLO-LVPOAK-01', '3909dafc-5401-49e3-9b4d-ad8456266c91', 'LifeProof Sterling Oak LVP 20.06sqft', '', 42.99, 24.0, 30, 5, 'a6ed9c65-2c07-4c67-8922-964b3f9ab124', 'FLO', '0012345000241', 'box', 'box', 1, 'each', 1, '', '', '', '{"style": "sterling oak", "sqft": "20.06"}', 'supply-yard', '2025-09-18T12:00:00+00:00', '2026-03-16T12:00:00+00:00') ON CONFLICT DO NOTHING;
INSERT INTO vendor_items (id, vendor_id, sku_id, vendor_sku, vendor_name, purchase_uom, purchase_pack_qty, cost, lead_time_days, moq, is_preferred, organization_id, created_at, updated_at) VALUES ('c16db01d-ea9c-4326-a9f2-9dce28402ad8', '9da8de3b-e547-41c5-b35e-19bd384348fd', 'f509e4c3-86ae-4a0a-9dcd-0d4d4c4b5e51', 'PLP-PEXTUBE-01', 'The Home Depot Pro', 'each', 1, 24.5, 5, 1, 1, 'supply-yard', '2025-12-17T12:00:00+00:00', '2025-12-17T12:00:00+00:00') ON CONFLICT (vendor_id, sku_id) DO NOTHING;
INSERT INTO vendor_items (id, vendor_id, sku_id, vendor_sku, vendor_name, purchase_uom, purchase_pack_qty, cost, lead_time_days, moq, is_preferred, organization_id, created_at, updated_at) VALUES ('bec1e69b-f48b-4802-8018-b7589a4a496c', '9da8de3b-e547-41c5-b35e-19bd384348fd', 'eaf99461-7ce1-4ac4-9571-2c0ce132ad3a', 'PLP-PEXTUBE-02', 'The Home Depot Pro', 'each', 1, 24.5, 5, 1, 1, 'supply-yard', '2025-12-17T12:00:00+00:00', '2025-12-17T12:00:00+00:00') ON CONFLICT (vendor_id, sku_id) DO NOTHING;
INSERT INTO vendor_items (id, vendor_id, sku_id, vendor_sku, vendor_name, purchase_uom, purchase_pack_qty, cost, lead_time_days, moq, is_preferred, organization_id, created_at, updated_at) VALUES ('82f0217c-b9fe-4b0e-8c33-e5c2dcb14251', '9da8de3b-e547-41c5-b35e-19bd384348fd', '75b2c67c-3b11-412e-81e5-effbc0fa2833', 'PLP-PEXTUBE-03', 'The Home Depot Pro', 'each', 1, 38.0, 5, 1, 1, 'supply-yard', '2025-12-17T12:00:00+00:00', '2025-12-17T12:00:00+00:00') ON CONFLICT (vendor_id, sku_id) DO NOTHING;
INSERT INTO vendor_items (id, vendor_id, sku_id, vendor_sku, vendor_name, purchase_uom, purchase_pack_qty, cost, lead_time_days, moq, is_preferred, organization_id, created_at, updated_at) VALUES ('002c1814-f4ec-4fbe-85ca-0115fb864f8a', '9da8de3b-e547-41c5-b35e-19bd384348fd', '3d59ce91-308a-4749-bb99-4c8b03d284d8', 'PLF-SHRKBT90-01', 'The Home Depot Pro', 'each', 1, 4.8, 5, 1, 1, 'supply-yard', '2025-12-17T12:00:00+00:00', '2025-12-17T12:00:00+00:00') ON CONFLICT (vendor_id, sku_id) DO NOTHING;
INSERT INTO vendor_items (id, vendor_id, sku_id, vendor_sku, vendor_name, purchase_uom, purchase_pack_qty, cost, lead_time_days, moq, is_preferred, organization_id, created_at, updated_at) VALUES ('162c0e8f-d141-4dda-86c8-7d27d9105166', '9da8de3b-e547-41c5-b35e-19bd384348fd', 'eaba46e1-5256-40c5-b280-6d8b71cba485', 'PLF-SHRKBTT-01', 'The Home Depot Pro', 'each', 1, 5.6, 5, 1, 1, 'supply-yard', '2025-12-17T12:00:00+00:00', '2025-12-17T12:00:00+00:00') ON CONFLICT (vendor_id, sku_id) DO NOTHING;
INSERT INTO vendor_items (id, vendor_id, sku_id, vendor_sku, vendor_name, purchase_uom, purchase_pack_qty, cost, lead_time_days, moq, is_preferred, organization_id, created_at, updated_at) VALUES ('5a3b4db9-830f-4743-91e6-61b9747c4209', '9da8de3b-e547-41c5-b35e-19bd384348fd', '3e75a142-ee21-476e-af7d-1ae21892962e', 'PLF-SHRKBTCP-01', 'The Home Depot Pro', 'each', 1, 3.4, 5, 1, 1, 'supply-yard', '2025-12-17T12:00:00+00:00', '2025-12-17T12:00:00+00:00') ON CONFLICT (vendor_id, sku_id) DO NOTHING;
INSERT INTO vendor_items (id, vendor_id, sku_id, vendor_sku, vendor_name, purchase_uom, purchase_pack_qty, cost, lead_time_days, moq, is_preferred, organization_id, created_at, updated_at) VALUES ('74983513-884e-4e16-8c2f-4631c3155127', '9da8de3b-e547-41c5-b35e-19bd384348fd', '97ad374e-3173-4994-b4ac-1f45ce5fbdf1', 'ELW-ROMEX14-01', 'The Home Depot Pro', 'each', 1, 52.0, 5, 1, 1, 'supply-yard', '2025-12-17T12:00:00+00:00', '2025-12-17T12:00:00+00:00') ON CONFLICT (vendor_id, sku_id) DO NOTHING;
INSERT INTO vendor_items (id, vendor_id, sku_id, vendor_sku, vendor_name, purchase_uom, purchase_pack_qty, cost, lead_time_days, moq, is_preferred, organization_id, created_at, updated_at) VALUES ('a8c85667-c402-46eb-87bc-ac4227433a6f', '9da8de3b-e547-41c5-b35e-19bd384348fd', '346fdc27-3bf0-4af2-924e-7091a39b49f0', 'ELW-ROMEX12-01', 'The Home Depot Pro', 'each', 1, 72.0, 5, 1, 1, 'supply-yard', '2025-12-17T12:00:00+00:00', '2025-12-17T12:00:00+00:00') ON CONFLICT (vendor_id, sku_id) DO NOTHING;
INSERT INTO vendor_items (id, vendor_id, sku_id, vendor_sku, vendor_name, purchase_uom, purchase_pack_qty, cost, lead_time_days, moq, is_preferred, organization_id, created_at, updated_at) VALUES ('a0f88ecc-0f71-417c-9abb-94f476bb9aeb', '9da8de3b-e547-41c5-b35e-19bd384348fd', '2e058e41-1d23-4362-8cfa-203f6dd74d1d', 'ELE-DECORASW-01', 'The Home Depot Pro', 'each', 1, 1.6, 5, 1, 1, 'supply-yard', '2025-12-17T12:00:00+00:00', '2025-12-17T12:00:00+00:00') ON CONFLICT (vendor_id, sku_id) DO NOTHING;
INSERT INTO vendor_items (id, vendor_id, sku_id, vendor_sku, vendor_name, purchase_uom, purchase_pack_qty, cost, lead_time_days, moq, is_preferred, organization_id, created_at, updated_at) VALUES ('3bce2d8d-e284-43e1-999c-fe9a92aa8758', '9da8de3b-e547-41c5-b35e-19bd384348fd', 'b878533e-062c-4c6e-ace8-4c561a3d0821', 'ELE-DECORASW-02', 'The Home Depot Pro', 'each', 1, 1.6, 5, 1, 1, 'supply-yard', '2025-12-17T12:00:00+00:00', '2025-12-17T12:00:00+00:00') ON CONFLICT (vendor_id, sku_id) DO NOTHING;
INSERT INTO vendor_items (id, vendor_id, sku_id, vendor_sku, vendor_name, purchase_uom, purchase_pack_qty, cost, lead_time_days, moq, is_preferred, organization_id, created_at, updated_at) VALUES ('f327393e-131d-47a4-b933-80a8ce312eb1', '9da8de3b-e547-41c5-b35e-19bd384348fd', '9e43da00-6093-4bc3-87e2-dc0007d95a73', 'ELE-GFCI15-01', 'The Home Depot Pro', 'each', 1, 10.5, 5, 1, 1, 'supply-yard', '2025-12-17T12:00:00+00:00', '2025-12-17T12:00:00+00:00') ON CONFLICT (vendor_id, sku_id) DO NOTHING;
INSERT INTO vendor_items (id, vendor_id, sku_id, vendor_sku, vendor_name, purchase_uom, purchase_pack_qty, cost, lead_time_days, moq, is_preferred, organization_id, created_at, updated_at) VALUES ('f6d3be24-0eea-4928-8c7d-c91b243d7cbf', '3416f02d-424d-4d69-8557-997907d232f1', 'd7174e83-8a60-4243-bfe5-4c0047e101ab', 'PNT-SWSUPER-01', 'Sherwin-Williams', 'each', 1, 32.0, 5, 1, 1, 'supply-yard', '2025-12-17T12:00:00+00:00', '2025-12-17T12:00:00+00:00') ON CONFLICT (vendor_id, sku_id) DO NOTHING;
INSERT INTO vendor_items (id, vendor_id, sku_id, vendor_sku, vendor_name, purchase_uom, purchase_pack_qty, cost, lead_time_days, moq, is_preferred, organization_id, created_at, updated_at) VALUES ('ba97082a-db1a-4123-a964-50835eb814e5', '3416f02d-424d-4d69-8557-997907d232f1', '39d6d056-c36b-4e77-853d-4f0686a6d317', 'PNT-SWSUPER-02', 'Sherwin-Williams', 'each', 1, 34.0, 5, 1, 1, 'supply-yard', '2025-12-17T12:00:00+00:00', '2025-12-17T12:00:00+00:00') ON CONFLICT (vendor_id, sku_id) DO NOTHING;
INSERT INTO vendor_items (id, vendor_id, sku_id, vendor_sku, vendor_name, purchase_uom, purchase_pack_qty, cost, lead_time_days, moq, is_preferred, organization_id, created_at, updated_at) VALUES ('6ad53f74-a8fb-47ce-91c0-f9830860cff9', '3416f02d-424d-4d69-8557-997907d232f1', 'ecd23bc8-eb47-4209-a297-fff4ca80b6ac', 'PNT-SWSUPER-03', 'Sherwin-Williams', 'each', 1, 36.0, 5, 1, 1, 'supply-yard', '2025-12-17T12:00:00+00:00', '2025-12-17T12:00:00+00:00') ON CONFLICT (vendor_id, sku_id) DO NOTHING;
INSERT INTO vendor_items (id, vendor_id, sku_id, vendor_sku, vendor_name, purchase_uom, purchase_pack_qty, cost, lead_time_days, moq, is_preferred, organization_id, created_at, updated_at) VALUES ('c38db63f-0510-481e-b8d1-2b285ae38060', '3416f02d-424d-4d69-8557-997907d232f1', '1e0588fa-7c95-4f29-9514-e8dd6eca0f34', 'PNS-ROLLER9-01', 'Sherwin-Williams', 'each', 1, 4.2, 5, 1, 1, 'supply-yard', '2025-12-17T12:00:00+00:00', '2025-12-17T12:00:00+00:00') ON CONFLICT (vendor_id, sku_id) DO NOTHING;
INSERT INTO vendor_items (id, vendor_id, sku_id, vendor_sku, vendor_name, purchase_uom, purchase_pack_qty, cost, lead_time_days, moq, is_preferred, organization_id, created_at, updated_at) VALUES ('82314541-5f53-49ad-a8d2-068fabb2fe3e', '3416f02d-424d-4d69-8557-997907d232f1', '3fe0349e-a40d-4095-8a33-4e3f5210e8ec', 'PNS-ROLLER9-02', 'Sherwin-Williams', 'each', 1, 4.5, 5, 1, 1, 'supply-yard', '2025-12-17T12:00:00+00:00', '2025-12-17T12:00:00+00:00') ON CONFLICT (vendor_id, sku_id) DO NOTHING;
INSERT INTO vendor_items (id, vendor_id, sku_id, vendor_sku, vendor_name, purchase_uom, purchase_pack_qty, cost, lead_time_days, moq, is_preferred, organization_id, created_at, updated_at) VALUES ('9bad9ac3-f36a-4e9b-9341-36f2adc54a87', '80627dc3-b450-4baf-8625-e36e1dc4d5cc', '77b57bd9-5f31-4658-91c1-293dc8c5aa09', 'BLD-DRYWALL-01', 'Emery Jensen Distribution', 'each', 1, 8.2, 5, 1, 1, 'supply-yard', '2025-12-17T12:00:00+00:00', '2025-12-17T12:00:00+00:00') ON CONFLICT (vendor_id, sku_id) DO NOTHING;
INSERT INTO vendor_items (id, vendor_id, sku_id, vendor_sku, vendor_name, purchase_uom, purchase_pack_qty, cost, lead_time_days, moq, is_preferred, organization_id, created_at, updated_at) VALUES ('e15a84af-e3fc-4022-b81e-6cb24ed3650b', '80627dc3-b450-4baf-8625-e36e1dc4d5cc', '50fd7bd8-9348-4ac8-9e8d-28e31387add1', 'BLD-DRYWALL-02', 'Emery Jensen Distribution', 'each', 1, 9.8, 5, 1, 1, 'supply-yard', '2025-12-17T12:00:00+00:00', '2025-12-17T12:00:00+00:00') ON CONFLICT (vendor_id, sku_id) DO NOTHING;
INSERT INTO vendor_items (id, vendor_id, sku_id, vendor_sku, vendor_name, purchase_uom, purchase_pack_qty, cost, lead_time_days, moq, is_preferred, organization_id, created_at, updated_at) VALUES ('37dae012-443e-4286-ad72-42f72be6815d', '80627dc3-b450-4baf-8625-e36e1dc4d5cc', '755a6c4b-5cd1-4af7-bcbe-836dfe26b67c', 'CON-QUIKSET-01', 'Emery Jensen Distribution', 'each', 1, 4.1, 5, 1, 1, 'supply-yard', '2025-12-17T12:00:00+00:00', '2025-12-17T12:00:00+00:00') ON CONFLICT (vendor_id, sku_id) DO NOTHING;
INSERT INTO vendor_items (id, vendor_id, sku_id, vendor_sku, vendor_name, purchase_uom, purchase_pack_qty, cost, lead_time_days, moq, is_preferred, organization_id, created_at, updated_at) VALUES ('a893a9b2-5701-43b4-87fb-92b00b1c4784', '80627dc3-b450-4baf-8625-e36e1dc4d5cc', 'ef819876-5cb3-45a4-be6e-a9400156e311', 'CON-QUIKSET-02', 'Emery Jensen Distribution', 'each', 1, 5.6, 5, 1, 1, 'supply-yard', '2025-12-17T12:00:00+00:00', '2025-12-17T12:00:00+00:00') ON CONFLICT (vendor_id, sku_id) DO NOTHING;
INSERT INTO vendor_items (id, vendor_id, sku_id, vendor_sku, vendor_name, purchase_uom, purchase_pack_qty, cost, lead_time_days, moq, is_preferred, organization_id, created_at, updated_at) VALUES ('a8f77b6d-5b56-4e1c-8524-b1dd2ff1548b', '80627dc3-b450-4baf-8625-e36e1dc4d5cc', '021d2901-91f5-436f-bdcb-466d8e4325d4', 'LUM-STUDS2X4-01', 'Emery Jensen Distribution', 'each', 1, 2.4, 5, 1, 1, 'supply-yard', '2025-12-17T12:00:00+00:00', '2025-12-17T12:00:00+00:00') ON CONFLICT (vendor_id, sku_id) DO NOTHING;
INSERT INTO vendor_items (id, vendor_id, sku_id, vendor_sku, vendor_name, purchase_uom, purchase_pack_qty, cost, lead_time_days, moq, is_preferred, organization_id, created_at, updated_at) VALUES ('7abe4b47-4603-4eed-8620-a9852d27661a', '80627dc3-b450-4baf-8625-e36e1dc4d5cc', '8857eb9d-8644-44f0-b1b1-a2f8be8122c7', 'LUM-STUDS2X4-02', 'Emery Jensen Distribution', 'each', 1, 3.4, 5, 1, 1, 'supply-yard', '2025-12-17T12:00:00+00:00', '2025-12-17T12:00:00+00:00') ON CONFLICT (vendor_id, sku_id) DO NOTHING;
INSERT INTO vendor_items (id, vendor_id, sku_id, vendor_sku, vendor_name, purchase_uom, purchase_pack_qty, cost, lead_time_days, moq, is_preferred, organization_id, created_at, updated_at) VALUES ('f3f95f75-f4bc-4103-a3aa-df079b5df42a', '80627dc3-b450-4baf-8625-e36e1dc4d5cc', '8fa78caf-7e72-420e-976b-ec12b14132d4', 'LUM-STUDS2X6-01', 'Emery Jensen Distribution', 'each', 1, 4.0, 5, 1, 1, 'supply-yard', '2025-12-17T12:00:00+00:00', '2025-12-17T12:00:00+00:00') ON CONFLICT (vendor_id, sku_id) DO NOTHING;
INSERT INTO vendor_items (id, vendor_id, sku_id, vendor_sku, vendor_name, purchase_uom, purchase_pack_qty, cost, lead_time_days, moq, is_preferred, organization_id, created_at, updated_at) VALUES ('79198165-cbf3-410a-8325-fcdd0debcba8', '80627dc3-b450-4baf-8625-e36e1dc4d5cc', '25e18161-d12e-46f7-862c-9d52a09b30f1', 'LUM-PTDECK-01', 'Emery Jensen Distribution', 'each', 1, 8.8, 5, 1, 1, 'supply-yard', '2025-12-17T12:00:00+00:00', '2025-12-17T12:00:00+00:00') ON CONFLICT (vendor_id, sku_id) DO NOTHING;
INSERT INTO vendor_items (id, vendor_id, sku_id, vendor_sku, vendor_name, purchase_uom, purchase_pack_qty, cost, lead_time_days, moq, is_preferred, organization_id, created_at, updated_at) VALUES ('015436e7-2b59-4fb5-891a-c22f7fa4a466', '80627dc3-b450-4baf-8625-e36e1dc4d5cc', 'dcd16a65-d759-4885-a31b-a39548631179', 'LUM-PTDECK-02', 'Emery Jensen Distribution', 'each', 1, 11.6, 5, 1, 1, 'supply-yard', '2025-12-17T12:00:00+00:00', '2025-12-17T12:00:00+00:00') ON CONFLICT (vendor_id, sku_id) DO NOTHING;
INSERT INTO vendor_items (id, vendor_id, sku_id, vendor_sku, vendor_name, purchase_uom, purchase_pack_qty, cost, lead_time_days, moq, is_preferred, organization_id, created_at, updated_at) VALUES ('adf7b439-2f8c-4b5a-a7fd-a05d0bffcfb8', '80627dc3-b450-4baf-8625-e36e1dc4d5cc', 'df11d827-c5cf-487d-8bc2-ff34a4cf1af0', 'FAS-DECKSCR-01', 'Emery Jensen Distribution', 'each', 1, 7.8, 5, 1, 1, 'supply-yard', '2025-12-17T12:00:00+00:00', '2025-12-17T12:00:00+00:00') ON CONFLICT (vendor_id, sku_id) DO NOTHING;
INSERT INTO vendor_items (id, vendor_id, sku_id, vendor_sku, vendor_name, purchase_uom, purchase_pack_qty, cost, lead_time_days, moq, is_preferred, organization_id, created_at, updated_at) VALUES ('c024a678-3ca3-4978-a718-80cda6523e02', '80627dc3-b450-4baf-8625-e36e1dc4d5cc', '7088ba8e-3b18-44b0-b8ae-9a7ce1ac251d', 'FAS-DECKSCR-02', 'Emery Jensen Distribution', 'each', 1, 8.6, 5, 1, 1, 'supply-yard', '2025-12-17T12:00:00+00:00', '2025-12-17T12:00:00+00:00') ON CONFLICT (vendor_id, sku_id) DO NOTHING;
INSERT INTO vendor_items (id, vendor_id, sku_id, vendor_sku, vendor_name, purchase_uom, purchase_pack_qty, cost, lead_time_days, moq, is_preferred, organization_id, created_at, updated_at) VALUES ('117eff18-e7b7-402c-9208-e70016414694', '80627dc3-b450-4baf-8625-e36e1dc4d5cc', 'c2286267-8087-4e4b-b5f4-77a514a346d2', 'FAS-DRYSCR-01', 'Emery Jensen Distribution', 'each', 1, 2.8, 5, 1, 1, 'supply-yard', '2025-12-17T12:00:00+00:00', '2025-12-17T12:00:00+00:00') ON CONFLICT (vendor_id, sku_id) DO NOTHING;
INSERT INTO vendor_items (id, vendor_id, sku_id, vendor_sku, vendor_name, purchase_uom, purchase_pack_qty, cost, lead_time_days, moq, is_preferred, organization_id, created_at, updated_at) VALUES ('e4d3c0ae-d261-49c2-872f-d367b071869b', 'cda183a4-da2c-4877-9de9-1b5a8a660b1a', '87cdb1b1-fb2f-49ca-b2d6-404d63f508d6', 'HVF-FILTER16-01', 'Amazon Business', 'each', 1, 2.2, 5, 1, 1, 'supply-yard', '2025-12-17T12:00:00+00:00', '2025-12-17T12:00:00+00:00') ON CONFLICT (vendor_id, sku_id) DO NOTHING;
INSERT INTO vendor_items (id, vendor_id, sku_id, vendor_sku, vendor_name, purchase_uom, purchase_pack_qty, cost, lead_time_days, moq, is_preferred, organization_id, created_at, updated_at) VALUES ('0f37e48c-7df2-4eef-b15e-a7548f0868d1', 'cda183a4-da2c-4877-9de9-1b5a8a660b1a', '9d2a2a02-3c0b-460f-a209-9a314b6f7e80', 'HVF-FILTER20-01', 'Amazon Business', 'each', 1, 3.8, 5, 1, 1, 'supply-yard', '2025-12-17T12:00:00+00:00', '2025-12-17T12:00:00+00:00') ON CONFLICT (vendor_id, sku_id) DO NOTHING;
INSERT INTO vendor_items (id, vendor_id, sku_id, vendor_sku, vendor_name, purchase_uom, purchase_pack_qty, cost, lead_time_days, moq, is_preferred, organization_id, created_at, updated_at) VALUES ('d4173290-23d7-43c7-9f8f-99e42c04d0ae', 'cda183a4-da2c-4877-9de9-1b5a8a660b1a', '1106f62b-d029-4dd1-a380-682f2c5bc9f7', 'ADH-LIQNAIL-01', 'Amazon Business', 'each', 1, 2.8, 5, 1, 1, 'supply-yard', '2025-12-17T12:00:00+00:00', '2025-12-17T12:00:00+00:00') ON CONFLICT (vendor_id, sku_id) DO NOTHING;
INSERT INTO vendor_items (id, vendor_id, sku_id, vendor_sku, vendor_name, purchase_uom, purchase_pack_qty, cost, lead_time_days, moq, is_preferred, organization_id, created_at, updated_at) VALUES ('330d4e29-5ced-4e17-9239-ddad78bffe8f', 'cda183a4-da2c-4877-9de9-1b5a8a660b1a', '0a489233-ff0b-478a-b6f5-874a12f2baf4', 'ADH-GORILL-01', 'Amazon Business', 'each', 1, 3.6, 5, 1, 1, 'supply-yard', '2025-12-17T12:00:00+00:00', '2025-12-17T12:00:00+00:00') ON CONFLICT (vendor_id, sku_id) DO NOTHING;
INSERT INTO vendor_items (id, vendor_id, sku_id, vendor_sku, vendor_name, purchase_uom, purchase_pack_qty, cost, lead_time_days, moq, is_preferred, organization_id, created_at, updated_at) VALUES ('0762e434-027f-4567-bf06-900613c625b3', '80627dc3-b450-4baf-8625-e36e1dc4d5cc', '561109f0-aff5-4697-b83a-47203273858d', 'DRM-JNTCMPD-01', 'Emery Jensen Distribution', 'each', 1, 10.4, 5, 1, 1, 'supply-yard', '2025-12-17T12:00:00+00:00', '2025-12-17T12:00:00+00:00') ON CONFLICT (vendor_id, sku_id) DO NOTHING;
