INSERT INTO vendor_items (id, vendor_id, sku_id, vendor_sku, vendor_name, purchase_uom, purchase_pack_qty, cost, lead_time_days, moq, is_preferred, organization_id, created_at, updated_at) VALUES ('8c116673-d25b-4d35-a3bd-2b2303cd01fa', '80627dc3-b450-4baf-8625-e36e1dc4d5cc', '04d47b88-51b5-4b59-bcf5-f1710b43575b', 'DRS-DRYTAPE-01', 'Emery Jensen Distribution', 'each', 1, 3.2, 5, 1, 1, 'supply-yard', '2025-12-17T12:00:00+00:00', '2025-12-17T12:00:00+00:00') ON CONFLICT (vendor_id, sku_id) DO NOTHING;
INSERT INTO vendor_items (id, vendor_id, sku_id, vendor_sku, vendor_name, purchase_uom, purchase_pack_qty, cost, lead_time_days, moq, is_preferred, organization_id, created_at, updated_at) VALUES ('9fd62687-035a-4193-a93d-63b841d965ef', '9da8de3b-e547-41c5-b35e-19bd384348fd', 'da4457b6-d9f4-4416-9c4d-a6ec64f3165a', 'SAF-KIDDESM-01', 'The Home Depot Pro', 'each', 1, 28.0, 5, 1, 1, 'supply-yard', '2025-12-17T12:00:00+00:00', '2025-12-17T12:00:00+00:00') ON CONFLICT (vendor_id, sku_id) DO NOTHING;
INSERT INTO vendor_items (id, vendor_id, sku_id, vendor_sku, vendor_name, purchase_uom, purchase_pack_qty, cost, lead_time_days, moq, is_preferred, organization_id, created_at, updated_at) VALUES ('5a3aa340-8046-4f80-a003-5d49e70cb403', '80627dc3-b450-4baf-8625-e36e1dc4d5cc', '799238c1-8a06-4565-8fdb-4eadc4f31707', 'ROF-ARCHTAB-01', 'Emery Jensen Distribution', 'each', 1, 22.0, 5, 1, 1, 'supply-yard', '2025-12-17T12:00:00+00:00', '2025-12-17T12:00:00+00:00') ON CONFLICT (vendor_id, sku_id) DO NOTHING;
INSERT INTO vendor_items (id, vendor_id, sku_id, vendor_sku, vendor_name, purchase_uom, purchase_pack_qty, cost, lead_time_days, moq, is_preferred, organization_id, created_at, updated_at) VALUES ('efce511d-b4b6-470a-819f-b9077cfd4ec6', '80627dc3-b450-4baf-8625-e36e1dc4d5cc', '8ca05447-2484-471a-b78d-42a01a72fa1a', 'HTL-FRAMHAM-01', 'Emery Jensen Distribution', 'each', 1, 19.0, 5, 1, 1, 'supply-yard', '2025-12-17T12:00:00+00:00', '2025-12-17T12:00:00+00:00') ON CONFLICT (vendor_id, sku_id) DO NOTHING;
INSERT INTO vendor_items (id, vendor_id, sku_id, vendor_sku, vendor_name, purchase_uom, purchase_pack_qty, cost, lead_time_days, moq, is_preferred, organization_id, created_at, updated_at) VALUES ('d174ad8f-3ad7-4865-9327-a60e9d9c8a57', '3416f02d-424d-4d69-8557-997907d232f1', '289216cb-2c90-40ae-b762-69a374a7aa60', 'CLN-PREPWIPE-01', 'Sherwin-Williams', 'each', 1, 5.2, 5, 1, 1, 'supply-yard', '2025-12-17T12:00:00+00:00', '2025-12-17T12:00:00+00:00') ON CONFLICT (vendor_id, sku_id) DO NOTHING;
INSERT INTO vendor_items (id, vendor_id, sku_id, vendor_sku, vendor_name, purchase_uom, purchase_pack_qty, cost, lead_time_days, moq, is_preferred, organization_id, created_at, updated_at) VALUES ('53939290-4675-4a20-9975-21de34e4cc7b', '9da8de3b-e547-41c5-b35e-19bd384348fd', '61716a2f-3bc2-4bac-b5b2-b6e10d75e99d', 'LOK-KWIKDBL-01', 'The Home Depot Pro', 'each', 1, 16.0, 5, 1, 1, 'supply-yard', '2025-12-17T12:00:00+00:00', '2025-12-17T12:00:00+00:00') ON CONFLICT (vendor_id, sku_id) DO NOTHING;
INSERT INTO vendor_items (id, vendor_id, sku_id, vendor_sku, vendor_name, purchase_uom, purchase_pack_qty, cost, lead_time_days, moq, is_preferred, organization_id, created_at, updated_at) VALUES ('241d0833-fab9-439d-b4e6-4d563ec86b1d', '9da8de3b-e547-41c5-b35e-19bd384348fd', '6f404d02-a49d-4389-ae62-2fad922b53fc', 'LOK-KWIKDBL-02', 'The Home Depot Pro', 'each', 1, 18.0, 5, 1, 1, 'supply-yard', '2025-12-17T12:00:00+00:00', '2025-12-17T12:00:00+00:00') ON CONFLICT (vendor_id, sku_id) DO NOTHING;
INSERT INTO vendor_items (id, vendor_id, sku_id, vendor_sku, vendor_name, purchase_uom, purchase_pack_qty, cost, lead_time_days, moq, is_preferred, organization_id, created_at, updated_at) VALUES ('dd84f411-c7ea-4397-9202-07d06719287d', '9da8de3b-e547-41c5-b35e-19bd384348fd', '8f11b463-0036-4ced-80f2-8e675876e1cc', 'INS-OWENR15-01', 'The Home Depot Pro', 'each', 1, 28.0, 5, 1, 1, 'supply-yard', '2025-12-17T12:00:00+00:00', '2025-12-17T12:00:00+00:00') ON CONFLICT (vendor_id, sku_id) DO NOTHING;
INSERT INTO vendor_items (id, vendor_id, sku_id, vendor_sku, vendor_name, purchase_uom, purchase_pack_qty, cost, lead_time_days, moq, is_preferred, organization_id, created_at, updated_at) VALUES ('08d46681-8431-4be1-9e4b-e313960fabaf', '9da8de3b-e547-41c5-b35e-19bd384348fd', 'd9760d12-941d-4e8b-a79f-fe85d933d7db', 'FLO-LVPOAK-01', 'The Home Depot Pro', 'each', 1, 24.0, 5, 1, 1, 'supply-yard', '2025-12-17T12:00:00+00:00', '2025-12-17T12:00:00+00:00') ON CONFLICT (vendor_id, sku_id) DO NOTHING;
INSERT INTO vendor_items (id, vendor_id, sku_id, vendor_sku, vendor_name, purchase_uom, purchase_pack_qty, cost, lead_time_days, moq, is_preferred, organization_id, created_at, updated_at) VALUES ('73fa6b37-9ebf-4e76-bd53-0003bfda6630', 'e22e944d-a35d-442f-b76e-8e5502452498', '25e18161-d12e-46f7-862c-9d52a09b30f1', 'LUM-PTDECK-01', 'Deck Expressions', 'each', 1, 8.36, 7, 1, 0, 'supply-yard', '2025-12-17T12:00:00+00:00', '2025-12-17T12:00:00+00:00') ON CONFLICT (vendor_id, sku_id) DO NOTHING;
INSERT INTO vendor_items (id, vendor_id, sku_id, vendor_sku, vendor_name, purchase_uom, purchase_pack_qty, cost, lead_time_days, moq, is_preferred, organization_id, created_at, updated_at) VALUES ('a5623a4a-8376-4f05-81d6-7515bb5a8fc7', 'e22e944d-a35d-442f-b76e-8e5502452498', 'dcd16a65-d759-4885-a31b-a39548631179', 'LUM-PTDECK-02', 'Deck Expressions', 'each', 1, 11.02, 7, 1, 0, 'supply-yard', '2025-12-17T12:00:00+00:00', '2025-12-17T12:00:00+00:00') ON CONFLICT (vendor_id, sku_id) DO NOTHING;
INSERT INTO sku_counters (department_code, counter) VALUES ('PLP', 3) ON CONFLICT (department_code) DO UPDATE SET counter = EXCLUDED.counter;
INSERT INTO sku_counters (department_code, counter) VALUES ('PLF', 3) ON CONFLICT (department_code) DO UPDATE SET counter = EXCLUDED.counter;
INSERT INTO sku_counters (department_code, counter) VALUES ('ELW', 2) ON CONFLICT (department_code) DO UPDATE SET counter = EXCLUDED.counter;
INSERT INTO sku_counters (department_code, counter) VALUES ('ELE', 3) ON CONFLICT (department_code) DO UPDATE SET counter = EXCLUDED.counter;
INSERT INTO sku_counters (department_code, counter) VALUES ('PNT', 3) ON CONFLICT (department_code) DO UPDATE SET counter = EXCLUDED.counter;
INSERT INTO sku_counters (department_code, counter) VALUES ('PNS', 2) ON CONFLICT (department_code) DO UPDATE SET counter = EXCLUDED.counter;
INSERT INTO sku_counters (department_code, counter) VALUES ('BLD', 2) ON CONFLICT (department_code) DO UPDATE SET counter = EXCLUDED.counter;
INSERT INTO sku_counters (department_code, counter) VALUES ('CON', 2) ON CONFLICT (department_code) DO UPDATE SET counter = EXCLUDED.counter;
INSERT INTO sku_counters (department_code, counter) VALUES ('LUM', 5) ON CONFLICT (department_code) DO UPDATE SET counter = EXCLUDED.counter;
INSERT INTO sku_counters (department_code, counter) VALUES ('FAS', 3) ON CONFLICT (department_code) DO UPDATE SET counter = EXCLUDED.counter;
INSERT INTO sku_counters (department_code, counter) VALUES ('HVF', 2) ON CONFLICT (department_code) DO UPDATE SET counter = EXCLUDED.counter;
INSERT INTO sku_counters (department_code, counter) VALUES ('ADH', 2) ON CONFLICT (department_code) DO UPDATE SET counter = EXCLUDED.counter;
INSERT INTO sku_counters (department_code, counter) VALUES ('DRM', 1) ON CONFLICT (department_code) DO UPDATE SET counter = EXCLUDED.counter;
INSERT INTO sku_counters (department_code, counter) VALUES ('DRS', 1) ON CONFLICT (department_code) DO UPDATE SET counter = EXCLUDED.counter;
INSERT INTO sku_counters (department_code, counter) VALUES ('SAF', 1) ON CONFLICT (department_code) DO UPDATE SET counter = EXCLUDED.counter;
INSERT INTO sku_counters (department_code, counter) VALUES ('ROF', 1) ON CONFLICT (department_code) DO UPDATE SET counter = EXCLUDED.counter;
INSERT INTO sku_counters (department_code, counter) VALUES ('HTL', 1) ON CONFLICT (department_code) DO UPDATE SET counter = EXCLUDED.counter;
INSERT INTO sku_counters (department_code, counter) VALUES ('CLN', 1) ON CONFLICT (department_code) DO UPDATE SET counter = EXCLUDED.counter;
INSERT INTO sku_counters (department_code, counter) VALUES ('LOK', 2) ON CONFLICT (department_code) DO UPDATE SET counter = EXCLUDED.counter;
INSERT INTO sku_counters (department_code, counter) VALUES ('INS', 1) ON CONFLICT (department_code) DO UPDATE SET counter = EXCLUDED.counter;
INSERT INTO sku_counters (department_code, counter) VALUES ('FLO', 1) ON CONFLICT (department_code) DO UPDATE SET counter = EXCLUDED.counter;
INSERT INTO purchase_orders (id, vendor_id, vendor_name, document_date, total, status, created_by_id, created_by_name, received_at, received_by_id, received_by_name, xero_bill_id, xero_sync_status, created_at, updated_at, organization_id) VALUES ('c7eeb272-92ad-4249-aa66-97a562d0170f', '3416f02d-424d-4d69-8557-997907d232f1', 'Sherwin-Williams', '2026-03-01T12:00:00+00:00', 944.0, 'received', 'db3a2209-7b14-42e3-9c7b-8ab0b774f22b', 'Marcus Chen', '2026-03-03T12:00:00+00:00', 'db3a2209-7b14-42e3-9c7b-8ab0b774f22b', 'Marcus Chen', 'XERO-STUB-BILL-c7eeb272', 'synced', '2026-03-01T12:00:00+00:00', '2026-03-03T12:00:00+00:00', 'supply-yard') ON CONFLICT DO NOTHING;
INSERT INTO purchase_orders (id, vendor_id, vendor_name, document_date, total, status, created_by_id, created_by_name, received_at, received_by_id, received_by_name, xero_sync_status, created_at, updated_at, organization_id) VALUES ('9e242078-25a7-434d-a489-640d659487e9', '9da8de3b-e547-41c5-b35e-19bd384348fd', 'The Home Depot Pro', '2026-03-05T12:00:00+00:00', 658.0, 'received', 'db3a2209-7b14-42e3-9c7b-8ab0b774f22b', 'Marcus Chen', '2026-03-07T12:00:00+00:00', 'db3a2209-7b14-42e3-9c7b-8ab0b774f22b', 'Marcus Chen', 'pending', '2026-03-05T12:00:00+00:00', '2026-03-07T12:00:00+00:00', 'supply-yard') ON CONFLICT DO NOTHING;
INSERT INTO purchase_orders (id, vendor_id, vendor_name, document_date, total, status, created_by_id, created_by_name, xero_sync_status, created_at, updated_at, organization_id) VALUES ('f24c5a23-f542-443a-83c5-b3024fb2d12e', '80627dc3-b450-4baf-8625-e36e1dc4d5cc', 'Emery Jensen Distribution', '2026-03-14T12:00:00+00:00', 585.1999999999999, 'ordered', 'db3a2209-7b14-42e3-9c7b-8ab0b774f22b', 'Marcus Chen', 'pending', '2026-03-14T12:00:00+00:00', '2026-03-14T12:00:00+00:00', 'supply-yard') ON CONFLICT DO NOTHING;
INSERT INTO purchase_orders (id, vendor_id, vendor_name, document_date, total, status, created_by_id, created_by_name, xero_sync_status, created_at, updated_at, organization_id) VALUES ('fcbf80d3-e5eb-4516-b682-804e5293f071', 'e22e944d-a35d-442f-b76e-8e5502452498', 'Deck Expressions', '2026-03-16T12:00:00+00:00', 1009.4, 'ordered', 'db3a2209-7b14-42e3-9c7b-8ab0b774f22b', 'Marcus Chen', 'pending', '2026-03-16T12:00:00+00:00', '2026-03-16T12:00:00+00:00', 'supply-yard') ON CONFLICT DO NOTHING;
INSERT INTO purchase_order_items (id, po_id, name, original_sku, ordered_qty, delivered_qty, unit_price, cost, base_unit, sell_uom, suggested_department, status, sku_id, organization_id) VALUES ('5d9bdc74-17b3-4cfa-9c83-411e633c300a', 'c7eeb272-92ad-4249-aa66-97a562d0170f', 'SW SuperPaint Interior Flat - Gallon', 'PNT-SWSUPER-01', 10, 10, 0, 32.0, 'gallon', 'gallon', 'PNT', 'arrived', 'd7174e83-8a60-4243-bfe5-4c0047e101ab', 'supply-yard') ON CONFLICT DO NOTHING;
INSERT INTO purchase_order_items (id, po_id, name, original_sku, ordered_qty, delivered_qty, unit_price, cost, base_unit, sell_uom, suggested_department, status, sku_id, organization_id) VALUES ('29688875-1dde-4bbf-b5bf-fb56c3b5762e', 'c7eeb272-92ad-4249-aa66-97a562d0170f', 'SW SuperPaint Interior Satin - Gallon', 'PNT-SWSUPER-02', 8, 8, 0, 34.0, 'gallon', 'gallon', 'PNT', 'arrived', '39d6d056-c36b-4e77-853d-4f0686a6d317', 'supply-yard') ON CONFLICT DO NOTHING;
INSERT INTO purchase_order_items (id, po_id, name, original_sku, ordered_qty, delivered_qty, unit_price, cost, base_unit, sell_uom, suggested_department, status, sku_id, organization_id) VALUES ('8b2832b1-c66a-4b0b-b846-92801d25d455', 'c7eeb272-92ad-4249-aa66-97a562d0170f', 'SW SuperPaint Exterior Flat - Gallon', 'PNT-SWSUPER-03', 6, 6, 0, 36.0, 'gallon', 'gallon', 'PNT', 'arrived', 'ecd23bc8-eb47-4209-a297-fff4ca80b6ac', 'supply-yard') ON CONFLICT DO NOTHING;
INSERT INTO purchase_order_items (id, po_id, name, original_sku, ordered_qty, delivered_qty, unit_price, cost, base_unit, sell_uom, suggested_department, status, sku_id, organization_id) VALUES ('1ea23e13-a51f-48a2-9755-6bcd237f4786', 'c7eeb272-92ad-4249-aa66-97a562d0170f', 'Purdy White Dove 9" Roller Cover 3/8" Nap', 'PNS-ROLLER9-01', 20, 20, 0, 4.2, 'each', 'each', 'PNS', 'arrived', '1e0588fa-7c95-4f29-9514-e8dd6eca0f34', 'supply-yard') ON CONFLICT DO NOTHING;
INSERT INTO purchase_order_items (id, po_id, name, original_sku, ordered_qty, delivered_qty, unit_price, cost, base_unit, sell_uom, suggested_department, status, sku_id, organization_id) VALUES ('55aee435-d987-40df-8185-487bb95da54e', 'c7eeb272-92ad-4249-aa66-97a562d0170f', 'Sherwin-Williams Prep & Cleanup Wipes', 'CLN-PREPWIPE-01', 10, 10, 0, 5.2, 'pack', 'pack', 'CLN', 'arrived', '289216cb-2c90-40ae-b762-69a374a7aa60', 'supply-yard') ON CONFLICT DO NOTHING;
INSERT INTO purchase_order_items (id, po_id, name, original_sku, ordered_qty, delivered_qty, unit_price, cost, base_unit, sell_uom, suggested_department, status, sku_id, organization_id) VALUES ('43d03980-5184-4dee-9bcc-e3b7198a78ee', '9e242078-25a7-434d-a489-640d659487e9', 'Romex 14/2 NM-B 250ft', 'ELW-ROMEX14-01', 4, 4, 0, 52.0, 'foot', '250ft_spool', 'ELW', 'arrived', '97ad374e-3173-4994-b4ac-1f45ce5fbdf1', 'supply-yard') ON CONFLICT DO NOTHING;
INSERT INTO purchase_order_items (id, po_id, name, original_sku, ordered_qty, delivered_qty, unit_price, cost, base_unit, sell_uom, suggested_department, status, sku_id, organization_id) VALUES ('ce5f46cc-b4a2-40c5-a13d-3ee08f3e8097', '9e242078-25a7-434d-a489-640d659487e9', 'Romex 12/2 NM-B 250ft', 'ELW-ROMEX12-01', 2, 2, 0, 72.0, 'foot', '250ft_spool', 'ELW', 'arrived', '346fdc27-3bf0-4af2-924e-7091a39b49f0', 'supply-yard') ON CONFLICT DO NOTHING;
INSERT INTO purchase_order_items (id, po_id, name, original_sku, ordered_qty, delivered_qty, unit_price, cost, base_unit, sell_uom, suggested_department, status, sku_id, organization_id) VALUES ('82553df2-ccfd-4aab-9be4-236745ced069', '9e242078-25a7-434d-a489-640d659487e9', 'Leviton GFCI 15A Outlet White', 'ELE-GFCI15-01', 12, 12, 0, 10.5, 'each', 'each', 'ELE', 'arrived', '9e43da00-6093-4bc3-87e2-dc0007d95a73', 'supply-yard') ON CONFLICT DO NOTHING;
INSERT INTO purchase_order_items (id, po_id, name, original_sku, ordered_qty, delivered_qty, unit_price, cost, base_unit, sell_uom, suggested_department, status, sku_id, organization_id) VALUES ('f301c557-fba2-49b9-8a23-8acd5704549a', '9e242078-25a7-434d-a489-640d659487e9', 'SharkBite 1/2" 90-Degree Elbow', 'PLF-SHRKBT90-01', 20, 20, 0, 4.8, 'each', 'each', 'PLF', 'arrived', '3d59ce91-308a-4749-bb99-4c8b03d284d8', 'supply-yard') ON CONFLICT DO NOTHING;
INSERT INTO purchase_order_items (id, po_id, name, original_sku, ordered_qty, delivered_qty, unit_price, cost, base_unit, sell_uom, suggested_department, status, sku_id, organization_id) VALUES ('b64e32c4-3440-4e0c-b869-9a65a03d9dee', '9e242078-25a7-434d-a489-640d659487e9', 'SharkBite 1/2" Tee', 'PLF-SHRKBTT-01', 15, 15, 0, 5.6, 'each', 'each', 'PLF', 'arrived', 'eaba46e1-5256-40c5-b280-6d8b71cba485', 'supply-yard') ON CONFLICT DO NOTHING;
INSERT INTO purchase_order_items (id, po_id, name, original_sku, ordered_qty, delivered_qty, unit_price, cost, base_unit, sell_uom, suggested_department, status, sku_id, organization_id) VALUES ('e7a1620d-24d6-4cae-b71a-bd55da4a118c', 'f24c5a23-f542-443a-83c5-b3024fb2d12e', '2x4x8 SPF Stud', 'LUM-STUDS2X4-01', 50, 0, 0, 2.4, 'each', 'each', 'LUM', 'ordered', '021d2901-91f5-436f-bdcb-466d8e4325d4', 'supply-yard') ON CONFLICT DO NOTHING;
INSERT INTO purchase_order_items (id, po_id, name, original_sku, ordered_qty, delivered_qty, unit_price, cost, base_unit, sell_uom, suggested_department, status, sku_id, organization_id) VALUES ('873a5eb8-fce0-456d-ab5e-223c17213c3f', 'f24c5a23-f542-443a-83c5-b3024fb2d12e', '2x6x8 SPF', 'LUM-STUDS2X6-01', 20, 0, 0, 4.0, 'each', 'each', 'LUM', 'ordered', '8fa78caf-7e72-420e-976b-ec12b14132d4', 'supply-yard') ON CONFLICT DO NOTHING;
INSERT INTO purchase_order_items (id, po_id, name, original_sku, ordered_qty, delivered_qty, unit_price, cost, base_unit, sell_uom, suggested_department, status, sku_id, organization_id) VALUES ('de7206c7-b693-4097-b76f-5932b43f8086', 'f24c5a23-f542-443a-83c5-b3024fb2d12e', '1/2" x 4x8 Drywall Sheet', 'BLD-DRYWALL-01', 30, 0, 0, 8.2, 'sheet', 'sheet', 'BLD', 'ordered', '77b57bd9-5f31-4658-91c1-293dc8c5aa09', 'supply-yard') ON CONFLICT DO NOTHING;
INSERT INTO purchase_order_items (id, po_id, name, original_sku, ordered_qty, delivered_qty, unit_price, cost, base_unit, sell_uom, suggested_department, status, sku_id, organization_id) VALUES ('dc41b875-910c-49da-9e1a-8130f41214b1', 'f24c5a23-f542-443a-83c5-b3024fb2d12e', '#6 x 1-5/8" Drywall Screw 1lb', 'FAS-DRYSCR-01', 20, 0, 0, 2.8, 'box', 'box', 'FAS', 'ordered', 'c2286267-8087-4e4b-b5f4-77a514a346d2', 'supply-yard') ON CONFLICT DO NOTHING;
INSERT INTO purchase_order_items (id, po_id, name, original_sku, ordered_qty, delivered_qty, unit_price, cost, base_unit, sell_uom, suggested_department, status, sku_id, organization_id) VALUES ('1f0a1ac5-6879-4299-8fa2-9d249b3a7833', 'f24c5a23-f542-443a-83c5-b3024fb2d12e', 'USG Plus 3 Joint Compound 4.5gal', 'DRM-JNTCMPD-01', 8, 0, 0, 10.4, 'bucket', 'bucket', 'DRM', 'ordered', '561109f0-aff5-4697-b83a-47203273858d', 'supply-yard') ON CONFLICT DO NOTHING;
INSERT INTO purchase_order_items (id, po_id, name, original_sku, ordered_qty, delivered_qty, unit_price, cost, base_unit, sell_uom, suggested_department, status, sku_id, organization_id) VALUES ('1c7d404a-bbfb-40f4-b05d-f6ee8fb04493', 'fcbf80d3-e5eb-4516-b682-804e5293f071', '5/4x6x12 PT Deck Board', 'LUM-PTDECK-01', 60, 0, 0, 8.8, 'each', 'each', 'LUM', 'ordered', '25e18161-d12e-46f7-862c-9d52a09b30f1', 'supply-yard') ON CONFLICT DO NOTHING;
INSERT INTO purchase_order_items (id, po_id, name, original_sku, ordered_qty, delivered_qty, unit_price, cost, base_unit, sell_uom, suggested_department, status, sku_id, organization_id) VALUES ('27ebe0d3-389b-4a09-b3f4-498597dae055', 'fcbf80d3-e5eb-4516-b682-804e5293f071', '5/4x6x16 PT Deck Board', 'LUM-PTDECK-02', 24, 0, 0, 11.6, 'each', 'each', 'LUM', 'ordered', 'dcd16a65-d759-4885-a31b-a39548631179', 'supply-yard') ON CONFLICT DO NOTHING;
INSERT INTO purchase_order_items (id, po_id, name, original_sku, ordered_qty, delivered_qty, unit_price, cost, base_unit, sell_uom, suggested_department, status, sku_id, organization_id) VALUES ('7814eec9-a467-48f6-9cc2-e1c8125622e5', 'fcbf80d3-e5eb-4516-b682-804e5293f071', 'GRK #8 x 2-1/2" Deck Screw 100pk', 'FAS-DECKSCR-01', 15, 0, 0, 7.8, 'box', 'box', 'FAS', 'ordered', 'df11d827-c5cf-487d-8bc2-ff34a4cf1af0', 'supply-yard') ON CONFLICT DO NOTHING;
INSERT INTO purchase_order_items (id, po_id, name, original_sku, ordered_qty, delivered_qty, unit_price, cost, base_unit, sell_uom, suggested_department, status, sku_id, organization_id) VALUES ('efd5cfc4-5400-4421-9e29-c89fb2a276fc', 'fcbf80d3-e5eb-4516-b682-804e5293f071', 'GRK #8 x 3" Deck Screw 100pk', 'FAS-DECKSCR-02', 10, 0, 0, 8.6, 'box', 'box', 'FAS', 'ordered', '7088ba8e-3b18-44b0-b8ae-9a7ce1ac251d', 'supply-yard') ON CONFLICT DO NOTHING;
INSERT INTO withdrawals (id, items, job_id, service_address, subtotal, tax, tax_rate, total, cost_total, contractor_id, contractor_name, contractor_company, billing_entity, billing_entity_id, payment_status, invoice_id, paid_at, processed_by_id, processed_by_name, organization_id, created_at) VALUES ('67cc2888-01b0-4f6d-9eb1-b5bceca709ed', '[{"sku_id": "f509e4c3-86ae-4a0a-9dcd-0d4d4c4b5e51", "sku": "PLP-PEXTUBE-01", "name": "PEX-A Tubing 1/2\" x 100ft Red", "quantity": 2, "unit_price": 42.99, "cost": 24.5, "unit": "foot", "sell_uom": "100ft_coil", "sell_cost": 24.5, "subtotal": 85.98, "cost_total": 49.0}, {"sku_id": "3d59ce91-308a-4749-bb99-4c8b03d284d8", "sku": "PLF-SHRKBT90-01", "name": "SharkBite 1/2\" 90-Degree Elbow", "quantity": 10, "unit_price": 8.49, "cost": 4.8, "unit": "each", "sell_uom": "each", "sell_cost": 4.8, "subtotal": 84.9, "cost_total": 48.0}, {"sku_id": "eaba46e1-5256-40c5-b280-6d8b71cba485", "sku": "PLF-SHRKBTT-01", "name": "SharkBite 1/2\" Tee", "quantity": 6, "unit_price": 9.99, "cost": 5.6, "unit": "each", "sell_uom": "each", "sell_cost": 5.6, "subtotal": 59.94, "cost_total": 33.6}]', 'RR-2026-001', '1200 Mountain View Dr, Unit 4A, Vail CO', 230.82, 23.08, 0.10, 253.9, 130.6, '4d5ff6c9-6ac2-4929-bd5f-e4197c10d009', 'Mike Torres', '', 'Riva Ridge Property Mgmt', '072f39cd-940f-46a5-8555-7158d5a2be31', 'paid', '72aab2b5-a689-4f6e-bb34-98e709c9f4fe', '2026-03-12T12:00:00+00:00', 'db3a2209-7b14-42e3-9c7b-8ab0b774f22b', 'Marcus Chen', 'supply-yard', '2026-03-05T12:00:00+00:00') ON CONFLICT DO NOTHING;
INSERT INTO withdrawals (id, items, job_id, service_address, subtotal, tax, tax_rate, total, cost_total, contractor_id, contractor_name, contractor_company, billing_entity, billing_entity_id, payment_status, invoice_id, paid_at, processed_by_id, processed_by_name, organization_id, created_at) VALUES ('73606422-b21e-4390-9a29-4a10926b44f4', '[{"sku_id": "2e058e41-1d23-4362-8cfa-203f6dd74d1d", "sku": "ELE-DECORASW-01", "name": "Leviton Decora 15A Switch White", "quantity": 8, "unit_price": 3.29, "cost": 1.6, "unit": "each", "sell_uom": "each", "sell_cost": 1.6, "subtotal": 26.32, "cost_total": 12.8}, {"sku_id": "9e43da00-6093-4bc3-87e2-dc0007d95a73", "sku": "ELE-GFCI15-01", "name": "Leviton GFCI 15A Outlet White", "quantity": 4, "unit_price": 18.99, "cost": 10.5, "unit": "each", "sell_uom": "each", "sell_cost": 10.5, "subtotal": 75.96, "cost_total": 42.0}, {"sku_id": "97ad374e-3173-4994-b4ac-1f45ce5fbdf1", "sku": "ELW-ROMEX14-01", "name": "Romex 14/2 NM-B 250ft", "quantity": 1, "unit_price": 89.99, "cost": 52.0, "unit": "foot", "sell_uom": "250ft_spool", "sell_cost": 52.0, "subtotal": 89.99, "cost_total": 52.0}]', 'RR-2026-001', '1200 Mountain View Dr, Unit 4A, Vail CO', 192.26999999999998, 19.23, 0.10, 211.5, 106.8, '4d5ff6c9-6ac2-4929-bd5f-e4197c10d009', 'Mike Torres', '', 'Riva Ridge Property Mgmt', '072f39cd-940f-46a5-8555-7158d5a2be31', 'invoiced', '5882176f-2785-46be-be3c-230d0a157e54', NULL, 'db3a2209-7b14-42e3-9c7b-8ab0b774f22b', 'Marcus Chen', 'supply-yard', '2026-03-07T12:00:00+00:00') ON CONFLICT DO NOTHING;
INSERT INTO withdrawals (id, items, job_id, service_address, subtotal, tax, tax_rate, total, cost_total, contractor_id, contractor_name, contractor_company, billing_entity, billing_entity_id, payment_status, invoice_id, paid_at, processed_by_id, processed_by_name, organization_id, created_at) VALUES ('9e9e3561-4b08-483e-afa1-f286f4ea67fe', '[{"sku_id": "77b57bd9-5f31-4658-91c1-293dc8c5aa09", "sku": "BLD-DRYWALL-01", "name": "1/2\" x 4x8 Drywall Sheet", "quantity": 12, "unit_price": 14.99, "cost": 8.2, "unit": "sheet", "sell_uom": "sheet", "sell_cost": 8.2, "subtotal": 179.88, "cost_total": 98.4}, {"sku_id": "c2286267-8087-4e4b-b5f4-77a514a346d2", "sku": "FAS-DRYSCR-01", "name": "#6 x 1-5/8\" Drywall Screw 1lb", "quantity": 4, "unit_price": 5.99, "cost": 2.8, "unit": "box", "sell_uom": "box", "sell_cost": 2.8, "subtotal": 23.96, "cost_total": 11.2}, {"sku_id": "561109f0-aff5-4697-b83a-47203273858d", "sku": "DRM-JNTCMPD-01", "name": "USG Plus 3 Joint Compound 4.5gal", "quantity": 2, "unit_price": 18.99, "cost": 10.4, "unit": "bucket", "sell_uom": "bucket", "sell_cost": 10.4, "subtotal": 37.98, "cost_total": 20.8}, {"sku_id": "04d47b88-51b5-4b59-bcf5-f1710b43575b", "sku": "DRS-DRYTAPE-01", "name": "FibaTape Mesh Drywall Tape 300ft", "quantity": 3, "unit_price": 6.99, "cost": 3.2, "unit": "roll", "sell_uom": "roll", "sell_cost": 3.2, "subtotal": 20.97, "cost_total": 9.6}]', 'RR-2026-002', '1200 Mountain View Dr, Unit 7B, Vail CO', 262.78999999999996, 26.28, 0.10, 289.07, 140.0, '4d5ff6c9-6ac2-4929-bd5f-e4197c10d009', 'Mike Torres', '', 'Riva Ridge Property Mgmt', '072f39cd-940f-46a5-8555-7158d5a2be31', 'invoiced', '5882176f-2785-46be-be3c-230d0a157e54', NULL, 'db3a2209-7b14-42e3-9c7b-8ab0b774f22b', 'Marcus Chen', 'supply-yard', '2026-03-09T12:00:00+00:00') ON CONFLICT DO NOTHING;
INSERT INTO withdrawals (id, items, job_id, service_address, subtotal, tax, tax_rate, total, cost_total, contractor_id, contractor_name, contractor_company, billing_entity, billing_entity_id, payment_status, invoice_id, paid_at, processed_by_id, processed_by_name, organization_id, created_at) VALUES ('90610e8b-490d-482d-8155-11470b6e8f1f', '[{"sku_id": "25e18161-d12e-46f7-862c-9d52a09b30f1", "sku": "LUM-PTDECK-01", "name": "5/4x6x12 PT Deck Board", "quantity": 20, "unit_price": 14.99, "cost": 8.8, "unit": "each", "sell_uom": "each", "sell_cost": 8.8, "subtotal": 299.8, "cost_total": 176.0}, {"sku_id": "dcd16a65-d759-4885-a31b-a39548631179", "sku": "LUM-PTDECK-02", "name": "5/4x6x16 PT Deck Board", "quantity": 8, "unit_price": 19.99, "cost": 11.6, "unit": "each", "sell_uom": "each", "sell_cost": 11.6, "subtotal": 159.92, "cost_total": 92.8}, {"sku_id": "df11d827-c5cf-487d-8bc2-ff34a4cf1af0", "sku": "FAS-DECKSCR-01", "name": "GRK #8 x 2-1/2\" Deck Screw 100pk", "quantity": 6, "unit_price": 14.99, "cost": 7.8, "unit": "box", "sell_uom": "box", "sell_cost": 7.8, "subtotal": 89.94, "cost_total": 46.8}]', 'SP-2026-001', '345 Pine Ridge Rd, Aspen CO', 549.66, 54.97, 0.10, 604.63, 315.6, '0565b2d4-2c7d-4b5e-9aa7-a2a05d387224', 'Sarah Okafor', '', 'Summit Property Group', '77cd2847-439e-4597-a686-1c36171e8a26', 'unpaid', NULL, NULL, 'db3a2209-7b14-42e3-9c7b-8ab0b774f22b', 'Marcus Chen', 'supply-yard', '2026-03-11T12:00:00+00:00') ON CONFLICT DO NOTHING;
INSERT INTO withdrawals (id, items, job_id, service_address, subtotal, tax, tax_rate, total, cost_total, contractor_id, contractor_name, contractor_company, billing_entity, billing_entity_id, payment_status, invoice_id, paid_at, processed_by_id, processed_by_name, organization_id, created_at) VALUES ('f480acbb-1d1d-49d8-b221-f93523da5ffe', '[{"sku_id": "021d2901-91f5-436f-bdcb-466d8e4325d4", "sku": "LUM-STUDS2X4-01", "name": "2x4x8 SPF Stud", "quantity": 12, "unit_price": 4.29, "cost": 2.4, "unit": "each", "sell_uom": "each", "sell_cost": 2.4, "subtotal": 51.48, "cost_total": 28.8}, {"sku_id": "8fa78caf-7e72-420e-976b-ec12b14132d4", "sku": "LUM-STUDS2X6-01", "name": "2x6x8 SPF", "quantity": 8, "unit_price": 6.99, "cost": 4.0, "unit": "each", "sell_uom": "each", "sell_cost": 4.0, "subtotal": 55.92, "cost_total": 32.0}, {"sku_id": "755a6c4b-5cd1-4af7-bcbe-836dfe26b67c", "sku": "CON-QUIKSET-01", "name": "Quikrete Fast-Setting Concrete 50lb", "quantity": 6, "unit_price": 7.49, "cost": 4.1, "unit": "bag", "sell_uom": "bag", "sell_cost": 4.1, "subtotal": 44.94, "cost_total": 24.6}]', 'SP-2026-001', '345 Pine Ridge Rd, Aspen CO', 152.34, 15.23, 0.10, 167.57, 85.39999999999999, '0565b2d4-2c7d-4b5e-9aa7-a2a05d387224', 'Sarah Okafor', '', 'Summit Property Group', '77cd2847-439e-4597-a686-1c36171e8a26', 'unpaid', NULL, NULL, 'db3a2209-7b14-42e3-9c7b-8ab0b774f22b', 'Marcus Chen', 'supply-yard', '2026-03-13T12:00:00+00:00') ON CONFLICT DO NOTHING;
