INSERT INTO organizations (id, name, slug, created_at) VALUES ('supply-yard', 'Supply Yard', 'supply-yard', '2025-03-17T12:00:00+00:00') ON CONFLICT (id) DO NOTHING;
INSERT INTO org_settings (organization_id, auto_invoice, default_tax_rate) VALUES ('supply-yard', 0, 0.10) ON CONFLICT (organization_id) DO NOTHING;
INSERT INTO departments (id, name, code, description, sku_count, organization_id, created_at) VALUES ('4753efba-dd4e-4b40-9c79-78c2090d1649', 'Adhesives', 'ADH', '', 0, 'supply-yard', '2025-03-17T12:00:00+00:00') ON CONFLICT (organization_id, code) DO NOTHING;
INSERT INTO departments (id, name, code, description, sku_count, organization_id, created_at) VALUES ('fd08740e-d05a-42db-acde-7159ead5adb7', 'Appliances', 'APP', '', 0, 'supply-yard', '2025-03-17T12:00:00+00:00') ON CONFLICT (organization_id, code) DO NOTHING;
INSERT INTO departments (id, name, code, description, sku_count, organization_id, created_at) VALUES ('df02cbfb-9524-4f5e-ac5e-b60fa9699b4f', 'Automotive', 'AUT', '', 0, 'supply-yard', '2025-03-17T12:00:00+00:00') ON CONFLICT (organization_id, code) DO NOTHING;
INSERT INTO departments (id, name, code, description, sku_count, organization_id, created_at) VALUES ('39545d12-de83-4c5d-bf49-5be30eac1069', 'Bathroom Material', 'BAM', '', 0, 'supply-yard', '2025-03-17T12:00:00+00:00') ON CONFLICT (organization_id, code) DO NOTHING;
INSERT INTO departments (id, name, code, description, sku_count, organization_id, created_at) VALUES ('67a509db-dc16-4ef9-990d-284989496fe5', 'Bathroom Supplies', 'BAS', '', 0, 'supply-yard', '2025-03-17T12:00:00+00:00') ON CONFLICT (organization_id, code) DO NOTHING;
INSERT INTO departments (id, name, code, description, sku_count, organization_id, created_at) VALUES ('2630c934-d778-466b-af53-6d7e71680192', 'Building Materials', 'BLD', '', 0, 'supply-yard', '2025-03-17T12:00:00+00:00') ON CONFLICT (organization_id, code) DO NOTHING;
INSERT INTO departments (id, name, code, description, sku_count, organization_id, created_at) VALUES ('971e8413-a46b-4739-9226-040e2b206850', 'Caulk', 'CAU', '', 0, 'supply-yard', '2025-03-17T12:00:00+00:00') ON CONFLICT (organization_id, code) DO NOTHING;
INSERT INTO departments (id, name, code, description, sku_count, organization_id, created_at) VALUES ('313f1cc6-179e-4d5c-af10-c531d956a489', 'Cleaning', 'CLN', '', 0, 'supply-yard', '2025-03-17T12:00:00+00:00') ON CONFLICT (organization_id, code) DO NOTHING;
INSERT INTO departments (id, name, code, description, sku_count, organization_id, created_at) VALUES ('8a9ce70d-4245-466f-9063-f7196a68b3ec', 'Concrete', 'CON', '', 0, 'supply-yard', '2025-03-17T12:00:00+00:00') ON CONFLICT (organization_id, code) DO NOTHING;
INSERT INTO departments (id, name, code, description, sku_count, organization_id, created_at) VALUES ('a4c8b4c9-4fbf-4143-8ce1-d5e8a5f227af', 'Door Repair', 'DRP', '', 0, 'supply-yard', '2025-03-17T12:00:00+00:00') ON CONFLICT (organization_id, code) DO NOTHING;
INSERT INTO departments (id, name, code, description, sku_count, organization_id, created_at) VALUES ('6da9b851-883a-44ef-baa4-396cf568d3f0', 'Doors', 'DOR', '', 0, 'supply-yard', '2025-03-17T12:00:00+00:00') ON CONFLICT (organization_id, code) DO NOTHING;
INSERT INTO departments (id, name, code, description, sku_count, organization_id, created_at) VALUES ('1776fb03-b333-4ccf-a02d-7a3f6098ba11', 'Drywall Mud', 'DRM', '', 0, 'supply-yard', '2025-03-17T12:00:00+00:00') ON CONFLICT (organization_id, code) DO NOTHING;
INSERT INTO departments (id, name, code, description, sku_count, organization_id, created_at) VALUES ('3652aa63-495a-4f9c-86fd-11c8d8a6c403', 'Drywall Supplies', 'DRS', '', 0, 'supply-yard', '2025-03-17T12:00:00+00:00') ON CONFLICT (organization_id, code) DO NOTHING;
INSERT INTO departments (id, name, code, description, sku_count, organization_id, created_at) VALUES ('8d82ffd1-6f45-4ad9-a7c4-c80259bf95c7', 'Electrical', 'ELE', '', 0, 'supply-yard', '2025-03-17T12:00:00+00:00') ON CONFLICT (organization_id, code) DO NOTHING;
INSERT INTO departments (id, name, code, description, sku_count, organization_id, created_at) VALUES ('482d8b6f-cc60-40c9-a974-0e0361c95085', 'Electrical - Cords', 'ELC', '', 0, 'supply-yard', '2025-03-17T12:00:00+00:00') ON CONFLICT (organization_id, code) DO NOTHING;
INSERT INTO departments (id, name, code, description, sku_count, organization_id, created_at) VALUES ('4b865b9e-7f54-4c76-8b09-0a8c7f312e0d', 'Electrical - Wire', 'ELW', '', 0, 'supply-yard', '2025-03-17T12:00:00+00:00') ON CONFLICT (organization_id, code) DO NOTHING;
INSERT INTO departments (id, name, code, description, sku_count, organization_id, created_at) VALUES ('0ea1fd4f-3620-429e-a4fd-955e742addb2', 'Fans', 'FAN', '', 0, 'supply-yard', '2025-03-17T12:00:00+00:00') ON CONFLICT (organization_id, code) DO NOTHING;
INSERT INTO departments (id, name, code, description, sku_count, organization_id, created_at) VALUES ('7aa1e663-b73a-4b6d-9d25-d4d9b9c6e707', 'Fasteners', 'FAS', '', 0, 'supply-yard', '2025-03-17T12:00:00+00:00') ON CONFLICT (organization_id, code) DO NOTHING;
INSERT INTO departments (id, name, code, description, sku_count, organization_id, created_at) VALUES ('a6ed9c65-2c07-4c67-8922-964b3f9ab124', 'Flooring', 'FLO', '', 0, 'supply-yard', '2025-03-17T12:00:00+00:00') ON CONFLICT (organization_id, code) DO NOTHING;
INSERT INTO departments (id, name, code, description, sku_count, organization_id, created_at) VALUES ('0cc9c3db-afb7-4b3e-a52a-ad8891e3e29e', 'Fuel', 'FUE', '', 0, 'supply-yard', '2025-03-17T12:00:00+00:00') ON CONFLICT (organization_id, code) DO NOTHING;
INSERT INTO departments (id, name, code, description, sku_count, organization_id, created_at) VALUES ('e0cf443e-67c7-4f2e-a262-bde40d4ed9f5', 'HVAC', 'HVA', '', 0, 'supply-yard', '2025-03-17T12:00:00+00:00') ON CONFLICT (organization_id, code) DO NOTHING;
INSERT INTO departments (id, name, code, description, sku_count, organization_id, created_at) VALUES ('84fcd511-e376-48de-a8cc-1a1554cf33c8', 'HVAC - Filters', 'HVF', '', 0, 'supply-yard', '2025-03-17T12:00:00+00:00') ON CONFLICT (organization_id, code) DO NOTHING;
INSERT INTO departments (id, name, code, description, sku_count, organization_id, created_at) VALUES ('b38da973-e97f-4130-b01f-cb107bf890fb', 'Hand Tool Accessories', 'HTA', '', 0, 'supply-yard', '2025-03-17T12:00:00+00:00') ON CONFLICT (organization_id, code) DO NOTHING;
INSERT INTO departments (id, name, code, description, sku_count, organization_id, created_at) VALUES ('d8563bd7-039a-4428-b36f-900a47909cff', 'Hand Tools', 'HTL', '', 0, 'supply-yard', '2025-03-17T12:00:00+00:00') ON CONFLICT (organization_id, code) DO NOTHING;
INSERT INTO departments (id, name, code, description, sku_count, organization_id, created_at) VALUES ('c194ee03-6629-44bc-91f5-18fa985bfb9a', 'Handles and Knobs', 'HNK', '', 0, 'supply-yard', '2025-03-17T12:00:00+00:00') ON CONFLICT (organization_id, code) DO NOTHING;
INSERT INTO departments (id, name, code, description, sku_count, organization_id, created_at) VALUES ('cd35c4f7-b3f9-4570-a2ce-79271aa1de0c', 'Handrail', 'HRL', '', 0, 'supply-yard', '2025-03-17T12:00:00+00:00') ON CONFLICT (organization_id, code) DO NOTHING;
INSERT INTO departments (id, name, code, description, sku_count, organization_id, created_at) VALUES ('a30d0851-4561-4c32-9459-dbe805305d32', 'Home Protection', 'HPR', '', 0, 'supply-yard', '2025-03-17T12:00:00+00:00') ON CONFLICT (organization_id, code) DO NOTHING;
INSERT INTO departments (id, name, code, description, sku_count, organization_id, created_at) VALUES ('2509a408-d4a9-4400-89cf-f3f672682b84', 'Insulation', 'INS', '', 0, 'supply-yard', '2025-03-17T12:00:00+00:00') ON CONFLICT (organization_id, code) DO NOTHING;
INSERT INTO departments (id, name, code, description, sku_count, organization_id, created_at) VALUES ('3bcb9cc2-ba58-40bb-9931-3665ce6fa66e', 'Keys', 'KEY', '', 0, 'supply-yard', '2025-03-17T12:00:00+00:00') ON CONFLICT (organization_id, code) DO NOTHING;
INSERT INTO departments (id, name, code, description, sku_count, organization_id, created_at) VALUES ('b18001ac-5fba-4fab-a151-ffd7cd481d97', 'Landscaping Supplies', 'LND', '', 0, 'supply-yard', '2025-03-17T12:00:00+00:00') ON CONFLICT (organization_id, code) DO NOTHING;
INSERT INTO departments (id, name, code, description, sku_count, organization_id, created_at) VALUES ('9d267239-cd14-45ab-bd76-958de0872390', 'Light Bulbs', 'LBL', '', 0, 'supply-yard', '2025-03-17T12:00:00+00:00') ON CONFLICT (organization_id, code) DO NOTHING;
INSERT INTO departments (id, name, code, description, sku_count, organization_id, created_at) VALUES ('074a9be7-503b-409c-90fc-95d7d9afd4cd', 'Light Fixtures', 'LFX', '', 0, 'supply-yard', '2025-03-17T12:00:00+00:00') ON CONFLICT (organization_id, code) DO NOTHING;
INSERT INTO departments (id, name, code, description, sku_count, organization_id, created_at) VALUES ('b3aa34d8-3211-4516-9446-b9c5a12329e9', 'Locks/Knobs', 'LOK', '', 0, 'supply-yard', '2025-03-17T12:00:00+00:00') ON CONFLICT (organization_id, code) DO NOTHING;
INSERT INTO departments (id, name, code, description, sku_count, organization_id, created_at) VALUES ('fc684b88-a335-4757-9e2b-008e8cfb509c', 'Lubes', 'LUB', '', 0, 'supply-yard', '2025-03-17T12:00:00+00:00') ON CONFLICT (organization_id, code) DO NOTHING;
INSERT INTO departments (id, name, code, description, sku_count, organization_id, created_at) VALUES ('d7c9d231-8196-4c7c-90ea-3920c24f7b04', 'Lumber', 'LUM', '', 0, 'supply-yard', '2025-03-17T12:00:00+00:00') ON CONFLICT (organization_id, code) DO NOTHING;
INSERT INTO departments (id, name, code, description, sku_count, organization_id, created_at) VALUES ('d019feca-8137-454b-9d8e-eaf9d0a7673d', 'Mailboxes', 'MBX', '', 0, 'supply-yard', '2025-03-17T12:00:00+00:00') ON CONFLICT (organization_id, code) DO NOTHING;
INSERT INTO departments (id, name, code, description, sku_count, organization_id, created_at) VALUES ('021301eb-dbdd-4b08-b8ce-9948ca972738', 'Masonry', 'MAS', '', 0, 'supply-yard', '2025-03-17T12:00:00+00:00') ON CONFLICT (organization_id, code) DO NOTHING;
INSERT INTO departments (id, name, code, description, sku_count, organization_id, created_at) VALUES ('c949633a-2204-40d8-beba-b0aaf1fe4d17', 'Miscellaneous', 'MSC', '', 0, 'supply-yard', '2025-03-17T12:00:00+00:00') ON CONFLICT (organization_id, code) DO NOTHING;
INSERT INTO departments (id, name, code, description, sku_count, organization_id, created_at) VALUES ('eba731a9-bbe1-44f0-91e2-e18a9c4d2bd2', 'Miscellaneous Parts', 'MSP', '', 0, 'supply-yard', '2025-03-17T12:00:00+00:00') ON CONFLICT (organization_id, code) DO NOTHING;
INSERT INTO departments (id, name, code, description, sku_count, organization_id, created_at) VALUES ('8379dc92-110b-42bb-b36f-ac1345b24fa3', 'Paint Products', 'PNT', '', 0, 'supply-yard', '2025-03-17T12:00:00+00:00') ON CONFLICT (organization_id, code) DO NOTHING;
INSERT INTO departments (id, name, code, description, sku_count, organization_id, created_at) VALUES ('5d16f148-b737-4bef-be70-3cad52dc7257', 'Paint Supplies', 'PNS', '', 0, 'supply-yard', '2025-03-17T12:00:00+00:00') ON CONFLICT (organization_id, code) DO NOTHING;
INSERT INTO departments (id, name, code, description, sku_count, organization_id, created_at) VALUES ('5ad75848-59f2-4aa4-9a65-9b1efe789b6e', 'Pest Control', 'PST', '', 0, 'supply-yard', '2025-03-17T12:00:00+00:00') ON CONFLICT (organization_id, code) DO NOTHING;
INSERT INTO departments (id, name, code, description, sku_count, organization_id, created_at) VALUES ('da3d7b59-a6d1-426c-b746-19f90860bfe2', 'Plumbing - Fittings', 'PLF', '', 0, 'supply-yard', '2025-03-17T12:00:00+00:00') ON CONFLICT (organization_id, code) DO NOTHING;
INSERT INTO departments (id, name, code, description, sku_count, organization_id, created_at) VALUES ('720d358e-6649-4249-811f-3870c8639ae2', 'Plumbing - Fixtures', 'PLX', '', 0, 'supply-yard', '2025-03-17T12:00:00+00:00') ON CONFLICT (organization_id, code) DO NOTHING;
INSERT INTO departments (id, name, code, description, sku_count, organization_id, created_at) VALUES ('ff49ad90-6989-4f3d-89f5-fb0a671bf5e2', 'Plumbing - Gas', 'PLG', '', 0, 'supply-yard', '2025-03-17T12:00:00+00:00') ON CONFLICT (organization_id, code) DO NOTHING;
INSERT INTO departments (id, name, code, description, sku_count, organization_id, created_at) VALUES ('0221dace-7b23-400b-8416-a45595a84d64', 'Plumbing - General', 'PLM', '', 0, 'supply-yard', '2025-03-17T12:00:00+00:00') ON CONFLICT (organization_id, code) DO NOTHING;
INSERT INTO departments (id, name, code, description, sku_count, organization_id, created_at) VALUES ('7d93097e-1cd1-4a51-b022-c2a4531aaca2', 'Plumbing - Pipe', 'PLP', '', 0, 'supply-yard', '2025-03-17T12:00:00+00:00') ON CONFLICT (organization_id, code) DO NOTHING;
INSERT INTO departments (id, name, code, description, sku_count, organization_id, created_at) VALUES ('62dfe2cd-d3be-4719-9f46-4e918820dae8', 'Plumbing - Sink Repair', 'PSR', '', 0, 'supply-yard', '2025-03-17T12:00:00+00:00') ON CONFLICT (organization_id, code) DO NOTHING;
INSERT INTO departments (id, name, code, description, sku_count, organization_id, created_at) VALUES ('f2e7d787-ce79-4954-bfba-0cffd633fa6d', 'Plumbing - Sinks', 'PSK', '', 0, 'supply-yard', '2025-03-17T12:00:00+00:00') ON CONFLICT (organization_id, code) DO NOTHING;
INSERT INTO departments (id, name, code, description, sku_count, organization_id, created_at) VALUES ('4090221f-84c8-4c25-9d7d-034b86f968aa', 'Plumbing - Toilet Repair', 'PTR', '', 0, 'supply-yard', '2025-03-17T12:00:00+00:00') ON CONFLICT (organization_id, code) DO NOTHING;
INSERT INTO departments (id, name, code, description, sku_count, organization_id, created_at) VALUES ('94a52241-9698-4440-a8be-7928615aafa2', 'Power Tool Accessories', 'PTA', '', 0, 'supply-yard', '2025-03-17T12:00:00+00:00') ON CONFLICT (organization_id, code) DO NOTHING;
INSERT INTO departments (id, name, code, description, sku_count, organization_id, created_at) VALUES ('3c591a21-b8a6-4b96-85cf-9e64cfc90235', 'Power Tools', 'PWR', '', 0, 'supply-yard', '2025-03-17T12:00:00+00:00') ON CONFLICT (organization_id, code) DO NOTHING;
INSERT INTO departments (id, name, code, description, sku_count, organization_id, created_at) VALUES ('9c0f385b-e255-42aa-b228-89de1e6c51cc', 'Roofing Supplies', 'ROF', '', 0, 'supply-yard', '2025-03-17T12:00:00+00:00') ON CONFLICT (organization_id, code) DO NOTHING;
INSERT INTO departments (id, name, code, description, sku_count, organization_id, created_at) VALUES ('83350dfc-87d7-45b3-bfc3-005ebd48940f', 'Safety', 'SAF', '', 0, 'supply-yard', '2025-03-17T12:00:00+00:00') ON CONFLICT (organization_id, code) DO NOTHING;
INSERT INTO departments (id, name, code, description, sku_count, organization_id, created_at) VALUES ('e4669d5a-c881-456c-911c-dc5501fcceff', 'Small Appliances', 'SMA', '', 0, 'supply-yard', '2025-03-17T12:00:00+00:00') ON CONFLICT (organization_id, code) DO NOTHING;
INSERT INTO departments (id, name, code, description, sku_count, organization_id, created_at) VALUES ('9e1bd547-d1a1-4d3a-88c2-241ac6e81c77', 'Trash Cans', 'TRS', '', 0, 'supply-yard', '2025-03-17T12:00:00+00:00') ON CONFLICT (organization_id, code) DO NOTHING;
INSERT INTO departments (id, name, code, description, sku_count, organization_id, created_at) VALUES ('8843fe56-849c-443a-b4a7-0c505177a852', 'Window', 'WIN', '', 0, 'supply-yard', '2025-03-17T12:00:00+00:00') ON CONFLICT (organization_id, code) DO NOTHING;
INSERT INTO departments (id, name, code, description, sku_count, organization_id, created_at) VALUES ('c3cb0d79-43d5-4fa9-b5a3-eddbb42e1d62', 'Winter', 'WNT', '', 0, 'supply-yard', '2025-03-17T12:00:00+00:00') ON CONFLICT (organization_id, code) DO NOTHING;
INSERT INTO users (id, email, password, name, role, company, billing_entity, phone, is_active, organization_id, created_at) VALUES ('db3a2209-7b14-42e3-9c7b-8ab0b774f22b', 'admin@supplyyard.com', '$2b$12$LJ3m4ys3Lg8U0cOqXn6xAOQzf3LYwnBR6FmPXjBZ5VQ9IJ6Lqt3jC', 'Marcus Chen', 'admin', '', '', '', 1, 'supply-yard', '2025-12-17T12:00:00+00:00') ON CONFLICT (email) DO UPDATE SET password = EXCLUDED.password, name = EXCLUDED.name, role = EXCLUDED.role;
INSERT INTO users (id, email, password, name, role, company, billing_entity, phone, is_active, organization_id, created_at) VALUES ('4d5ff6c9-6ac2-4929-bd5f-e4197c10d009', 'mike@rivridge.com', '$2b$12$LJ3m4ys3Lg8U0cOqXn6xAOQzf3LYwnBR6FmPXjBZ5VQ9IJ6Lqt3jC', 'Mike Torres', 'contractor', 'Riva Ridge Property Mgmt', 'Riva Ridge Property Mgmt', '', 1, 'supply-yard', '2025-12-17T12:00:00+00:00') ON CONFLICT (email) DO UPDATE SET password = EXCLUDED.password, name = EXCLUDED.name, role = EXCLUDED.role;
INSERT INTO users (id, email, password, name, role, company, billing_entity, phone, is_active, organization_id, created_at) VALUES ('0565b2d4-2c7d-4b5e-9aa7-a2a05d387224', 'sarah@summitpm.com', '$2b$12$LJ3m4ys3Lg8U0cOqXn6xAOQzf3LYwnBR6FmPXjBZ5VQ9IJ6Lqt3jC', 'Sarah Okafor', 'contractor', 'Summit Property Group', 'Summit Property Group', '', 1, 'supply-yard', '2025-12-17T12:00:00+00:00') ON CONFLICT (email) DO UPDATE SET password = EXCLUDED.password, name = EXCLUDED.name, role = EXCLUDED.role;
INSERT INTO vendors (id, name, contact_name, email, phone, address, organization_id, created_at) VALUES ('80627dc3-b450-4baf-8625-e36e1dc4d5cc', 'Emery Jensen Distribution', 'Pat Emery', 'orders@emeryjensen.com', '555-0101', '2400 Industrial Pkwy, Elkhart IN', 'supply-yard', '2025-09-18T12:00:00+00:00') ON CONFLICT DO NOTHING;
INSERT INTO vendors (id, name, contact_name, email, phone, address, organization_id, created_at) VALUES ('3416f02d-424d-4d69-8557-997907d232f1', 'Sherwin-Williams', 'Alex Rivera', 'pro@sherwin.com', '555-0102', '101 W Prospect Ave, Cleveland OH', 'supply-yard', '2025-09-18T12:00:00+00:00') ON CONFLICT DO NOTHING;
INSERT INTO vendors (id, name, contact_name, email, phone, address, organization_id, created_at) VALUES ('9da8de3b-e547-41c5-b35e-19bd384348fd', 'The Home Depot Pro', 'Jordan Lee', 'pro-desk@homedepot.com', '555-0103', '2455 Paces Ferry Rd, Atlanta GA', 'supply-yard', '2025-09-18T12:00:00+00:00') ON CONFLICT DO NOTHING;
INSERT INTO vendors (id, name, contact_name, email, phone, address, organization_id, created_at) VALUES ('cda183a4-da2c-4877-9de9-1b5a8a660b1a', 'Amazon Business', '', 'business@amazon.com', '', '', 'supply-yard', '2025-09-18T12:00:00+00:00') ON CONFLICT DO NOTHING;
INSERT INTO vendors (id, name, contact_name, email, phone, address, organization_id, created_at) VALUES ('e22e944d-a35d-442f-b76e-8e5502452498', 'Deck Expressions', 'Tom Nguyen', 'tom@deckexpressions.com', '555-0105', '834 Lumber Ln, Portland OR', 'supply-yard', '2025-09-18T12:00:00+00:00') ON CONFLICT DO NOTHING;
INSERT INTO billing_entities (id, name, contact_name, contact_email, billing_address, payment_terms, is_active, organization_id, created_at, updated_at) VALUES ('072f39cd-940f-46a5-8555-7158d5a2be31', 'Riva Ridge Property Mgmt', 'Mike Torres', 'mike@rivridge.com', '1200 Mountain View Dr, Ste 400, Vail CO 81657', 'net_30', 1, 'supply-yard', '2025-11-17T12:00:00+00:00', '2025-11-17T12:00:00+00:00') ON CONFLICT (organization_id, name) DO NOTHING;
INSERT INTO billing_entities (id, name, contact_name, contact_email, billing_address, payment_terms, is_active, organization_id, created_at, updated_at) VALUES ('77cd2847-439e-4597-a686-1c36171e8a26', 'Summit Property Group', 'Sarah Okafor', 'sarah@summitpm.com', '890 Summit Blvd, Ste 12, Aspen CO 81611', 'net_30', 1, 'supply-yard', '2025-11-17T12:00:00+00:00', '2025-11-17T12:00:00+00:00') ON CONFLICT (organization_id, name) DO NOTHING;
INSERT INTO billing_entities (id, name, contact_name, contact_email, billing_address, payment_terms, is_active, organization_id, created_at, updated_at) VALUES ('3766b68c-ffd8-4541-a241-f9f10e1e65e0', 'Coastal Living Rentals', 'Jenna Park', 'jenna@coastalrentals.com', '45 Ocean Ave, Ste 3, Monterey CA 93940', 'net_15', 1, 'supply-yard', '2025-11-17T12:00:00+00:00', '2025-11-17T12:00:00+00:00') ON CONFLICT (organization_id, name) DO NOTHING;
INSERT INTO jobs (id, code, name, billing_entity_id, status, service_address, organization_id, created_at, updated_at) VALUES ('d3d9d535-e4fd-4f74-a74a-10aa55bdf58f', 'RR-2026-001', 'Riva Ridge Unit 4A Kitchen Remodel', '072f39cd-940f-46a5-8555-7158d5a2be31', 'active', '1200 Mountain View Dr, Unit 4A, Vail CO', 'supply-yard', '2026-02-15T12:00:00+00:00', '2026-02-15T12:00:00+00:00') ON CONFLICT (organization_id, code) DO NOTHING;
INSERT INTO jobs (id, code, name, billing_entity_id, status, service_address, organization_id, created_at, updated_at) VALUES ('d5d57f53-b9da-4331-8813-80a9c859b9d9', 'RR-2026-002', 'Riva Ridge Unit 7B Bathroom Renovation', '072f39cd-940f-46a5-8555-7158d5a2be31', 'active', '1200 Mountain View Dr, Unit 7B, Vail CO', 'supply-yard', '2026-02-15T12:00:00+00:00', '2026-02-15T12:00:00+00:00') ON CONFLICT (organization_id, code) DO NOTHING;
INSERT INTO jobs (id, code, name, billing_entity_id, status, service_address, organization_id, created_at, updated_at) VALUES ('574cc0fa-3d83-4cd0-9242-37b95ec07032', 'SP-2026-001', 'Summit Pines Deck Replacement', '77cd2847-439e-4597-a686-1c36171e8a26', 'active', '345 Pine Ridge Rd, Aspen CO', 'supply-yard', '2026-02-15T12:00:00+00:00', '2026-02-15T12:00:00+00:00') ON CONFLICT (organization_id, code) DO NOTHING;
INSERT INTO jobs (id, code, name, billing_entity_id, status, service_address, organization_id, created_at, updated_at) VALUES ('d6cd329b-56ea-490c-b6ba-37fa309a2d5b', 'SP-2026-002', 'Summit Pines Electrical Upgrade', '77cd2847-439e-4597-a686-1c36171e8a26', 'active', '345 Pine Ridge Rd, Aspen CO', 'supply-yard', '2026-02-15T12:00:00+00:00', '2026-02-15T12:00:00+00:00') ON CONFLICT (organization_id, code) DO NOTHING;
INSERT INTO jobs (id, code, name, billing_entity_id, status, service_address, organization_id, created_at, updated_at) VALUES ('498e1a0e-9fe9-4807-9d4d-5b7409809f67', 'CL-2026-001', 'Coastal Exterior Repaint', '3766b68c-ffd8-4541-a241-f9f10e1e65e0', 'active', '45 Ocean Ave, Monterey CA', 'supply-yard', '2026-02-15T12:00:00+00:00', '2026-02-15T12:00:00+00:00') ON CONFLICT (organization_id, code) DO NOTHING;
INSERT INTO addresses (id, label, line1, line2, city, state, postal_code, country, billing_entity_id, job_id, organization_id, created_at) VALUES ('bf1d3d67-683e-4711-b36d-b7b83cae9cc3', 'Riva Ridge Office', '1200 Mountain View Dr', 'Ste 400', 'Vail', 'CO', '81657', 'US', '072f39cd-940f-46a5-8555-7158d5a2be31', NULL, 'supply-yard', '2025-11-17T12:00:00+00:00') ON CONFLICT DO NOTHING;
INSERT INTO addresses (id, label, line1, line2, city, state, postal_code, country, billing_entity_id, job_id, organization_id, created_at) VALUES ('6ed79465-9c28-43c0-b5ba-52e90d76557e', 'Summit Property Office', '890 Summit Blvd', 'Ste 12', 'Aspen', 'CO', '81611', 'US', '77cd2847-439e-4597-a686-1c36171e8a26', NULL, 'supply-yard', '2025-11-17T12:00:00+00:00') ON CONFLICT DO NOTHING;
INSERT INTO addresses (id, label, line1, line2, city, state, postal_code, country, billing_entity_id, job_id, organization_id, created_at) VALUES ('436e3b3a-eb81-4ee4-8735-df505a690899', 'Coastal Rentals', '45 Ocean Ave', 'Ste 3', 'Monterey', 'CA', '93940', 'US', '3766b68c-ffd8-4541-a241-f9f10e1e65e0', NULL, 'supply-yard', '2025-11-17T12:00:00+00:00') ON CONFLICT DO NOTHING;
INSERT INTO addresses (id, label, line1, line2, city, state, postal_code, country, billing_entity_id, job_id, organization_id, created_at) VALUES ('4d08378b-47e1-4837-a358-094ed5f51621', 'Kitchen Remodel Site', '1200 Mountain View Dr', 'Unit 4A', 'Vail', 'CO', '81657', 'US', NULL, 'd3d9d535-e4fd-4f74-a74a-10aa55bdf58f', 'supply-yard', '2025-11-17T12:00:00+00:00') ON CONFLICT DO NOTHING;
INSERT INTO addresses (id, label, line1, line2, city, state, postal_code, country, billing_entity_id, job_id, organization_id, created_at) VALUES ('d8376ad8-0c75-4e67-9de5-93a8e8072301', 'Deck Replacement Site', '345 Pine Ridge Rd', '', 'Aspen', 'CO', '81611', 'US', NULL, '574cc0fa-3d83-4cd0-9242-37b95ec07032', 'supply-yard', '2025-11-17T12:00:00+00:00') ON CONFLICT DO NOTHING;
INSERT INTO products (id, name, description, category_id, category_name, sku_count, organization_id, created_at, updated_at) VALUES ('fc7cf436-1b5d-464d-8986-6678bf66498b', 'PEX Tubing', '', '7d93097e-1cd1-4a51-b022-c2a4531aaca2', 'PLP', 3, 'supply-yard', '2025-09-18T12:00:00+00:00', '2025-09-18T12:00:00+00:00') ON CONFLICT DO NOTHING;
INSERT INTO skus (id, sku, product_family_id, name, description, price, cost, quantity, min_stock, category_id, category_name, barcode, base_unit, sell_uom, pack_qty, purchase_uom, purchase_pack_qty, variant_label, spec, grade, variant_attrs, organization_id, created_at, updated_at) VALUES ('f509e4c3-86ae-4a0a-9dcd-0d4d4c4b5e51', 'PLP-PEXTUBE-01', 'fc7cf436-1b5d-464d-8986-6678bf66498b', 'PEX-A Tubing 1/2" x 100ft Red', '', 42.99, 24.5, 15, 5, '7d93097e-1cd1-4a51-b022-c2a4531aaca2', 'PLP', '0012345000011', 'foot', '100ft_coil', 1, 'each', 1, '', '', '', '{"diameter": "1/2\"", "color": "red", "length": "100ft"}', 'supply-yard', '2025-09-18T12:00:00+00:00', '2026-03-16T12:00:00+00:00') ON CONFLICT DO NOTHING;
INSERT INTO skus (id, sku, product_family_id, name, description, price, cost, quantity, min_stock, category_id, category_name, barcode, base_unit, sell_uom, pack_qty, purchase_uom, purchase_pack_qty, variant_label, spec, grade, variant_attrs, organization_id, created_at, updated_at) VALUES ('eaf99461-7ce1-4ac4-9571-2c0ce132ad3a', 'PLP-PEXTUBE-02', 'fc7cf436-1b5d-464d-8986-6678bf66498b', 'PEX-A Tubing 1/2" x 100ft Blue', '', 42.99, 24.5, 12, 5, '7d93097e-1cd1-4a51-b022-c2a4531aaca2', 'PLP', '0012345000012', 'foot', '100ft_coil', 1, 'each', 1, '', '', '', '{"diameter": "1/2\"", "color": "blue", "length": "100ft"}', 'supply-yard', '2025-09-18T12:00:00+00:00', '2026-03-16T12:00:00+00:00') ON CONFLICT DO NOTHING;
INSERT INTO skus (id, sku, product_family_id, name, description, price, cost, quantity, min_stock, category_id, category_name, barcode, base_unit, sell_uom, pack_qty, purchase_uom, purchase_pack_qty, variant_label, spec, grade, variant_attrs, organization_id, created_at, updated_at) VALUES ('75b2c67c-3b11-412e-81e5-effbc0fa2833', 'PLP-PEXTUBE-03', 'fc7cf436-1b5d-464d-8986-6678bf66498b', 'PEX-A Tubing 3/4" x 100ft Red', '', 64.99, 38.0, 8, 5, '7d93097e-1cd1-4a51-b022-c2a4531aaca2', 'PLP', '0012345000013', 'foot', '100ft_coil', 1, 'each', 1, '', '', '', '{"diameter": "3/4\"", "color": "red", "length": "100ft"}', 'supply-yard', '2025-09-18T12:00:00+00:00', '2026-03-16T12:00:00+00:00') ON CONFLICT DO NOTHING;
INSERT INTO products (id, name, description, category_id, category_name, sku_count, organization_id, created_at, updated_at) VALUES ('d48a08dd-501a-4ddc-a002-1d9220cd4557', 'SharkBite Push Fittings', '', 'da3d7b59-a6d1-426c-b746-19f90860bfe2', 'PLF', 3, 'supply-yard', '2025-09-18T12:00:00+00:00', '2025-09-18T12:00:00+00:00') ON CONFLICT DO NOTHING;
INSERT INTO skus (id, sku, product_family_id, name, description, price, cost, quantity, min_stock, category_id, category_name, barcode, base_unit, sell_uom, pack_qty, purchase_uom, purchase_pack_qty, variant_label, spec, grade, variant_attrs, organization_id, created_at, updated_at) VALUES ('3d59ce91-308a-4749-bb99-4c8b03d284d8', 'PLF-SHRKBT90-01', 'd48a08dd-501a-4ddc-a002-1d9220cd4557', 'SharkBite 1/2" 90-Degree Elbow', '', 8.49, 4.8, 45, 5, 'da3d7b59-a6d1-426c-b746-19f90860bfe2', 'PLF', '0012345000021', 'each', 'each', 1, 'each', 1, '', '', '', '{"size": "1/2\"", "type": "90-elbow"}', 'supply-yard', '2025-09-18T12:00:00+00:00', '2026-03-16T12:00:00+00:00') ON CONFLICT DO NOTHING;
INSERT INTO skus (id, sku, product_family_id, name, description, price, cost, quantity, min_stock, category_id, category_name, barcode, base_unit, sell_uom, pack_qty, purchase_uom, purchase_pack_qty, variant_label, spec, grade, variant_attrs, organization_id, created_at, updated_at) VALUES ('eaba46e1-5256-40c5-b280-6d8b71cba485', 'PLF-SHRKBTT-01', 'd48a08dd-501a-4ddc-a002-1d9220cd4557', 'SharkBite 1/2" Tee', '', 9.99, 5.6, 38, 5, 'da3d7b59-a6d1-426c-b746-19f90860bfe2', 'PLF', '0012345000022', 'each', 'each', 1, 'each', 1, '', '', '', '{"size": "1/2\"", "type": "tee"}', 'supply-yard', '2025-09-18T12:00:00+00:00', '2026-03-16T12:00:00+00:00') ON CONFLICT DO NOTHING;
INSERT INTO skus (id, sku, product_family_id, name, description, price, cost, quantity, min_stock, category_id, category_name, barcode, base_unit, sell_uom, pack_qty, purchase_uom, purchase_pack_qty, variant_label, spec, grade, variant_attrs, organization_id, created_at, updated_at) VALUES ('3e75a142-ee21-476e-af7d-1ae21892962e', 'PLF-SHRKBTCP-01', 'd48a08dd-501a-4ddc-a002-1d9220cd4557', 'SharkBite 1/2" Coupling', '', 5.99, 3.4, 60, 5, 'da3d7b59-a6d1-426c-b746-19f90860bfe2', 'PLF', '0012345000023', 'each', 'each', 1, 'each', 1, '', '', '', '{"size": "1/2\"", "type": "coupling"}', 'supply-yard', '2025-09-18T12:00:00+00:00', '2026-03-16T12:00:00+00:00') ON CONFLICT DO NOTHING;
INSERT INTO products (id, name, description, category_id, category_name, sku_count, organization_id, created_at, updated_at) VALUES ('4103b839-94f3-487c-a658-613d1060b060', 'Romex NM-B Wire', '', '4b865b9e-7f54-4c76-8b09-0a8c7f312e0d', 'ELW', 2, 'supply-yard', '2025-09-18T12:00:00+00:00', '2025-09-18T12:00:00+00:00') ON CONFLICT DO NOTHING;
INSERT INTO skus (id, sku, product_family_id, name, description, price, cost, quantity, min_stock, category_id, category_name, barcode, base_unit, sell_uom, pack_qty, purchase_uom, purchase_pack_qty, variant_label, spec, grade, variant_attrs, organization_id, created_at, updated_at) VALUES ('97ad374e-3173-4994-b4ac-1f45ce5fbdf1', 'ELW-ROMEX14-01', '4103b839-94f3-487c-a658-613d1060b060', 'Romex 14/2 NM-B 250ft', '', 89.99, 52.0, 6, 5, '4b865b9e-7f54-4c76-8b09-0a8c7f312e0d', 'ELW', '0012345000031', 'foot', '250ft_spool', 1, 'each', 1, '', '', '', '{"gauge": "14/2", "length": "250ft"}', 'supply-yard', '2025-09-18T12:00:00+00:00', '2026-03-16T12:00:00+00:00') ON CONFLICT DO NOTHING;
INSERT INTO skus (id, sku, product_family_id, name, description, price, cost, quantity, min_stock, category_id, category_name, barcode, base_unit, sell_uom, pack_qty, purchase_uom, purchase_pack_qty, variant_label, spec, grade, variant_attrs, organization_id, created_at, updated_at) VALUES ('346fdc27-3bf0-4af2-924e-7091a39b49f0', 'ELW-ROMEX12-01', '4103b839-94f3-487c-a658-613d1060b060', 'Romex 12/2 NM-B 250ft', '', 119.99, 72.0, 4, 5, '4b865b9e-7f54-4c76-8b09-0a8c7f312e0d', 'ELW', '0012345000032', 'foot', '250ft_spool', 1, 'each', 1, '', '', '', '{"gauge": "12/2", "length": "250ft"}', 'supply-yard', '2025-09-18T12:00:00+00:00', '2026-03-16T12:00:00+00:00') ON CONFLICT DO NOTHING;
INSERT INTO products (id, name, description, category_id, category_name, sku_count, organization_id, created_at, updated_at) VALUES ('ca96e294-0215-4fa3-8f43-80372e0c0ec9', 'Leviton Decora Switch', '', '8d82ffd1-6f45-4ad9-a7c4-c80259bf95c7', 'ELE', 2, 'supply-yard', '2025-09-18T12:00:00+00:00', '2025-09-18T12:00:00+00:00') ON CONFLICT DO NOTHING;
INSERT INTO skus (id, sku, product_family_id, name, description, price, cost, quantity, min_stock, category_id, category_name, barcode, base_unit, sell_uom, pack_qty, purchase_uom, purchase_pack_qty, variant_label, spec, grade, variant_attrs, organization_id, created_at, updated_at) VALUES ('2e058e41-1d23-4362-8cfa-203f6dd74d1d', 'ELE-DECORASW-01', 'ca96e294-0215-4fa3-8f43-80372e0c0ec9', 'Leviton Decora 15A Switch White', '', 3.29, 1.6, 80, 5, '8d82ffd1-6f45-4ad9-a7c4-c80259bf95c7', 'ELE', '0012345000041', 'each', 'each', 1, 'each', 1, '', '', '', '{"amperage": "15A", "color": "white"}', 'supply-yard', '2025-09-18T12:00:00+00:00', '2026-03-16T12:00:00+00:00') ON CONFLICT DO NOTHING;
INSERT INTO skus (id, sku, product_family_id, name, description, price, cost, quantity, min_stock, category_id, category_name, barcode, base_unit, sell_uom, pack_qty, purchase_uom, purchase_pack_qty, variant_label, spec, grade, variant_attrs, organization_id, created_at, updated_at) VALUES ('b878533e-062c-4c6e-ace8-4c561a3d0821', 'ELE-DECORASW-02', 'ca96e294-0215-4fa3-8f43-80372e0c0ec9', 'Leviton Decora 15A Switch Ivory', '', 3.29, 1.6, 40, 5, '8d82ffd1-6f45-4ad9-a7c4-c80259bf95c7', 'ELE', '0012345000042', 'each', 'each', 1, 'each', 1, '', '', '', '{"amperage": "15A", "color": "ivory"}', 'supply-yard', '2025-09-18T12:00:00+00:00', '2026-03-16T12:00:00+00:00') ON CONFLICT DO NOTHING;
INSERT INTO products (id, name, description, category_id, category_name, sku_count, organization_id, created_at, updated_at) VALUES ('3babcc8a-7765-42d0-a002-f71a951645a3', 'Leviton GFCI Outlet', '', '8d82ffd1-6f45-4ad9-a7c4-c80259bf95c7', 'ELE', 1, 'supply-yard', '2025-09-18T12:00:00+00:00', '2025-09-18T12:00:00+00:00') ON CONFLICT DO NOTHING;
INSERT INTO skus (id, sku, product_family_id, name, description, price, cost, quantity, min_stock, category_id, category_name, barcode, base_unit, sell_uom, pack_qty, purchase_uom, purchase_pack_qty, variant_label, spec, grade, variant_attrs, organization_id, created_at, updated_at) VALUES ('9e43da00-6093-4bc3-87e2-dc0007d95a73', 'ELE-GFCI15-01', '3babcc8a-7765-42d0-a002-f71a951645a3', 'Leviton GFCI 15A Outlet White', '', 18.99, 10.5, 25, 5, '8d82ffd1-6f45-4ad9-a7c4-c80259bf95c7', 'ELE', '0012345000051', 'each', 'each', 1, 'each', 1, '', '', '', '{"amperage": "15A", "color": "white"}', 'supply-yard', '2025-09-18T12:00:00+00:00', '2026-03-16T12:00:00+00:00') ON CONFLICT DO NOTHING;
INSERT INTO products (id, name, description, category_id, category_name, sku_count, organization_id, created_at, updated_at) VALUES ('08299fd4-8a2f-4c2e-85e7-b9f4d086fe69', 'Sherwin-Williams SuperPaint', '', '8379dc92-110b-42bb-b36f-ac1345b24fa3', 'PNT', 3, 'supply-yard', '2025-09-18T12:00:00+00:00', '2025-09-18T12:00:00+00:00') ON CONFLICT DO NOTHING;
INSERT INTO skus (id, sku, product_family_id, name, description, price, cost, quantity, min_stock, category_id, category_name, barcode, base_unit, sell_uom, pack_qty, purchase_uom, purchase_pack_qty, variant_label, spec, grade, variant_attrs, organization_id, created_at, updated_at) VALUES ('d7174e83-8a60-4243-bfe5-4c0047e101ab', 'PNT-SWSUPER-01', '08299fd4-8a2f-4c2e-85e7-b9f4d086fe69', 'SW SuperPaint Interior Flat - Gallon', '', 52.99, 32.0, 20, 5, '8379dc92-110b-42bb-b36f-ac1345b24fa3', 'PNT', '0012345000061', 'gallon', 'gallon', 1, 'each', 1, '', '', '', '{"finish": "flat", "type": "interior"}', 'supply-yard', '2025-09-18T12:00:00+00:00', '2026-03-16T12:00:00+00:00') ON CONFLICT DO NOTHING;
INSERT INTO skus (id, sku, product_family_id, name, description, price, cost, quantity, min_stock, category_id, category_name, barcode, base_unit, sell_uom, pack_qty, purchase_uom, purchase_pack_qty, variant_label, spec, grade, variant_attrs, organization_id, created_at, updated_at) VALUES ('39d6d056-c36b-4e77-853d-4f0686a6d317', 'PNT-SWSUPER-02', '08299fd4-8a2f-4c2e-85e7-b9f4d086fe69', 'SW SuperPaint Interior Satin - Gallon', '', 56.99, 34.0, 18, 5, '8379dc92-110b-42bb-b36f-ac1345b24fa3', 'PNT', '0012345000062', 'gallon', 'gallon', 1, 'each', 1, '', '', '', '{"finish": "satin", "type": "interior"}', 'supply-yard', '2025-09-18T12:00:00+00:00', '2026-03-16T12:00:00+00:00') ON CONFLICT DO NOTHING;
INSERT INTO skus (id, sku, product_family_id, name, description, price, cost, quantity, min_stock, category_id, category_name, barcode, base_unit, sell_uom, pack_qty, purchase_uom, purchase_pack_qty, variant_label, spec, grade, variant_attrs, organization_id, created_at, updated_at) VALUES ('ecd23bc8-eb47-4209-a297-fff4ca80b6ac', 'PNT-SWSUPER-03', '08299fd4-8a2f-4c2e-85e7-b9f4d086fe69', 'SW SuperPaint Exterior Flat - Gallon', '', 58.99, 36.0, 12, 5, '8379dc92-110b-42bb-b36f-ac1345b24fa3', 'PNT', '0012345000063', 'gallon', 'gallon', 1, 'each', 1, '', '', '', '{"finish": "flat", "type": "exterior"}', 'supply-yard', '2025-09-18T12:00:00+00:00', '2026-03-16T12:00:00+00:00') ON CONFLICT DO NOTHING;
INSERT INTO products (id, name, description, category_id, category_name, sku_count, organization_id, created_at, updated_at) VALUES ('0d74010d-0d1e-4990-ac42-4f155025bc17', 'Paint Rollers', '', '5d16f148-b737-4bef-be70-3cad52dc7257', 'PNS', 2, 'supply-yard', '2025-09-18T12:00:00+00:00', '2025-09-18T12:00:00+00:00') ON CONFLICT DO NOTHING;
INSERT INTO skus (id, sku, product_family_id, name, description, price, cost, quantity, min_stock, category_id, category_name, barcode, base_unit, sell_uom, pack_qty, purchase_uom, purchase_pack_qty, variant_label, spec, grade, variant_attrs, organization_id, created_at, updated_at) VALUES ('1e0588fa-7c95-4f29-9514-e8dd6eca0f34', 'PNS-ROLLER9-01', '0d74010d-0d1e-4990-ac42-4f155025bc17', 'Purdy White Dove 9" Roller Cover 3/8" Nap', '', 8.99, 4.2, 30, 5, '5d16f148-b737-4bef-be70-3cad52dc7257', 'PNS', '0012345000071', 'each', 'each', 1, 'each', 1, '', '', '', '{"size": "9\"", "nap": "3/8\""}', 'supply-yard', '2025-09-18T12:00:00+00:00', '2026-03-16T12:00:00+00:00') ON CONFLICT DO NOTHING;
INSERT INTO skus (id, sku, product_family_id, name, description, price, cost, quantity, min_stock, category_id, category_name, barcode, base_unit, sell_uom, pack_qty, purchase_uom, purchase_pack_qty, variant_label, spec, grade, variant_attrs, organization_id, created_at, updated_at) VALUES ('3fe0349e-a40d-4095-8a33-4e3f5210e8ec', 'PNS-ROLLER9-02', '0d74010d-0d1e-4990-ac42-4f155025bc17', 'Purdy White Dove 9" Roller Cover 1/2" Nap', '', 9.49, 4.5, 25, 5, '5d16f148-b737-4bef-be70-3cad52dc7257', 'PNS', '0012345000072', 'each', 'each', 1, 'each', 1, '', '', '', '{"size": "9\"", "nap": "1/2\""}', 'supply-yard', '2025-09-18T12:00:00+00:00', '2026-03-16T12:00:00+00:00') ON CONFLICT DO NOTHING;
INSERT INTO products (id, name, description, category_id, category_name, sku_count, organization_id, created_at, updated_at) VALUES ('3cadb01f-f810-4aa0-9dc4-16b039df667d', 'Drywall Sheet', '', '2630c934-d778-466b-af53-6d7e71680192', 'BLD', 2, 'supply-yard', '2025-09-18T12:00:00+00:00', '2025-09-18T12:00:00+00:00') ON CONFLICT DO NOTHING;
INSERT INTO skus (id, sku, product_family_id, name, description, price, cost, quantity, min_stock, category_id, category_name, barcode, base_unit, sell_uom, pack_qty, purchase_uom, purchase_pack_qty, variant_label, spec, grade, variant_attrs, organization_id, created_at, updated_at) VALUES ('77b57bd9-5f31-4658-91c1-293dc8c5aa09', 'BLD-DRYWALL-01', '3cadb01f-f810-4aa0-9dc4-16b039df667d', '1/2" x 4x8 Drywall Sheet', '', 14.99, 8.2, 40, 5, '2630c934-d778-466b-af53-6d7e71680192', 'BLD', '0012345000081', 'sheet', 'sheet', 1, 'each', 1, '', '', '', '{"thickness": "1/2\"", "size": "4x8"}', 'supply-yard', '2025-09-18T12:00:00+00:00', '2026-03-16T12:00:00+00:00') ON CONFLICT DO NOTHING;
INSERT INTO skus (id, sku, product_family_id, name, description, price, cost, quantity, min_stock, category_id, category_name, barcode, base_unit, sell_uom, pack_qty, purchase_uom, purchase_pack_qty, variant_label, spec, grade, variant_attrs, organization_id, created_at, updated_at) VALUES ('50fd7bd8-9348-4ac8-9e8d-28e31387add1', 'BLD-DRYWALL-02', '3cadb01f-f810-4aa0-9dc4-16b039df667d', '5/8" x 4x8 Drywall Sheet', '', 17.49, 9.8, 25, 5, '2630c934-d778-466b-af53-6d7e71680192', 'BLD', '0012345000082', 'sheet', 'sheet', 1, 'each', 1, '', '', '', '{"thickness": "5/8\"", "size": "4x8"}', 'supply-yard', '2025-09-18T12:00:00+00:00', '2026-03-16T12:00:00+00:00') ON CONFLICT DO NOTHING;
INSERT INTO products (id, name, description, category_id, category_name, sku_count, organization_id, created_at, updated_at) VALUES ('d2eae233-8cca-4b16-aa87-a52a483b7647', 'Concrete Mix', '', '8a9ce70d-4245-466f-9063-f7196a68b3ec', 'CON', 2, 'supply-yard', '2025-09-18T12:00:00+00:00', '2025-09-18T12:00:00+00:00') ON CONFLICT DO NOTHING;
INSERT INTO skus (id, sku, product_family_id, name, description, price, cost, quantity, min_stock, category_id, category_name, barcode, base_unit, sell_uom, pack_qty, purchase_uom, purchase_pack_qty, variant_label, spec, grade, variant_attrs, organization_id, created_at, updated_at) VALUES ('755a6c4b-5cd1-4af7-bcbe-836dfe26b67c', 'CON-QUIKSET-01', 'd2eae233-8cca-4b16-aa87-a52a483b7647', 'Quikrete Fast-Setting Concrete 50lb', '', 7.49, 4.1, 35, 5, '8a9ce70d-4245-466f-9063-f7196a68b3ec', 'CON', '0012345000091', 'bag', 'bag', 1, 'each', 1, '', '', '', '{"weight": "50lb"}', 'supply-yard', '2025-09-18T12:00:00+00:00', '2026-03-16T12:00:00+00:00') ON CONFLICT DO NOTHING;
INSERT INTO skus (id, sku, product_family_id, name, description, price, cost, quantity, min_stock, category_id, category_name, barcode, base_unit, sell_uom, pack_qty, purchase_uom, purchase_pack_qty, variant_label, spec, grade, variant_attrs, organization_id, created_at, updated_at) VALUES ('ef819876-5cb3-45a4-be6e-a9400156e311', 'CON-QUIKSET-02', 'd2eae233-8cca-4b16-aa87-a52a483b7647', 'Quikrete Fast-Setting Concrete 80lb', '', 9.99, 5.6, 20, 5, '8a9ce70d-4245-466f-9063-f7196a68b3ec', 'CON', '0012345000092', 'bag', 'bag', 1, 'each', 1, '', '', '', '{"weight": "80lb"}', 'supply-yard', '2025-09-18T12:00:00+00:00', '2026-03-16T12:00:00+00:00') ON CONFLICT DO NOTHING;
INSERT INTO products (id, name, description, category_id, category_name, sku_count, organization_id, created_at, updated_at) VALUES ('faaf2d7b-c452-4c6f-a35a-cd43a3b91955', 'Dimensional Lumber', '', 'd7c9d231-8196-4c7c-90ea-3920c24f7b04', 'LUM', 3, 'supply-yard', '2025-09-18T12:00:00+00:00', '2025-09-18T12:00:00+00:00') ON CONFLICT DO NOTHING;
INSERT INTO skus (id, sku, product_family_id, name, description, price, cost, quantity, min_stock, category_id, category_name, barcode, base_unit, sell_uom, pack_qty, purchase_uom, purchase_pack_qty, variant_label, spec, grade, variant_attrs, organization_id, created_at, updated_at) VALUES ('021d2901-91f5-436f-bdcb-466d8e4325d4', 'LUM-STUDS2X4-01', 'faaf2d7b-c452-4c6f-a35a-cd43a3b91955', '2x4x8 SPF Stud', '', 4.29, 2.4, 120, 5, 'd7c9d231-8196-4c7c-90ea-3920c24f7b04', 'LUM', '0012345000101', 'each', 'each', 1, 'each', 1, '', '', '', '{"size": "2x4", "length": "8ft"}', 'supply-yard', '2025-09-18T12:00:00+00:00', '2026-03-16T12:00:00+00:00') ON CONFLICT DO NOTHING;
INSERT INTO skus (id, sku, product_family_id, name, description, price, cost, quantity, min_stock, category_id, category_name, barcode, base_unit, sell_uom, pack_qty, purchase_uom, purchase_pack_qty, variant_label, spec, grade, variant_attrs, organization_id, created_at, updated_at) VALUES ('8857eb9d-8644-44f0-b1b1-a2f8be8122c7', 'LUM-STUDS2X4-02', 'faaf2d7b-c452-4c6f-a35a-cd43a3b91955', '2x4x10 SPF Stud', '', 5.99, 3.4, 60, 5, 'd7c9d231-8196-4c7c-90ea-3920c24f7b04', 'LUM', '0012345000102', 'each', 'each', 1, 'each', 1, '', '', '', '{"size": "2x4", "length": "10ft"}', 'supply-yard', '2025-09-18T12:00:00+00:00', '2026-03-16T12:00:00+00:00') ON CONFLICT DO NOTHING;
INSERT INTO skus (id, sku, product_family_id, name, description, price, cost, quantity, min_stock, category_id, category_name, barcode, base_unit, sell_uom, pack_qty, purchase_uom, purchase_pack_qty, variant_label, spec, grade, variant_attrs, organization_id, created_at, updated_at) VALUES ('8fa78caf-7e72-420e-976b-ec12b14132d4', 'LUM-STUDS2X6-01', 'faaf2d7b-c452-4c6f-a35a-cd43a3b91955', '2x6x8 SPF', '', 6.99, 4.0, 50, 5, 'd7c9d231-8196-4c7c-90ea-3920c24f7b04', 'LUM', '0012345000103', 'each', 'each', 1, 'each', 1, '', '', '', '{"size": "2x6", "length": "8ft"}', 'supply-yard', '2025-09-18T12:00:00+00:00', '2026-03-16T12:00:00+00:00') ON CONFLICT DO NOTHING;
INSERT INTO products (id, name, description, category_id, category_name, sku_count, organization_id, created_at, updated_at) VALUES ('44b9fddb-acc1-450d-aba1-69fd92cd699d', 'Pressure Treated Deck Boards', '', 'd7c9d231-8196-4c7c-90ea-3920c24f7b04', 'LUM', 2, 'supply-yard', '2025-09-18T12:00:00+00:00', '2025-09-18T12:00:00+00:00') ON CONFLICT DO NOTHING;
INSERT INTO skus (id, sku, product_family_id, name, description, price, cost, quantity, min_stock, category_id, category_name, barcode, base_unit, sell_uom, pack_qty, purchase_uom, purchase_pack_qty, variant_label, spec, grade, variant_attrs, organization_id, created_at, updated_at) VALUES ('25e18161-d12e-46f7-862c-9d52a09b30f1', 'LUM-PTDECK-01', '44b9fddb-acc1-450d-aba1-69fd92cd699d', '5/4x6x12 PT Deck Board', '', 14.99, 8.8, 80, 5, 'd7c9d231-8196-4c7c-90ea-3920c24f7b04', 'LUM', '0012345000111', 'each', 'each', 1, 'each', 1, '', '', '', '{"size": "5/4x6", "length": "12ft"}', 'supply-yard', '2025-09-18T12:00:00+00:00', '2026-03-16T12:00:00+00:00') ON CONFLICT DO NOTHING;
INSERT INTO skus (id, sku, product_family_id, name, description, price, cost, quantity, min_stock, category_id, category_name, barcode, base_unit, sell_uom, pack_qty, purchase_uom, purchase_pack_qty, variant_label, spec, grade, variant_attrs, organization_id, created_at, updated_at) VALUES ('dcd16a65-d759-4885-a31b-a39548631179', 'LUM-PTDECK-02', '44b9fddb-acc1-450d-aba1-69fd92cd699d', '5/4x6x16 PT Deck Board', '', 19.99, 11.6, 40, 5, 'd7c9d231-8196-4c7c-90ea-3920c24f7b04', 'LUM', '0012345000112', 'each', 'each', 1, 'each', 1, '', '', '', '{"size": "5/4x6", "length": "16ft"}', 'supply-yard', '2025-09-18T12:00:00+00:00', '2026-03-16T12:00:00+00:00') ON CONFLICT DO NOTHING;
INSERT INTO products (id, name, description, category_id, category_name, sku_count, organization_id, created_at, updated_at) VALUES ('a2e2638d-33e8-4dda-a6ef-dd01d529fa61', 'Deck Screws', '', '7aa1e663-b73a-4b6d-9d25-d4d9b9c6e707', 'FAS', 2, 'supply-yard', '2025-09-18T12:00:00+00:00', '2025-09-18T12:00:00+00:00') ON CONFLICT DO NOTHING;
INSERT INTO skus (id, sku, product_family_id, name, description, price, cost, quantity, min_stock, category_id, category_name, barcode, base_unit, sell_uom, pack_qty, purchase_uom, purchase_pack_qty, variant_label, spec, grade, variant_attrs, organization_id, created_at, updated_at) VALUES ('df11d827-c5cf-487d-8bc2-ff34a4cf1af0', 'FAS-DECKSCR-01', 'a2e2638d-33e8-4dda-a6ef-dd01d529fa61', 'GRK #8 x 2-1/2" Deck Screw 100pk', '', 14.99, 7.8, 50, 5, '7aa1e663-b73a-4b6d-9d25-d4d9b9c6e707', 'FAS', '0012345000121', 'box', 'box', 1, 'each', 1, '', '', '', '{"size": "#8 x 2-1/2\"", "count": "100"}', 'supply-yard', '2025-09-18T12:00:00+00:00', '2026-03-16T12:00:00+00:00') ON CONFLICT DO NOTHING;
INSERT INTO skus (id, sku, product_family_id, name, description, price, cost, quantity, min_stock, category_id, category_name, barcode, base_unit, sell_uom, pack_qty, purchase_uom, purchase_pack_qty, variant_label, spec, grade, variant_attrs, organization_id, created_at, updated_at) VALUES ('7088ba8e-3b18-44b0-b8ae-9a7ce1ac251d', 'FAS-DECKSCR-02', 'a2e2638d-33e8-4dda-a6ef-dd01d529fa61', 'GRK #8 x 3" Deck Screw 100pk', '', 16.49, 8.6, 35, 5, '7aa1e663-b73a-4b6d-9d25-d4d9b9c6e707', 'FAS', '0012345000122', 'box', 'box', 1, 'each', 1, '', '', '', '{"size": "#8 x 3\"", "count": "100"}', 'supply-yard', '2025-09-18T12:00:00+00:00', '2026-03-16T12:00:00+00:00') ON CONFLICT DO NOTHING;
INSERT INTO products (id, name, description, category_id, category_name, sku_count, organization_id, created_at, updated_at) VALUES ('f1e34de7-4fca-4797-a299-85693b75968f', 'Drywall Screws', '', '7aa1e663-b73a-4b6d-9d25-d4d9b9c6e707', 'FAS', 1, 'supply-yard', '2025-09-18T12:00:00+00:00', '2025-09-18T12:00:00+00:00') ON CONFLICT DO NOTHING;
INSERT INTO skus (id, sku, product_family_id, name, description, price, cost, quantity, min_stock, category_id, category_name, barcode, base_unit, sell_uom, pack_qty, purchase_uom, purchase_pack_qty, variant_label, spec, grade, variant_attrs, organization_id, created_at, updated_at) VALUES ('c2286267-8087-4e4b-b5f4-77a514a346d2', 'FAS-DRYSCR-01', 'f1e34de7-4fca-4797-a299-85693b75968f', '#6 x 1-5/8" Drywall Screw 1lb', '', 5.99, 2.8, 40, 5, '7aa1e663-b73a-4b6d-9d25-d4d9b9c6e707', 'FAS', '0012345000131', 'box', 'box', 1, 'each', 1, '', '', '', '{"size": "#6 x 1-5/8\"", "weight": "1lb"}', 'supply-yard', '2025-09-18T12:00:00+00:00', '2026-03-16T12:00:00+00:00') ON CONFLICT DO NOTHING;
INSERT INTO products (id, name, description, category_id, category_name, sku_count, organization_id, created_at, updated_at) VALUES ('53bd4ef2-25d0-468c-b45f-5df7cbbc27d3', 'Furnace Filters', '', '84fcd511-e376-48de-a8cc-1a1554cf33c8', 'HVF', 2, 'supply-yard', '2025-09-18T12:00:00+00:00', '2025-09-18T12:00:00+00:00') ON CONFLICT DO NOTHING;
INSERT INTO skus (id, sku, product_family_id, name, description, price, cost, quantity, min_stock, category_id, category_name, barcode, base_unit, sell_uom, pack_qty, purchase_uom, purchase_pack_qty, variant_label, spec, grade, variant_attrs, organization_id, created_at, updated_at) VALUES ('87cdb1b1-fb2f-49ca-b2d6-404d63f508d6', 'HVF-FILTER16-01', '53bd4ef2-25d0-468c-b45f-5df7cbbc27d3', '16x20x1 MERV 8 Pleated Filter', '', 4.99, 2.2, 60, 5, '84fcd511-e376-48de-a8cc-1a1554cf33c8', 'HVF', '0012345000141', 'each', 'each', 1, 'each', 1, '', '', '', '{"size": "16x20x1", "merv": "8"}', 'supply-yard', '2025-09-18T12:00:00+00:00', '2026-03-16T12:00:00+00:00') ON CONFLICT DO NOTHING;
INSERT INTO skus (id, sku, product_family_id, name, description, price, cost, quantity, min_stock, category_id, category_name, barcode, base_unit, sell_uom, pack_qty, purchase_uom, purchase_pack_qty, variant_label, spec, grade, variant_attrs, organization_id, created_at, updated_at) VALUES ('9d2a2a02-3c0b-460f-a209-9a314b6f7e80', 'HVF-FILTER20-01', '53bd4ef2-25d0-468c-b45f-5df7cbbc27d3', '20x25x1 MERV 11 Pleated Filter', '', 7.99, 3.8, 40, 5, '84fcd511-e376-48de-a8cc-1a1554cf33c8', 'HVF', '0012345000142', 'each', 'each', 1, 'each', 1, '', '', '', '{"size": "20x25x1", "merv": "11"}', 'supply-yard', '2025-09-18T12:00:00+00:00', '2026-03-16T12:00:00+00:00') ON CONFLICT DO NOTHING;
INSERT INTO products (id, name, description, category_id, category_name, sku_count, organization_id, created_at, updated_at) VALUES ('4fd9e93f-8bd1-4045-a494-ae4743703af6', 'Construction Adhesive', '', '4753efba-dd4e-4b40-9c79-78c2090d1649', 'ADH', 2, 'supply-yard', '2025-09-18T12:00:00+00:00', '2025-09-18T12:00:00+00:00') ON CONFLICT DO NOTHING;
INSERT INTO skus (id, sku, product_family_id, name, description, price, cost, quantity, min_stock, category_id, category_name, barcode, base_unit, sell_uom, pack_qty, purchase_uom, purchase_pack_qty, variant_label, spec, grade, variant_attrs, organization_id, created_at, updated_at) VALUES ('1106f62b-d029-4dd1-a380-682f2c5bc9f7', 'ADH-LIQNAIL-01', '4fd9e93f-8bd1-4045-a494-ae4743703af6', 'Liquid Nails Heavy Duty 10oz', '', 5.49, 2.8, 35, 5, '4753efba-dd4e-4b40-9c79-78c2090d1649', 'ADH', '0012345000151', 'tube', 'tube', 1, 'each', 1, '', '', '', '{"volume": "10oz"}', 'supply-yard', '2025-09-18T12:00:00+00:00', '2026-03-16T12:00:00+00:00') ON CONFLICT DO NOTHING;
INSERT INTO skus (id, sku, product_family_id, name, description, price, cost, quantity, min_stock, category_id, category_name, barcode, base_unit, sell_uom, pack_qty, purchase_uom, purchase_pack_qty, variant_label, spec, grade, variant_attrs, organization_id, created_at, updated_at) VALUES ('0a489233-ff0b-478a-b6f5-874a12f2baf4', 'ADH-GORILL-01', '4fd9e93f-8bd1-4045-a494-ae4743703af6', 'Gorilla Construction Adhesive 9oz', '', 6.99, 3.6, 20, 5, '4753efba-dd4e-4b40-9c79-78c2090d1649', 'ADH', '0012345000152', 'tube', 'tube', 1, 'each', 1, '', '', '', '{"volume": "9oz"}', 'supply-yard', '2025-09-18T12:00:00+00:00', '2026-03-16T12:00:00+00:00') ON CONFLICT DO NOTHING;
INSERT INTO products (id, name, description, category_id, category_name, sku_count, organization_id, created_at, updated_at) VALUES ('20c0c853-2abc-47b6-877f-b8d008aa06ee', 'Joint Compound', '', '1776fb03-b333-4ccf-a02d-7a3f6098ba11', 'DRM', 1, 'supply-yard', '2025-09-18T12:00:00+00:00', '2025-09-18T12:00:00+00:00') ON CONFLICT DO NOTHING;
INSERT INTO skus (id, sku, product_family_id, name, description, price, cost, quantity, min_stock, category_id, category_name, barcode, base_unit, sell_uom, pack_qty, purchase_uom, purchase_pack_qty, variant_label, spec, grade, variant_attrs, organization_id, created_at, updated_at) VALUES ('561109f0-aff5-4697-b83a-47203273858d', 'DRM-JNTCMPD-01', '20c0c853-2abc-47b6-877f-b8d008aa06ee', 'USG Plus 3 Joint Compound 4.5gal', '', 18.99, 10.4, 15, 5, '1776fb03-b333-4ccf-a02d-7a3f6098ba11', 'DRM', '0012345000161', 'bucket', 'bucket', 1, 'each', 1, '', '', '', '{"weight": "4.5gal"}', 'supply-yard', '2025-09-18T12:00:00+00:00', '2026-03-16T12:00:00+00:00') ON CONFLICT DO NOTHING;
INSERT INTO products (id, name, description, category_id, category_name, sku_count, organization_id, created_at, updated_at) VALUES ('589e45b1-10e9-4e9a-a97a-32929c740e44', 'Drywall Tape', '', '3652aa63-495a-4f9c-86fd-11c8d8a6c403', 'DRS', 1, 'supply-yard', '2025-09-18T12:00:00+00:00', '2025-09-18T12:00:00+00:00') ON CONFLICT DO NOTHING;
INSERT INTO skus (id, sku, product_family_id, name, description, price, cost, quantity, min_stock, category_id, category_name, barcode, base_unit, sell_uom, pack_qty, purchase_uom, purchase_pack_qty, variant_label, spec, grade, variant_attrs, organization_id, created_at, updated_at) VALUES ('04d47b88-51b5-4b59-bcf5-f1710b43575b', 'DRS-DRYTAPE-01', '589e45b1-10e9-4e9a-a97a-32929c740e44', 'FibaTape Mesh Drywall Tape 300ft', '', 6.99, 3.2, 25, 5, '3652aa63-495a-4f9c-86fd-11c8d8a6c403', 'DRS', '0012345000171', 'roll', 'roll', 1, 'each', 1, '', '', '', '{"length": "300ft"}', 'supply-yard', '2025-09-18T12:00:00+00:00', '2026-03-16T12:00:00+00:00') ON CONFLICT DO NOTHING;
INSERT INTO products (id, name, description, category_id, category_name, sku_count, organization_id, created_at, updated_at) VALUES ('fac38e91-1cea-4e2e-833f-ce4bb276e240', 'Smoke Detectors', '', '83350dfc-87d7-45b3-bfc3-005ebd48940f', 'SAF', 1, 'supply-yard', '2025-09-18T12:00:00+00:00', '2025-09-18T12:00:00+00:00') ON CONFLICT DO NOTHING;
INSERT INTO skus (id, sku, product_family_id, name, description, price, cost, quantity, min_stock, category_id, category_name, barcode, base_unit, sell_uom, pack_qty, purchase_uom, purchase_pack_qty, variant_label, spec, grade, variant_attrs, organization_id, created_at, updated_at) VALUES ('da4457b6-d9f4-4416-9c4d-a6ec64f3165a', 'SAF-KIDDESM-01', 'fac38e91-1cea-4e2e-833f-ce4bb276e240', 'Kidde Hardwired Smoke + CO Detector', '', 42.99, 28.0, 18, 5, '83350dfc-87d7-45b3-bfc3-005ebd48940f', 'SAF', '0012345000181', 'each', 'each', 1, 'each', 1, '', '', '', '{}', 'supply-yard', '2025-09-18T12:00:00+00:00', '2026-03-16T12:00:00+00:00') ON CONFLICT DO NOTHING;
INSERT INTO products (id, name, description, category_id, category_name, sku_count, organization_id, created_at, updated_at) VALUES ('781eee61-a1fe-42b3-adb2-54ee50702f03', 'Roofing Shingles', '', '9c0f385b-e255-42aa-b228-89de1e6c51cc', 'ROF', 1, 'supply-yard', '2025-09-18T12:00:00+00:00', '2025-09-18T12:00:00+00:00') ON CONFLICT DO NOTHING;
INSERT INTO skus (id, sku, product_family_id, name, description, price, cost, quantity, min_stock, category_id, category_name, barcode, base_unit, sell_uom, pack_qty, purchase_uom, purchase_pack_qty, variant_label, spec, grade, variant_attrs, organization_id, created_at, updated_at) VALUES ('799238c1-8a06-4565-8fdb-4eadc4f31707', 'ROF-ARCHTAB-01', '781eee61-a1fe-42b3-adb2-54ee50702f03', 'GAF Timberline Architectural Shingle Bundle', '', 34.99, 22.0, 25, 5, '9c0f385b-e255-42aa-b228-89de1e6c51cc', 'ROF', '0012345000191', 'bundle', 'bundle', 1, 'each', 1, '', '', '', '{"style": "architectural"}', 'supply-yard', '2025-09-18T12:00:00+00:00', '2026-03-16T12:00:00+00:00') ON CONFLICT DO NOTHING;
INSERT INTO products (id, name, description, category_id, category_name, sku_count, organization_id, created_at, updated_at) VALUES ('c2a0b03a-64a7-43b9-94bc-bc0aa249843d', 'Hammers', '', 'd8563bd7-039a-4428-b36f-900a47909cff', 'HTL', 1, 'supply-yard', '2025-09-18T12:00:00+00:00', '2025-09-18T12:00:00+00:00') ON CONFLICT DO NOTHING;
INSERT INTO skus (id, sku, product_family_id, name, description, price, cost, quantity, min_stock, category_id, category_name, barcode, base_unit, sell_uom, pack_qty, purchase_uom, purchase_pack_qty, variant_label, spec, grade, variant_attrs, organization_id, created_at, updated_at) VALUES ('8ca05447-2484-471a-b78d-42a01a72fa1a', 'HTL-FRAMHAM-01', 'c2a0b03a-64a7-43b9-94bc-bc0aa249843d', 'Estwing 22oz Framing Hammer', '', 34.99, 19.0, 10, 5, 'd8563bd7-039a-4428-b36f-900a47909cff', 'HTL', '0012345000201', 'each', 'each', 1, 'each', 1, '', '', '', '{"weight": "22oz"}', 'supply-yard', '2025-09-18T12:00:00+00:00', '2026-03-16T12:00:00+00:00') ON CONFLICT DO NOTHING;
INSERT INTO products (id, name, description, category_id, category_name, sku_count, organization_id, created_at, updated_at) VALUES ('d057d885-52a7-4700-bfb7-6502a8c2abc1', 'Cleanup Supplies', '', '313f1cc6-179e-4d5c-af10-c531d956a489', 'CLN', 1, 'supply-yard', '2025-09-18T12:00:00+00:00', '2025-09-18T12:00:00+00:00') ON CONFLICT DO NOTHING;
INSERT INTO skus (id, sku, product_family_id, name, description, price, cost, quantity, min_stock, category_id, category_name, barcode, base_unit, sell_uom, pack_qty, purchase_uom, purchase_pack_qty, variant_label, spec, grade, variant_attrs, organization_id, created_at, updated_at) VALUES ('289216cb-2c90-40ae-b762-69a374a7aa60', 'CLN-PREPWIPE-01', 'd057d885-52a7-4700-bfb7-6502a8c2abc1', 'Sherwin-Williams Prep & Cleanup Wipes', '', 9.99, 5.2, 30, 5, '313f1cc6-179e-4d5c-af10-c531d956a489', 'CLN', '0012345000211', 'pack', 'pack', 1, 'each', 1, '', '', '', '{}', 'supply-yard', '2025-09-18T12:00:00+00:00', '2026-03-16T12:00:00+00:00') ON CONFLICT DO NOTHING;
INSERT INTO products (id, name, description, category_id, category_name, sku_count, organization_id, created_at, updated_at) VALUES ('ee91c5ce-27e0-41a2-a745-aa53e7554c34', 'Deadbolts', '', 'b3aa34d8-3211-4516-9446-b9c5a12329e9', 'LOK', 2, 'supply-yard', '2025-09-18T12:00:00+00:00', '2025-09-18T12:00:00+00:00') ON CONFLICT DO NOTHING;
INSERT INTO skus (id, sku, product_family_id, name, description, price, cost, quantity, min_stock, category_id, category_name, barcode, base_unit, sell_uom, pack_qty, purchase_uom, purchase_pack_qty, variant_label, spec, grade, variant_attrs, organization_id, created_at, updated_at) VALUES ('61716a2f-3bc2-4bac-b5b2-b6e10d75e99d', 'LOK-KWIKDBL-01', 'ee91c5ce-27e0-41a2-a745-aa53e7554c34', 'Kwikset Deadbolt Satin Nickel', '', 29.99, 16.0, 12, 5, 'b3aa34d8-3211-4516-9446-b9c5a12329e9', 'LOK', '0012345000221', 'each', 'each', 1, 'each', 1, '', '', '', '{"finish": "satin nickel"}', 'supply-yard', '2025-09-18T12:00:00+00:00', '2026-03-16T12:00:00+00:00') ON CONFLICT DO NOTHING;
INSERT INTO skus (id, sku, product_family_id, name, description, price, cost, quantity, min_stock, category_id, category_name, barcode, base_unit, sell_uom, pack_qty, purchase_uom, purchase_pack_qty, variant_label, spec, grade, variant_attrs, organization_id, created_at, updated_at) VALUES ('6f404d02-a49d-4389-ae62-2fad922b53fc', 'LOK-KWIKDBL-02', 'ee91c5ce-27e0-41a2-a745-aa53e7554c34', 'Kwikset Deadbolt Oil-Rubbed Bronze', '', 32.99, 18.0, 8, 5, 'b3aa34d8-3211-4516-9446-b9c5a12329e9', 'LOK', '0012345000222', 'each', 'each', 1, 'each', 1, '', '', '', '{"finish": "oil-rubbed bronze"}', 'supply-yard', '2025-09-18T12:00:00+00:00', '2026-03-16T12:00:00+00:00') ON CONFLICT DO NOTHING;
INSERT INTO products (id, name, description, category_id, category_name, sku_count, organization_id, created_at, updated_at) VALUES ('037c13f6-1a48-4460-85d1-0623fcf1c1ea', 'Fiberglass Insulation', '', '2509a408-d4a9-4400-89cf-f3f672682b84', 'INS', 1, 'supply-yard', '2025-09-18T12:00:00+00:00', '2025-09-18T12:00:00+00:00') ON CONFLICT DO NOTHING;
INSERT INTO skus (id, sku, product_family_id, name, description, price, cost, quantity, min_stock, category_id, category_name, barcode, base_unit, sell_uom, pack_qty, purchase_uom, purchase_pack_qty, variant_label, spec, grade, variant_attrs, organization_id, created_at, updated_at) VALUES ('8f11b463-0036-4ced-80f2-8e675876e1cc', 'INS-OWENR15-01', '037c13f6-1a48-4460-85d1-0623fcf1c1ea', 'Owens Corning R-15 3.5" x 15" x 93" 8-pack', '', 49.99, 28.0, 20, 5, '2509a408-d4a9-4400-89cf-f3f672682b84', 'INS', '0012345000231', 'pack', 'pack', 1, 'each', 1, '', '', '', '{"r_value": "R-15"}', 'supply-yard', '2025-09-18T12:00:00+00:00', '2026-03-16T12:00:00+00:00') ON CONFLICT DO NOTHING;
INSERT INTO products (id, name, description, category_id, category_name, sku_count, organization_id, created_at, updated_at) VALUES ('3909dafc-5401-49e3-9b4d-ad8456266c91', 'LVP Flooring', '', 'a6ed9c65-2c07-4c67-8922-964b3f9ab124', 'FLO', 1, 'supply-yard', '2025-09-18T12:00:00+00:00', '2025-09-18T12:00:00+00:00') ON CONFLICT DO NOTHING;
INSERT INTO skus (id, sku, product_family_id, name, description, price, cost, quantity, min_stock, category_id, category_name, barcode, base_unit, sell_uom, pack_qty, purchase_uom, purchase_pack_qty, variant_label, spec, grade, variant_attrs, organization_id, created_at, updated_at) VALUES ('d9760d12-941d-4e8b-a79f-fe85d933d7db', 'FLO-LVPOAK-01', '3909dafc-5401-49e3-9b4d-ad8456266c91', 'LifeProof Sterling Oak LVP 20.06sqft', '', 42.99, 24.0, 30, 5, 'a6ed9c65-2c07-4c67-8922-964b3f9ab124', 'FLO', '0012345000241', 'box', 'box', 1, 'each', 1, '', '', '', '{"style": "sterling oak", "sqft": "20.06"}', 'supply-yard', '2025-09-18T12:00:00+00:00', '2026-03-16T12:00:00+00:00') ON CONFLICT DO NOTHING;
INSERT INTO vendor_items (id, vendor_id, sku_id, vendor_sku, vendor_name, purchase_uom, purchase_pack_qty, cost, lead_time_days, moq, is_preferred, organization_id, created_at, updated_at) VALUES ('c16db01d-ea9c-4326-a9f2-9dce28402ad8', '9da8de3b-e547-41c5-b35e-19bd384348fd', 'f509e4c3-86ae-4a0a-9dcd-0d4d4c4b5e51', 'PLP-PEXTUBE-01', 'The Home Depot Pro', 'each', 1, 24.5, 5, 1, 1, 'supply-yard', '2025-12-17T12:00:00+00:00', '2025-12-17T12:00:00+00:00') ON CONFLICT (vendor_id, sku_id) DO NOTHING;
INSERT INTO vendor_items (id, vendor_id, sku_id, vendor_sku, vendor_name, purchase_uom, purchase_pack_qty, cost, lead_time_days, moq, is_preferred, organization_id, created_at, updated_at) VALUES ('bec1e69b-f48b-4802-8018-b7589a4a496c', '9da8de3b-e547-41c5-b35e-19bd384348fd', 'eaf99461-7ce1-4ac4-9571-2c0ce132ad3a', 'PLP-PEXTUBE-02', 'The Home Depot Pro', 'each', 1, 24.5, 5, 1, 1, 'supply-yard', '2025-12-17T12:00:00+00:00', '2025-12-17T12:00:00+00:00') ON CONFLICT (vendor_id, sku_id) DO NOTHING;
INSERT INTO vendor_items (id, vendor_id, sku_id, vendor_sku, vendor_name, purchase_uom, purchase_pack_qty, cost, lead_time_days, moq, is_preferred, organization_id, created_at, updated_at) VALUES ('82f0217c-b9fe-4b0e-8c33-e5c2dcb14251', '9da8de3b-e547-41c5-b35e-19bd384348fd', '75b2c67c-3b11-412e-81e5-effbc0fa2833', 'PLP-PEXTUBE-03', 'The Home Depot Pro', 'each', 1, 38.0, 5, 1, 1, 'supply-yard', '2025-12-17T12:00:00+00:00', '2025-12-17T12:00:00+00:00') ON CONFLICT (vendor_id, sku_id) DO NOTHING;
INSERT INTO vendor_items (id, vendor_id, sku_id, vendor_sku, vendor_name, purchase_uom, purchase_pack_qty, cost, lead_time_days, moq, is_preferred, organization_id, created_at, updated_at) VALUES ('002c1814-f4ec-4fbe-85ca-0115fb864f8a', '9da8de3b-e547-41c5-b35e-19bd384348fd', '3d59ce91-308a-4749-bb99-4c8b03d284d8', 'PLF-SHRKBT90-01', 'The Home Depot Pro', 'each', 1, 4.8, 5, 1, 1, 'supply-yard', '2025-12-17T12:00:00+00:00', '2025-12-17T12:00:00+00:00') ON CONFLICT (vendor_id, sku_id) DO NOTHING;
INSERT INTO vendor_items (id, vendor_id, sku_id, vendor_sku, vendor_name, purchase_uom, purchase_pack_qty, cost, lead_time_days, moq, is_preferred, organization_id, created_at, updated_at) VALUES ('162c0e8f-d141-4dda-86c8-7d27d9105166', '9da8de3b-e547-41c5-b35e-19bd384348fd', 'eaba46e1-5256-40c5-b280-6d8b71cba485', 'PLF-SHRKBTT-01', 'The Home Depot Pro', 'each', 1, 5.6, 5, 1, 1, 'supply-yard', '2025-12-17T12:00:00+00:00', '2025-12-17T12:00:00+00:00') ON CONFLICT (vendor_id, sku_id) DO NOTHING;
INSERT INTO vendor_items (id, vendor_id, sku_id, vendor_sku, vendor_name, purchase_uom, purchase_pack_qty, cost, lead_time_days, moq, is_preferred, organization_id, created_at, updated_at) VALUES ('5a3b4db9-830f-4743-91e6-61b9747c4209', '9da8de3b-e547-41c5-b35e-19bd384348fd', '3e75a142-ee21-476e-af7d-1ae21892962e', 'PLF-SHRKBTCP-01', 'The Home Depot Pro', 'each', 1, 3.4, 5, 1, 1, 'supply-yard', '2025-12-17T12:00:00+00:00', '2025-12-17T12:00:00+00:00') ON CONFLICT (vendor_id, sku_id) DO NOTHING;
INSERT INTO vendor_items (id, vendor_id, sku_id, vendor_sku, vendor_name, purchase_uom, purchase_pack_qty, cost, lead_time_days, moq, is_preferred, organization_id, created_at, updated_at) VALUES ('74983513-884e-4e16-8c2f-4631c3155127', '9da8de3b-e547-41c5-b35e-19bd384348fd', '97ad374e-3173-4994-b4ac-1f45ce5fbdf1', 'ELW-ROMEX14-01', 'The Home Depot Pro', 'each', 1, 52.0, 5, 1, 1, 'supply-yard', '2025-12-17T12:00:00+00:00', '2025-12-17T12:00:00+00:00') ON CONFLICT (vendor_id, sku_id) DO NOTHING;
