INSERT INTO users (id, email, password, name, role, company, billing_entity, phone, is_active, organization_id, created_at) VALUES ('db3a2209-7b14-42e3-9c7b-8ab0b774f22b', 'admin@supplyyard.com', '$2b$12$LJ3m4ys3Lg8U0cOqXn6xAOQzf3LYwnBR6FmPXjBZ5VQ9IJ6Lqt3jC', 'Marcus Chen', 'admin', '', '', '', 1, 'supply-yard', '2025-12-17T12:00:00+00:00') ON CONFLICT (email) DO UPDATE SET password = EXCLUDED.password, name = EXCLUDED.name, role = EXCLUDED.role;
INSERT INTO users (id, email, password, name, role, company, billing_entity, phone, is_active, organization_id, created_at) VALUES ('4d5ff6c9-6ac2-4929-bd5f-e4197c10d009', 'mike@rivridge.com', '$2b$12$LJ3m4ys3Lg8U0cOqXn6xAOQzf3LYwnBR6FmPXjBZ5VQ9IJ6Lqt3jC', 'Mike Torres', 'contractor', 'Riva Ridge Property Mgmt', 'Riva Ridge Property Mgmt', '', 1, 'supply-yard', '2025-12-17T12:00:00+00:00') ON CONFLICT (email) DO UPDATE SET password = EXCLUDED.password, name = EXCLUDED.name, role = EXCLUDED.role;
INSERT INTO users (id, email, password, name, role, company, billing_entity, phone, is_active, organization_id, created_at) VALUES ('0565b2d4-2c7d-4b5e-9aa7-a2a05d387224', 'sarah@summitpm.com', '$2b$12$LJ3m4ys3Lg8U0cOqXn6xAOQzf3LYwnBR6FmPXjBZ5VQ9IJ6Lqt3jC', 'Sarah Okafor', 'contractor', 'Summit Property Group', 'Summit Property Group', '', 1, 'supply-yard', '2025-12-17T12:00:00+00:00') ON CONFLICT (email) DO UPDATE SET password = EXCLUDED.password, name = EXCLUDED.name, role = EXCLUDED.role;
INSERT INTO vendors (id, name, contact_name, email, phone, address, organization_id, created_at) VALUES ('80627dc3-b450-4baf-8625-e36e1dc4d5cc', 'Emery Jensen Distribution', 'Pat Emery', 'orders@emeryjensen.com', '555-0101', '2400 Industrial Pkwy, Elkhart IN', 'supply-yard', '2025-09-18T12:00:00+00:00') ON CONFLICT DO NOTHING;
INSERT INTO vendors (id, name, contact_name, email, phone, address, organization_id, created_at) VALUES ('3416f02d-424d-4d69-8557-997907d232f1', 'Sherwin-Williams', 'Alex Rivera', 'pro@sherwin.com', '555-0102', '101 W Prospect Ave, Cleveland OH', 'supply-yard', '2025-09-18T12:00:00+00:00') ON CONFLICT DO NOTHING;
INSERT INTO vendors (id, name, contact_name, email, phone, address, organization_id, created_at) VALUES ('9da8de3b-e547-41c5-b35e-19bd384348fd', 'The Home Depot Pro', 'Jordan Lee', 'pro-desk@homedepot.com', '555-0103', '2455 Paces Ferry Rd, Atlanta GA', 'supply-yard', '2025-09-18T12:00:00+00:00') ON CONFLICT DO NOTHING;
INSERT INTO vendors (id, name, contact_name, email, phone, address, organization_id, created_at) VALUES ('cda183a4-da2c-4877-9de9-1b5a8a660b1a', 'Amazon Business', '', 'business@amazon.com', '', '', 'supply-yard', '2025-09-18T12:00:00+00:00') ON CONFLICT DO NOTHING;
INSERT INTO vendors (id, name, contact_name, email, phone, address, organization_id, created_at) VALUES ('e22e944d-a35d-442f-b76e-8e5502452498', 'Deck Expressions', 'Tom Nguyen', 'tom@deckexpressions.com', '555-0105', '834 Lumber Ln, Portland OR', 'supply-yard', '2025-09-18T12:00:00+00:00') ON CONFLICT DO NOTHING;
INSERT INTO billing_entities (id, name, contact_name, contact_email, billing_address, payment_terms, is_active, organization_id, created_at, updated_at) VALUES ('072f39cd-940f-46a5-8555-7158d5a2be31', 'Riva Ridge Property Mgmt', 'Mike Torres', 'mike@rivridge.com', '1200 Mountain View Dr, Ste 400, Vail CO 81657', 'net_30', 1, 'supply-yard', '2025-11-17T12:00:00+00:00', '2025-11-17T12:00:00+00:00') ON CONFLICT (organization_id, name) DO NOTHING;
INSERT INTO billing_entities (id, name, contact_name, contact_email, billing_address, payment_terms, is_active, organization_id, created_at, updated_at) VALUES ('77cd2847-439e-4597-a686-1c36171e8a26', 'Summit Property Group', 'Sarah Okafor', 'sarah@summitpm.com', '890 Summit Blvd, Ste 12, Aspen CO 81611', 'net_30', 1, 'supply-yard', '2025-11-17T12:00:00+00:00', '2025-11-17T12:00:00+00:00') ON CONFLICT (organization_id, name) DO NOTHING;
INSERT INTO billing_entities (id, name, contact_name, contact_email, billing_address, payment_terms, is_active, organization_id, created_at, updated_at) VALUES ('3766b68c-ffd8-4541-a241-f9f10e1e65e0', 'Coastal Living Rentals', 'Jenna Park', 'jenna@coastalrentals.com', '45 Ocean Ave, Ste 3, Monterey CA 93940', 'net_15', 1, 'supply-yard', '2025-11-17T12:00:00+00:00', '2025-11-17T12:00:00+00:00') ON CONFLICT (organization_id, name) DO NOTHING;
INSERT INTO jobs (id, code, name, billing_entity_id, status, service_address, organization_id, created_at, updated_at) VALUES ('d3d9d535-e4fd-4f74-a74a-10aa55bdf58f', 'RR-2026-001', 'Riva Ridge Unit 4A Kitchen Remodel', '072f39cd-940f-46a5-8555-7158d5a2be31', 'active', '1200 Mountain View Dr, Unit 4A, Vail CO', 'supply-yard', '2026-02-15T12:00:00+00:00', '2026-02-15T12:00:00+00:00') ON CONFLICT (organization_id, code) DO NOTHING;
INSERT INTO jobs (id, code, name, billing_entity_id, status, service_address, organization_id, created_at, updated_at) VALUES ('d5d57f53-b9da-4331-8813-80a9c859b9d9', 'RR-2026-002', 'Riva Ridge Unit 7B Bathroom Renovation', '072f39cd-940f-46a5-8555-7158d5a2be31', 'active', '1200 Mountain View Dr, Unit 7B, Vail CO', 'supply-yard', '2026-02-15T12:00:00+00:00', '2026-02-15T12:00:00+00:00') ON CONFLICT (organization_id, code) DO NOTHING;
INSERT INTO jobs (id, code, name, billing_entity_id, status, service_address, organization_id, created_at, updated_at) VALUES ('574cc0fa-3d83-4cd0-9242-37b95ec07032', 'SP-2026-001', 'Summit Pines Deck Replacement', '77cd2847-439e-4597-a686-1c36171e8a26', 'active', '345 Pine Ridge Rd, Aspen CO', 'supply-yard', '2026-02-15T12:00:00+00:00', '2026-02-15T12:00:00+00:00') ON CONFLICT (organization_id, code) DO NOTHING;
INSERT INTO jobs (id, code, name, billing_entity_id, status, service_address, organization_id, created_at, updated_at) VALUES ('d6cd329b-56ea-490c-b6ba-37fa309a2d5b', 'SP-2026-002', 'Summit Pines Electrical Upgrade', '77cd2847-439e-4597-a686-1c36171e8a26', 'active', '345 Pine Ridge Rd, Aspen CO', 'supply-yard', '2026-02-15T12:00:00+00:00', '2026-02-15T12:00:00+00:00') ON CONFLICT (organization_id, code) DO NOTHING;
INSERT INTO jobs (id, code, name, billing_entity_id, status, service_address, organization_id, created_at, updated_at) VALUES ('498e1a0e-9fe9-4807-9d4d-5b7409809f67', 'CL-2026-001', 'Coastal Exterior Repaint', '3766b68c-ffd8-4541-a241-f9f10e1e65e0', 'active', '45 Ocean Ave, Monterey CA', 'supply-yard', '2026-02-15T12:00:00+00:00', '2026-02-15T12:00:00+00:00') ON CONFLICT (organization_id, code) DO NOTHING;
INSERT INTO addresses (id, label, line1, line2, city, state, postal_code, country, billing_entity_id, job_id, organization_id, created_at) VALUES ('bf1d3d67-683e-4711-b36d-b7b83cae9cc3', 'Riva Ridge Office', '1200 Mountain View Dr', 'Ste 400', 'Vail', 'CO', '81657', 'US', '072f39cd-940f-46a5-8555-7158d5a2be31', NULL, 'supply-yard', '2025-11-17T12:00:00+00:00') ON CONFLICT DO NOTHING;
INSERT INTO addresses (id, label, line1, line2, city, state, postal_code, country, billing_entity_id, job_id, organization_id, created_at) VALUES ('6ed79465-9c28-43c0-b5ba-52e90d76557e', 'Summit Property Office', '890 Summit Blvd', 'Ste 12', 'Aspen', 'CO', '81611', 'US', '77cd2847-439e-4597-a686-1c36171e8a26', NULL, 'supply-yard', '2025-11-17T12:00:00+00:00') ON CONFLICT DO NOTHING;
INSERT INTO addresses (id, label, line1, line2, city, state, postal_code, country, billing_entity_id, job_id, organization_id, created_at) VALUES ('436e3b3a-eb81-4ee4-8735-df505a690899', 'Coastal Rentals', '45 Ocean Ave', 'Ste 3', 'Monterey', 'CA', '93940', 'US', '3766b68c-ffd8-4541-a241-f9f10e1e65e0', NULL, 'supply-yard', '2025-11-17T12:00:00+00:00') ON CONFLICT DO NOTHING;
INSERT INTO addresses (id, label, line1, line2, city, state, postal_code, country, billing_entity_id, job_id, organization_id, created_at) VALUES ('4d08378b-47e1-4837-a358-094ed5f51621', 'Kitchen Remodel Site', '1200 Mountain View Dr', 'Unit 4A', 'Vail', 'CO', '81657', 'US', NULL, 'd3d9d535-e4fd-4f74-a74a-10aa55bdf58f', 'supply-yard', '2025-11-17T12:00:00+00:00') ON CONFLICT DO NOTHING;
INSERT INTO addresses (id, label, line1, line2, city, state, postal_code, country, billing_entity_id, job_id, organization_id, created_at) VALUES ('d8376ad8-0c75-4e67-9de5-93a8e8072301', 'Deck Replacement Site', '345 Pine Ridge Rd', '', 'Aspen', 'CO', '81611', 'US', NULL, '574cc0fa-3d83-4cd0-9242-37b95ec07032', 'supply-yard', '2025-11-17T12:00:00+00:00') ON CONFLICT DO NOTHING;
INSERT INTO products (id, name, description, category_id, category_name, sku_count, organization_id, created_at, updated_at) VALUES ('fc7cf436-1b5d-464d-8986-6678bf66498b', 'PEX Tubing', '', '7d93097e-1cd1-4a51-b022-c2a4531aaca2', 'PLP', 3, 'supply-yard', '2025-09-18T12:00:00+00:00', '2025-09-18T12:00:00+00:00') ON CONFLICT DO NOTHING;
INSERT INTO skus (id, sku, product_family_id, name, description, price, cost, quantity, min_stock, category_id, category_name, barcode, base_unit, sell_uom, pack_qty, purchase_uom, purchase_pack_qty, variant_label, spec, grade, variant_attrs, organization_id, created_at, updated_at) VALUES ('f509e4c3-86ae-4a0a-9dcd-0d4d4c4b5e51', 'PLP-PEXTUBE-01', 'fc7cf436-1b5d-464d-8986-6678bf66498b', 'PEX-A Tubing 1/2" x 100ft Red', '', 42.99, 24.5, 15, 5, '7d93097e-1cd1-4a51-b022-c2a4531aaca2', 'PLP', '0012345000011', 'foot', '100ft_coil', 1, 'each', 1, '', '', '', '{"diameter": "1/2\"", "color": "red", "length": "100ft"}', 'supply-yard', '2025-09-18T12:00:00+00:00', '2026-03-16T12:00:00+00:00') ON CONFLICT DO NOTHING;
INSERT INTO skus (id, sku, product_family_id, name, description, price, cost, quantity, min_stock, category_id, category_name, barcode, base_unit, sell_uom, pack_qty, purchase_uom, purchase_pack_qty, variant_label, spec, grade, variant_attrs, organization_id, created_at, updated_at) VALUES ('eaf99461-7ce1-4ac4-9571-2c0ce132ad3a', 'PLP-PEXTUBE-02', 'fc7cf436-1b5d-464d-8986-6678bf66498b', 'PEX-A Tubing 1/2" x 100ft Blue', '', 42.99, 24.5, 12, 5, '7d93097e-1cd1-4a51-b022-c2a4531aaca2', 'PLP', '0012345000012', 'foot', '100ft_coil', 1, 'each', 1, '', '', '', '{"diameter": "1/2\"", "color": "blue", "length": "100ft"}', 'supply-yard', '2025-09-18T12:00:00+00:00', '2026-03-16T12:00:00+00:00') ON CONFLICT DO NOTHING;
INSERT INTO skus (id, sku, product_family_id, name, description, price, cost, quantity, min_stock, category_id, category_name, barcode, base_unit, sell_uom, pack_qty, purchase_uom, purchase_pack_qty, variant_label, spec, grade, variant_attrs, organization_id, created_at, updated_at) VALUES ('75b2c67c-3b11-412e-81e5-effbc0fa2833', 'PLP-PEXTUBE-03', 'fc7cf436-1b5d-464d-8986-6678bf66498b', 'PEX-A Tubing 3/4" x 100ft Red', '', 64.99, 38.0, 8, 5, '7d93097e-1cd1-4a51-b022-c2a4531aaca2', 'PLP', '0012345000013', 'foot', '100ft_coil', 1, 'each', 1, '', '', '', '{"diameter": "3/4\"", "color": "red", "length": "100ft"}', 'supply-yard', '2025-09-18T12:00:00+00:00', '2026-03-16T12:00:00+00:00') ON CONFLICT DO NOTHING;
INSERT INTO products (id, name, description, category_id, category_name, sku_count, organization_id, created_at, updated_at) VALUES ('d48a08dd-501a-4ddc-a002-1d9220cd4557', 'SharkBite Push Fittings', '', 'da3d7b59-a6d1-426c-b746-19f90860bfe2', 'PLF', 3, 'supply-yard', '2025-09-18T12:00:00+00:00', '2025-09-18T12:00:00+00:00') ON CONFLICT DO NOTHING;
INSERT INTO skus (id, sku, product_family_id, name, description, price, cost, quantity, min_stock, category_id, category_name, barcode, base_unit, sell_uom, pack_qty, purchase_uom, purchase_pack_qty, variant_label, spec, grade, variant_attrs, organization_id, created_at, updated_at) VALUES ('3d59ce91-308a-4749-bb99-4c8b03d284d8', 'PLF-SHRKBT90-01', 'd48a08dd-501a-4ddc-a002-1d9220cd4557', 'SharkBite 1/2" 90-Degree Elbow', '', 8.49, 4.8, 45, 5, 'da3d7b59-a6d1-426c-b746-19f90860bfe2', 'PLF', '0012345000021', 'each', 'each', 1, 'each', 1, '', '', '', '{"size": "1/2\"", "type": "90-elbow"}', 'supply-yard', '2025-09-18T12:00:00+00:00', '2026-03-16T12:00:00+00:00') ON CONFLICT DO NOTHING;
INSERT INTO skus (id, sku, product_family_id, name, description, price, cost, quantity, min_stock, category_id, category_name, barcode, base_unit, sell_uom, pack_qty, purchase_uom, purchase_pack_qty, variant_label, spec, grade, variant_attrs, organization_id, created_at, updated_at) VALUES ('eaba46e1-5256-40c5-b280-6d8b71cba485', 'PLF-SHRKBTT-01', 'd48a08dd-501a-4ddc-a002-1d9220cd4557', 'SharkBite 1/2" Tee', '', 9.99, 5.6, 38, 5, 'da3d7b59-a6d1-426c-b746-19f90860bfe2', 'PLF', '0012345000022', 'each', 'each', 1, 'each', 1, '', '', '', '{"size": "1/2\"", "type": "tee"}', 'supply-yard', '2025-09-18T12:00:00+00:00', '2026-03-16T12:00:00+00:00') ON CONFLICT DO NOTHING;
INSERT INTO skus (id, sku, product_family_id, name, description, price, cost, quantity, min_stock, category_id, category_name, barcode, base_unit, sell_uom, pack_qty, purchase_uom, purchase_pack_qty, variant_label, spec, grade, variant_attrs, organization_id, created_at, updated_at) VALUES ('3e75a142-ee21-476e-af7d-1ae21892962e', 'PLF-SHRKBTCP-01', 'd48a08dd-501a-4ddc-a002-1d9220cd4557', 'SharkBite 1/2" Coupling', '', 5.99, 3.4, 60, 5, 'da3d7b59-a6d1-426c-b746-19f90860bfe2', 'PLF', '0012345000023', 'each', 'each', 1, 'each', 1, '', '', '', '{"size": "1/2\"", "type": "coupling"}', 'supply-yard', '2025-09-18T12:00:00+00:00', '2026-03-16T12:00:00+00:00') ON CONFLICT DO NOTHING;
INSERT INTO products (id, name, description, category_id, category_name, sku_count, organization_id, created_at, updated_at) VALUES ('4103b839-94f3-487c-a658-613d1060b060', 'Romex NM-B Wire', '', '4b865b9e-7f54-4c76-8b09-0a8c7f312e0d', 'ELW', 2, 'supply-yard', '2025-09-18T12:00:00+00:00', '2025-09-18T12:00:00+00:00') ON CONFLICT DO NOTHING;
INSERT INTO skus (id, sku, product_family_id, name, description, price, cost, quantity, min_stock, category_id, category_name, barcode, base_unit, sell_uom, pack_qty, purchase_uom, purchase_pack_qty, variant_label, spec, grade, variant_attrs, organization_id, created_at, updated_at) VALUES ('97ad374e-3173-4994-b4ac-1f45ce5fbdf1', 'ELW-ROMEX14-01', '4103b839-94f3-487c-a658-613d1060b060', 'Romex 14/2 NM-B 250ft', '', 89.99, 52.0, 6, 5, '4b865b9e-7f54-4c76-8b09-0a8c7f312e0d', 'ELW', '0012345000031', 'foot', '250ft_spool', 1, 'each', 1, '', '', '', '{"gauge": "14/2", "length": "250ft"}', 'supply-yard', '2025-09-18T12:00:00+00:00', '2026-03-16T12:00:00+00:00') ON CONFLICT DO NOTHING;
INSERT INTO skus (id, sku, product_family_id, name, description, price, cost, quantity, min_stock, category_id, category_name, barcode, base_unit, sell_uom, pack_qty, purchase_uom, purchase_pack_qty, variant_label, spec, grade, variant_attrs, organization_id, created_at, updated_at) VALUES ('346fdc27-3bf0-4af2-924e-7091a39b49f0', 'ELW-ROMEX12-01', '4103b839-94f3-487c-a658-613d1060b060', 'Romex 12/2 NM-B 250ft', '', 119.99, 72.0, 4, 5, '4b865b9e-7f54-4c76-8b09-0a8c7f312e0d', 'ELW', '0012345000032', 'foot', '250ft_spool', 1, 'each', 1, '', '', '', '{"gauge": "12/2", "length": "250ft"}', 'supply-yard', '2025-09-18T12:00:00+00:00', '2026-03-16T12:00:00+00:00') ON CONFLICT DO NOTHING;
INSERT INTO products (id, name, description, category_id, category_name, sku_count, organization_id, created_at, updated_at) VALUES ('ca96e294-0215-4fa3-8f43-80372e0c0ec9', 'Leviton Decora Switch', '', '8d82ffd1-6f45-4ad9-a7c4-c80259bf95c7', 'ELE', 2, 'supply-yard', '2025-09-18T12:00:00+00:00', '2025-09-18T12:00:00+00:00') ON CONFLICT DO NOTHING;
INSERT INTO skus (id, sku, product_family_id, name, description, price, cost, quantity, min_stock, category_id, category_name, barcode, base_unit, sell_uom, pack_qty, purchase_uom, purchase_pack_qty, variant_label, spec, grade, variant_attrs, organization_id, created_at, updated_at) VALUES ('2e058e41-1d23-4362-8cfa-203f6dd74d1d', 'ELE-DECORASW-01', 'ca96e294-0215-4fa3-8f43-80372e0c0ec9', 'Leviton Decora 15A Switch White', '', 3.29, 1.6, 80, 5, '8d82ffd1-6f45-4ad9-a7c4-c80259bf95c7', 'ELE', '0012345000041', 'each', 'each', 1, 'each', 1, '', '', '', '{"amperage": "15A", "color": "white"}', 'supply-yard', '2025-09-18T12:00:00+00:00', '2026-03-16T12:00:00+00:00') ON CONFLICT DO NOTHING;
INSERT INTO skus (id, sku, product_family_id, name, description, price, cost, quantity, min_stock, category_id, category_name, barcode, base_unit, sell_uom, pack_qty, purchase_uom, purchase_pack_qty, variant_label, spec, grade, variant_attrs, organization_id, created_at, updated_at) VALUES ('b878533e-062c-4c6e-ace8-4c561a3d0821', 'ELE-DECORASW-02', 'ca96e294-0215-4fa3-8f43-80372e0c0ec9', 'Leviton Decora 15A Switch Ivory', '', 3.29, 1.6, 40, 5, '8d82ffd1-6f45-4ad9-a7c4-c80259bf95c7', 'ELE', '0012345000042', 'each', 'each', 1, 'each', 1, '', '', '', '{"amperage": "15A", "color": "ivory"}', 'supply-yard', '2025-09-18T12:00:00+00:00', '2026-03-16T12:00:00+00:00') ON CONFLICT DO NOTHING;
INSERT INTO products (id, name, description, category_id, category_name, sku_count, organization_id, created_at, updated_at) VALUES ('3babcc8a-7765-42d0-a002-f71a951645a3', 'Leviton GFCI Outlet', '', '8d82ffd1-6f45-4ad9-a7c4-c80259bf95c7', 'ELE', 1, 'supply-yard', '2025-09-18T12:00:00+00:00', '2025-09-18T12:00:00+00:00') ON CONFLICT DO NOTHING;
INSERT INTO skus (id, sku, product_family_id, name, description, price, cost, quantity, min_stock, category_id, category_name, barcode, base_unit, sell_uom, pack_qty, purchase_uom, purchase_pack_qty, variant_label, spec, grade, variant_attrs, organization_id, created_at, updated_at) VALUES ('9e43da00-6093-4bc3-87e2-dc0007d95a73', 'ELE-GFCI15-01', '3babcc8a-7765-42d0-a002-f71a951645a3', 'Leviton GFCI 15A Outlet White', '', 18.99, 10.5, 25, 5, '8d82ffd1-6f45-4ad9-a7c4-c80259bf95c7', 'ELE', '0012345000051', 'each', 'each', 1, 'each', 1, '', '', '', '{"amperage": "15A", "color": "white"}', 'supply-yard', '2025-09-18T12:00:00+00:00', '2026-03-16T12:00:00+00:00') ON CONFLICT DO NOTHING;
INSERT INTO products (id, name, description, category_id, category_name, sku_count, organization_id, created_at, updated_at) VALUES ('08299fd4-8a2f-4c2e-85e7-b9f4d086fe69', 'Sherwin-Williams SuperPaint', '', '8379dc92-110b-42bb-b36f-ac1345b24fa3', 'PNT', 3, 'supply-yard', '2025-09-18T12:00:00+00:00', '2025-09-18T12:00:00+00:00') ON CONFLICT DO NOTHING;
INSERT INTO skus (id, sku, product_family_id, name, description, price, cost, quantity, min_stock, category_id, category_name, barcode, base_unit, sell_uom, pack_qty, purchase_uom, purchase_pack_qty, variant_label, spec, grade, variant_attrs, organization_id, created_at, updated_at) VALUES ('d7174e83-8a60-4243-bfe5-4c0047e101ab', 'PNT-SWSUPER-01', '08299fd4-8a2f-4c2e-85e7-b9f4d086fe69', 'SW SuperPaint Interior Flat - Gallon', '', 52.99, 32.0, 20, 5, '8379dc92-110b-42bb-b36f-ac1345b24fa3', 'PNT', '0012345000061', 'gallon', 'gallon', 1, 'each', 1, '', '', '', '{"finish": "flat", "type": "interior"}', 'supply-yard', '2025-09-18T12:00:00+00:00', '2026-03-16T12:00:00+00:00') ON CONFLICT DO NOTHING;
INSERT INTO skus (id, sku, product_family_id, name, description, price, cost, quantity, min_stock, category_id, category_name, barcode, base_unit, sell_uom, pack_qty, purchase_uom, purchase_pack_qty, variant_label, spec, grade, variant_attrs, organization_id, created_at, updated_at) VALUES ('39d6d056-c36b-4e77-853d-4f0686a6d317', 'PNT-SWSUPER-02', '08299fd4-8a2f-4c2e-85e7-b9f4d086fe69', 'SW SuperPaint Interior Satin - Gallon', '', 56.99, 34.0, 18, 5, '8379dc92-110b-42bb-b36f-ac1345b24fa3', 'PNT', '0012345000062', 'gallon', 'gallon', 1, 'each', 1, '', '', '', '{"finish": "satin", "type": "interior"}', 'supply-yard', '2025-09-18T12:00:00+00:00', '2026-03-16T12:00:00+00:00') ON CONFLICT DO NOTHING;
INSERT INTO skus (id, sku, product_family_id, name, description, price, cost, quantity, min_stock, category_id, category_name, barcode, base_unit, sell_uom, pack_qty, purchase_uom, purchase_pack_qty, variant_label, spec, grade, variant_attrs, organization_id, created_at, updated_at) VALUES ('ecd23bc8-eb47-4209-a297-fff4ca80b6ac', 'PNT-SWSUPER-03', '08299fd4-8a2f-4c2e-85e7-b9f4d086fe69', 'SW SuperPaint Exterior Flat - Gallon', '', 58.99, 36.0, 12, 5, '8379dc92-110b-42bb-b36f-ac1345b24fa3', 'PNT', '0012345000063', 'gallon', 'gallon', 1, 'each', 1, '', '', '', '{"finish": "flat", "type": "exterior"}', 'supply-yard', '2025-09-18T12:00:00+00:00', '2026-03-16T12:00:00+00:00') ON CONFLICT DO NOTHING;
INSERT INTO products (id, name, description, category_id, category_name, sku_count, organization_id, created_at, updated_at) VALUES ('0d74010d-0d1e-4990-ac42-4f155025bc17', 'Paint Rollers', '', '5d16f148-b737-4bef-be70-3cad52dc7257', 'PNS', 2, 'supply-yard', '2025-09-18T12:00:00+00:00', '2025-09-18T12:00:00+00:00') ON CONFLICT DO NOTHING;
INSERT INTO skus (id, sku, product_family_id, name, description, price, cost, quantity, min_stock, category_id, category_name, barcode, base_unit, sell_uom, pack_qty, purchase_uom, purchase_pack_qty, variant_label, spec, grade, variant_attrs, organization_id, created_at, updated_at) VALUES ('1e0588fa-7c95-4f29-9514-e8dd6eca0f34', 'PNS-ROLLER9-01', '0d74010d-0d1e-4990-ac42-4f155025bc17', 'Purdy White Dove 9" Roller Cover 3/8" Nap', '', 8.99, 4.2, 30, 5, '5d16f148-b737-4bef-be70-3cad52dc7257', 'PNS', '0012345000071', 'each', 'each', 1, 'each', 1, '', '', '', '{"size": "9\"", "nap": "3/8\""}', 'supply-yard', '2025-09-18T12:00:00+00:00', '2026-03-16T12:00:00+00:00') ON CONFLICT DO NOTHING;
INSERT INTO skus (id, sku, product_family_id, name, description, price, cost, quantity, min_stock, category_id, category_name, barcode, base_unit, sell_uom, pack_qty, purchase_uom, purchase_pack_qty, variant_label, spec, grade, variant_attrs, organization_id, created_at, updated_at) VALUES ('3fe0349e-a40d-4095-8a33-4e3f5210e8ec', 'PNS-ROLLER9-02', '0d74010d-0d1e-4990-ac42-4f155025bc17', 'Purdy White Dove 9" Roller Cover 1/2" Nap', '', 9.49, 4.5, 25, 5, '5d16f148-b737-4bef-be70-3cad52dc7257', 'PNS', '0012345000072', 'each', 'each', 1, 'each', 1, '', '', '', '{"size": "9\"", "nap": "1/2\""}', 'supply-yard', '2025-09-18T12:00:00+00:00', '2026-03-16T12:00:00+00:00') ON CONFLICT DO NOTHING;
INSERT INTO products (id, name, description, category_id, category_name, sku_count, organization_id, created_at, updated_at) VALUES ('3cadb01f-f810-4aa0-9dc4-16b039df667d', 'Drywall Sheet', '', '2630c934-d778-466b-af53-6d7e71680192', 'BLD', 2, 'supply-yard', '2025-09-18T12:00:00+00:00', '2025-09-18T12:00:00+00:00') ON CONFLICT DO NOTHING;
INSERT INTO skus (id, sku, product_family_id, name, description, price, cost, quantity, min_stock, category_id, category_name, barcode, base_unit, sell_uom, pack_qty, purchase_uom, purchase_pack_qty, variant_label, spec, grade, variant_attrs, organization_id, created_at, updated_at) VALUES ('77b57bd9-5f31-4658-91c1-293dc8c5aa09', 'BLD-DRYWALL-01', '3cadb01f-f810-4aa0-9dc4-16b039df667d', '1/2" x 4x8 Drywall Sheet', '', 14.99, 8.2, 40, 5, '2630c934-d778-466b-af53-6d7e71680192', 'BLD', '0012345000081', 'sheet', 'sheet', 1, 'each', 1, '', '', '', '{"thickness": "1/2\"", "size": "4x8"}', 'supply-yard', '2025-09-18T12:00:00+00:00', '2026-03-16T12:00:00+00:00') ON CONFLICT DO NOTHING;
INSERT INTO skus (id, sku, product_family_id, name, description, price, cost, quantity, min_stock, category_id, category_name, barcode, base_unit, sell_uom, pack_qty, purchase_uom, purchase_pack_qty, variant_label, spec, grade, variant_attrs, organization_id, created_at, updated_at) VALUES ('50fd7bd8-9348-4ac8-9e8d-28e31387add1', 'BLD-DRYWALL-02', '3cadb01f-f810-4aa0-9dc4-16b039df667d', '5/8" x 4x8 Drywall Sheet', '', 17.49, 9.8, 25, 5, '2630c934-d778-466b-af53-6d7e71680192', 'BLD', '0012345000082', 'sheet', 'sheet', 1, 'each', 1, '', '', '', '{"thickness": "5/8\"", "size": "4x8"}', 'supply-yard', '2025-09-18T12:00:00+00:00', '2026-03-16T12:00:00+00:00') ON CONFLICT DO NOTHING;
INSERT INTO products (id, name, description, category_id, category_name, sku_count, organization_id, created_at, updated_at) VALUES ('d2eae233-8cca-4b16-aa87-a52a483b7647', 'Concrete Mix', '', '8a9ce70d-4245-466f-9063-f7196a68b3ec', 'CON', 2, 'supply-yard', '2025-09-18T12:00:00+00:00', '2025-09-18T12:00:00+00:00') ON CONFLICT DO NOTHING;
INSERT INTO skus (id, sku, product_family_id, name, description, price, cost, quantity, min_stock, category_id, category_name, barcode, base_unit, sell_uom, pack_qty, purchase_uom, purchase_pack_qty, variant_label, spec, grade, variant_attrs, organization_id, created_at, updated_at) VALUES ('755a6c4b-5cd1-4af7-bcbe-836dfe26b67c', 'CON-QUIKSET-01', 'd2eae233-8cca-4b16-aa87-a52a483b7647', 'Quikrete Fast-Setting Concrete 50lb', '', 7.49, 4.1, 35, 5, '8a9ce70d-4245-466f-9063-f7196a68b3ec', 'CON', '0012345000091', 'bag', 'bag', 1, 'each', 1, '', '', '', '{"weight": "50lb"}', 'supply-yard', '2025-09-18T12:00:00+00:00', '2026-03-16T12:00:00+00:00') ON CONFLICT DO NOTHING;
INSERT INTO skus (id, sku, product_family_id, name, description, price, cost, quantity, min_stock, category_id, category_name, barcode, base_unit, sell_uom, pack_qty, purchase_uom, purchase_pack_qty, variant_label, spec, grade, variant_attrs, organization_id, created_at, updated_at) VALUES ('ef819876-5cb3-45a4-be6e-a9400156e311', 'CON-QUIKSET-02', 'd2eae233-8cca-4b16-aa87-a52a483b7647', 'Quikrete Fast-Setting Concrete 80lb', '', 9.99, 5.6, 20, 5, '8a9ce70d-4245-466f-9063-f7196a68b3ec', 'CON', '0012345000092', 'bag', 'bag', 1, 'each', 1, '', '', '', '{"weight": "80lb"}', 'supply-yard', '2025-09-18T12:00:00+00:00', '2026-03-16T12:00:00+00:00') ON CONFLICT DO NOTHING;
INSERT INTO products (id, name, description, category_id, category_name, sku_count, organization_id, created_at, updated_at) VALUES ('faaf2d7b-c452-4c6f-a35a-cd43a3b91955', 'Dimensional Lumber', '', 'd7c9d231-8196-4c7c-90ea-3920c24f7b04', 'LUM', 3, 'supply-yard', '2025-09-18T12:00:00+00:00', '2025-09-18T12:00:00+00:00') ON CONFLICT DO NOTHING;
INSERT INTO skus (id, sku, product_family_id, name, description, price, cost, quantity, min_stock, category_id, category_name, barcode, base_unit, sell_uom, pack_qty, purchase_uom, purchase_pack_qty, variant_label, spec, grade, variant_attrs, organization_id, created_at, updated_at) VALUES ('021d2901-91f5-436f-bdcb-466d8e4325d4', 'LUM-STUDS2X4-01', 'faaf2d7b-c452-4c6f-a35a-cd43a3b91955', '2x4x8 SPF Stud', '', 4.29, 2.4, 120, 5, 'd7c9d231-8196-4c7c-90ea-3920c24f7b04', 'LUM', '0012345000101', 'each', 'each', 1, 'each', 1, '', '', '', '{"size": "2x4", "length": "8ft"}', 'supply-yard', '2025-09-18T12:00:00+00:00', '2026-03-16T12:00:00+00:00') ON CONFLICT DO NOTHING;
INSERT INTO skus (id, sku, product_family_id, name, description, price, cost, quantity, min_stock, category_id, category_name, barcode, base_unit, sell_uom, pack_qty, purchase_uom, purchase_pack_qty, variant_label, spec, grade, variant_attrs, organization_id, created_at, updated_at) VALUES ('8857eb9d-8644-44f0-b1b1-a2f8be8122c7', 'LUM-STUDS2X4-02', 'faaf2d7b-c452-4c6f-a35a-cd43a3b91955', '2x4x10 SPF Stud', '', 5.99, 3.4, 60, 5, 'd7c9d231-8196-4c7c-90ea-3920c24f7b04', 'LUM', '0012345000102', 'each', 'each', 1, 'each', 1, '', '', '', '{"size": "2x4", "length": "10ft"}', 'supply-yard', '2025-09-18T12:00:00+00:00', '2026-03-16T12:00:00+00:00') ON CONFLICT DO NOTHING;
INSERT INTO skus (id, sku, product_family_id, name, description, price, cost, quantity, min_stock, category_id, category_name, barcode, base_unit, sell_uom, pack_qty, purchase_uom, purchase_pack_qty, variant_label, spec, grade, variant_attrs, organization_id, created_at, updated_at) VALUES ('8fa78caf-7e72-420e-976b-ec12b14132d4', 'LUM-STUDS2X6-01', 'faaf2d7b-c452-4c6f-a35a-cd43a3b91955', '2x6x8 SPF', '', 6.99, 4.0, 50, 5, 'd7c9d231-8196-4c7c-90ea-3920c24f7b04', 'LUM', '0012345000103', 'each', 'each', 1, 'each', 1, '', '', '', '{"size": "2x6", "length": "8ft"}', 'supply-yard', '2025-09-18T12:00:00+00:00', '2026-03-16T12:00:00+00:00') ON CONFLICT DO NOTHING;
INSERT INTO products (id, name, description, category_id, category_name, sku_count, organization_id, created_at, updated_at) VALUES ('44b9fddb-acc1-450d-aba1-69fd92cd699d', 'Pressure Treated Deck Boards', '', 'd7c9d231-8196-4c7c-90ea-3920c24f7b04', 'LUM', 2, 'supply-yard', '2025-09-18T12:00:00+00:00', '2025-09-18T12:00:00+00:00') ON CONFLICT DO NOTHING;
INSERT INTO skus (id, sku, product_family_id, name, description, price, cost, quantity, min_stock, category_id, category_name, barcode, base_unit, sell_uom, pack_qty, purchase_uom, purchase_pack_qty, variant_label, spec, grade, variant_attrs, organization_id, created_at, updated_at) VALUES ('25e18161-d12e-46f7-862c-9d52a09b30f1', 'LUM-PTDECK-01', '44b9fddb-acc1-450d-aba1-69fd92cd699d', '5/4x6x12 PT Deck Board', '', 14.99, 8.8, 80, 5, 'd7c9d231-8196-4c7c-90ea-3920c24f7b04', 'LUM', '0012345000111', 'each', 'each', 1, 'each', 1, '', '', '', '{"size": "5/4x6", "length": "12ft"}', 'supply-yard', '2025-09-18T12:00:00+00:00', '2026-03-16T12:00:00+00:00') ON CONFLICT DO NOTHING;
INSERT INTO skus (id, sku, product_family_id, name, description, price, cost, quantity, min_stock, category_id, category_name, barcode, base_unit, sell_uom, pack_qty, purchase_uom, purchase_pack_qty, variant_label, spec, grade, variant_attrs, organization_id, created_at, updated_at) VALUES ('dcd16a65-d759-4885-a31b-a39548631179', 'LUM-PTDECK-02', '44b9fddb-acc1-450d-aba1-69fd92cd699d', '5/4x6x16 PT Deck Board', '', 19.99, 11.6, 40, 5, 'd7c9d231-8196-4c7c-90ea-3920c24f7b04', 'LUM', '0012345000112', 'each', 'each', 1, 'each', 1, '', '', '', '{"size": "5/4x6", "length": "16ft"}', 'supply-yard', '2025-09-18T12:00:00+00:00', '2026-03-16T12:00:00+00:00') ON CONFLICT DO NOTHING;
INSERT INTO products (id, name, description, category_id, category_name, sku_count, organization_id, created_at, updated_at) VALUES ('a2e2638d-33e8-4dda-a6ef-dd01d529fa61', 'Deck Screws', '', '7aa1e663-b73a-4b6d-9d25-d4d9b9c6e707', 'FAS', 2, 'supply-yard', '2025-09-18T12:00:00+00:00', '2025-09-18T12:00:00+00:00') ON CONFLICT DO NOTHING;
INSERT INTO skus (id, sku, product_family_id, name, description, price, cost, quantity, min_stock, category_id, category_name, barcode, base_unit, sell_uom, pack_qty, purchase_uom, purchase_pack_qty, variant_label, spec, grade, variant_attrs, organization_id, created_at, updated_at) VALUES ('df11d827-c5cf-487d-8bc2-ff34a4cf1af0', 'FAS-DECKSCR-01', 'a2e2638d-33e8-4dda-a6ef-dd01d529fa61', 'GRK #8 x 2-1/2" Deck Screw 100pk', '', 14.99, 7.8, 50, 5, '7aa1e663-b73a-4b6d-9d25-d4d9b9c6e707', 'FAS', '0012345000121', 'box', 'box', 1, 'each', 1, '', '', '', '{"size": "#8 x 2-1/2\"", "count": "100"}', 'supply-yard', '2025-09-18T12:00:00+00:00', '2026-03-16T12:00:00+00:00') ON CONFLICT DO NOTHING;
INSERT INTO skus (id, sku, product_family_id, name, description, price, cost, quantity, min_stock, category_id, category_name, barcode, base_unit, sell_uom, pack_qty, purchase_uom, purchase_pack_qty, variant_label, spec, grade, variant_attrs, organization_id, created_at, updated_at) VALUES ('7088ba8e-3b18-44b0-b8ae-9a7ce1ac251d', 'FAS-DECKSCR-02', 'a2e2638d-33e8-4dda-a6ef-dd01d529fa61', 'GRK #8 x 3" Deck Screw 100pk', '', 16.49, 8.6, 35, 5, '7aa1e663-b73a-4b6d-9d25-d4d9b9c6e707', 'FAS', '0012345000122', 'box', 'box', 1, 'each', 1, '', '', '', '{"size": "#8 x 3\"", "count": "100"}', 'supply-yard', '2025-09-18T12:00:00+00:00', '2026-03-16T12:00:00+00:00') ON CONFLICT DO NOTHING;
